year,month,sido,cumulative_count,monthly_increment
2020,1,경기,8162.25,231.25
2020,2,경기,8393.5,231.25
2020,3,경기,8624.75,231.25
2020,4,경기,8856.0,231.25
2020,5,경기,9087.25,231.25
2020,6,경기,9318.5,231.25
2020,7,경기,9549.75,231.25
2020,8,경기,9781.0,231.25
2020,9,경기,10012.25,231.25
2020,10,경기,10243.5,231.25
2020,11,경기,10474.75,231.25
2020,12,경기,10706.0,231.25
2021,1,경기,11276.583333333334,570.5833333333339
2021,2,경기,11847.166666666666,570.5833333333321
2021,3,경기,12417.75,570.5833333333339
2021,4,경기,12988.333333333334,570.5833333333339
2021,5,경기,13558.916666666668,570.5833333333339
2021,6,경기,14129.5,570.5833333333321
2021,7,경기,14700.083333333334,570.5833333333339
2021,8,경기,15270.666666666668,570.5833333333339
2021,9,경기,15841.25,570.5833333333321
2021,10,경기,16411.833333333336,570.5833333333358
2021,11,경기,16982.416666666668,570.5833333333321
2021,12,경기,17553.0,570.5833333333321
2022,1,경기,19800.166666666668,2247.166666666668
2022,2,경기,22047.333333333332,2247.1666666666642
2022,3,경기,24294.5,2247.166666666668
2022,4,경기,26541.666666666664,2247.1666666666642
2022,5,경기,28788.833333333332,2247.166666666668
2022,6,경기,31036.0,2247.166666666668
2022,7,경기,33283.166666666664,2247.1666666666642
2022,8,경기,35530.33333333333,2247.1666666666642
2022,9,경기,37777.5,2247.1666666666715
2022,10,경기,40024.666666666664,2247.1666666666642
2022,11,경기,42271.83333333333,2247.1666666666642
2022,12,경기,44519.0,2247.1666666666715
2023,1,경기,47312.083333333336,2793.0833333333358
2023,2,경기,50105.166666666664,2793.0833333333285
2023,3,경기,52898.25,2793.0833333333358
2023,4,경기,55691.333333333336,2793.0833333333358
2023,5,경기,58484.41666666667,2793.0833333333358
2023,6,경기,61277.5,2793.0833333333285
2023,7,경기,64070.583333333336,2793.0833333333358
2023,8,경기,66863.66666666667,2793.0833333333358
2023,9,경기,69656.75,2793.0833333333285
2023,10,경기,72449.83333333334,2793.083333333343
2023,11,경기,75242.91666666667,2793.0833333333285
2023,12,경기,78036.0,2793.0833333333285
2024,1,경기,81068.41666666667,3032.4166666666715
2024,2,경기,84100.83333333333,3032.416666666657
2024,3,경기,87133.25,3032.4166666666715
2024,4,경기,90165.66666666667,3032.4166666666715
2024,5,경기,93198.08333333333,3032.416666666657
2024,6,경기,96230.5,3032.4166666666715
2024,7,경기,99262.91666666666,3032.416666666657
2024,8,경기,102295.33333333333,3032.4166666666715
2024,9,경기,105327.75,3032.4166666666715
2024,10,경기,108360.16666666666,3032.416666666657
2024,11,경기,111392.58333333333,3032.4166666666715
2024,12,경기,114425.0,3032.4166666666715
2020,1,경남,2055.0,75.0
2020,2,경남,2130.0,75.0
2020,3,경남,2205.0,75.0
2020,4,경남,2280.0,75.0
2020,5,경남,2355.0,75.0
2020,6,경남,2430.0,75.0
2020,7,경남,2505.0,75.0
2020,8,경남,2580.0,75.0
2020,9,경남,2655.0,75.0
2020,10,경남,2730.0,75.0
2020,11,경남,2805.0,75.0
2020,12,경남,2880.0,75.0
2021,1,경남,3003.6666666666665,123.66666666666652
2021,2,경남,3127.3333333333335,123.66666666666697
2021,3,경남,3251.0,123.66666666666652
2021,4,경남,3374.6666666666665,123.66666666666652
2021,5,경남,3498.3333333333335,123.66666666666697
2021,6,경남,3622.0,123.66666666666652
2021,7,경남,3745.666666666667,123.66666666666697
2021,8,경남,3869.3333333333335,123.66666666666652
2021,9,경남,3993.0,123.66666666666652
2021,10,경남,4116.666666666667,123.66666666666697
2021,11,경남,4240.333333333334,123.66666666666697
2021,12,경남,4364.0,123.66666666666606
2022,1,경남,4800.666666666667,436.66666666666697
2022,2,경남,5237.333333333333,436.66666666666606
2022,3,경남,5674.0,436.66666666666697
2022,4,경남,6110.666666666667,436.66666666666697
2022,5,경남,6547.333333333334,436.66666666666697
2022,6,경남,6984.0,436.66666666666606
2022,7,경남,7420.666666666667,436.66666666666697
2022,8,경남,7857.333333333334,436.66666666666697
2022,9,경남,8294.0,436.66666666666606
2022,10,경남,8730.666666666668,436.6666666666679
2022,11,경남,9167.333333333334,436.66666666666606
2022,12,경남,9604.0,436.66666666666606
2023,1,경남,10144.0,540.0
2023,2,경남,10684.0,540.0
2023,3,경남,11224.0,540.0
2023,4,경남,11764.0,540.0
2023,5,경남,12304.0,540.0
2023,6,경남,12844.0,540.0
2023,7,경남,13384.0,540.0
2023,8,경남,13924.0,540.0
2023,9,경남,14464.0,540.0
2023,10,경남,15004.0,540.0
2023,11,경남,15544.0,540.0
2023,12,경남,16084.0,540.0
2024,1,경남,16618.75,534.75
2024,2,경남,17153.5,534.75
2024,3,경남,17688.25,534.75
2024,4,경남,18223.0,534.75
2024,5,경남,18757.75,534.75
2024,6,경남,19292.5,534.75
2024,7,경남,19827.25,534.75
2024,8,경남,20362.0,534.75
2024,9,경남,20896.75,534.75
2024,10,경남,21431.5,534.75
2024,11,경남,21966.25,534.75
2024,12,경남,22501.0,534.75
2020,1,경북,1796.4166666666667,68.41666666666674
2020,2,경북,1864.8333333333333,68.41666666666652
2020,3,경북,1933.25,68.41666666666674
2020,4,경북,2001.6666666666667,68.41666666666674
2020,5,경북,2070.0833333333335,68.41666666666674
2020,6,경북,2138.5,68.41666666666652
2020,7,경북,2206.9166666666665,68.41666666666652
2020,8,경북,2275.3333333333335,68.41666666666697
2020,9,경북,2343.75,68.41666666666652
2020,10,경북,2412.166666666667,68.41666666666697
2020,11,경북,2480.5833333333335,68.41666666666652
2020,12,경북,2549.0,68.41666666666652
2021,1,경북,2680.9166666666665,131.91666666666652
2021,2,경북,2812.8333333333335,131.91666666666697
2021,3,경북,2944.75,131.91666666666652
2021,4,경북,3076.6666666666665,131.91666666666652
2021,5,경북,3208.583333333333,131.91666666666652
2021,6,경북,3340.5,131.91666666666697
2021,7,경북,3472.4166666666665,131.91666666666652
2021,8,경북,3604.333333333333,131.91666666666652
2021,9,경북,3736.25,131.91666666666697
2021,10,경북,3868.1666666666665,131.91666666666652
2021,11,경북,4000.083333333333,131.91666666666652
2021,12,경북,4132.0,131.91666666666697
2022,1,경북,4463.75,331.75
2022,2,경북,4795.5,331.75
2022,3,경북,5127.25,331.75
2022,4,경북,5459.0,331.75
2022,5,경북,5790.75,331.75
2022,6,경북,6122.5,331.75
2022,7,경북,6454.25,331.75
2022,8,경북,6786.0,331.75
2022,9,경북,7117.75,331.75
2022,10,경북,7449.5,331.75
2022,11,경북,7781.25,331.75
2022,12,경북,8113.0,331.75
2023,1,경북,8523.75,410.75
2023,2,경북,8934.5,410.75
2023,3,경북,9345.25,410.75
2023,4,경북,9756.0,410.75
2023,5,경북,10166.75,410.75
2023,6,경북,10577.5,410.75
2023,7,경북,10988.25,410.75
2023,8,경북,11399.0,410.75
2023,9,경북,11809.75,410.75
2023,10,경북,12220.5,410.75
2023,11,경북,12631.25,410.75
2023,12,경북,13042.0,410.75
2024,1,경북,13452.25,410.25
2024,2,경북,13862.5,410.25
2024,3,경북,14272.75,410.25
2024,4,경북,14683.0,410.25
2024,5,경북,15093.25,410.25
2024,6,경북,15503.5,410.25
2024,7,경북,15913.75,410.25
2024,8,경북,16324.0,410.25
2024,9,경북,16734.25,410.25
2024,10,경북,17144.5,410.25
2024,11,경북,17554.75,410.25
2024,12,경북,17965.0,410.25
2020,1,광주,956.4166666666666,33.41666666666663
2020,2,광주,989.8333333333334,33.41666666666674
2020,3,광주,1023.25,33.41666666666663
2020,4,광주,1056.6666666666667,33.41666666666674
2020,5,광주,1090.0833333333333,33.416666666666515
2020,6,광주,1123.5,33.41666666666674
2020,7,광주,1156.9166666666667,33.41666666666674
2020,8,광주,1190.3333333333333,33.416666666666515
2020,9,광주,1223.75,33.41666666666674
2020,10,광주,1257.1666666666665,33.416666666666515
2020,11,광주,1290.5833333333333,33.41666666666674
2020,12,광주,1324.0,33.41666666666674
2021,1,광주,1388.3333333333333,64.33333333333326
2021,2,광주,1452.6666666666667,64.33333333333348
2021,3,광주,1517.0,64.33333333333326
2021,4,광주,1581.3333333333333,64.33333333333326
2021,5,광주,1645.6666666666665,64.33333333333326
2021,6,광주,1710.0,64.33333333333348
2021,7,광주,1774.3333333333333,64.33333333333326
2021,8,광주,1838.6666666666665,64.33333333333326
2021,9,광주,1903.0,64.33333333333348
2021,10,광주,1967.3333333333333,64.33333333333326
2021,11,광주,2031.6666666666665,64.33333333333326
2021,12,광주,2096.0,64.33333333333348
2022,1,광주,2313.5,217.5
2022,2,광주,2531.0,217.5
2022,3,광주,2748.5,217.5
2022,4,광주,2966.0,217.5
2022,5,광주,3183.5,217.5
2022,6,광주,3401.0,217.5
2022,7,광주,3618.5,217.5
2022,8,광주,3836.0,217.5
2022,9,광주,4053.5,217.5
2022,10,광주,4271.0,217.5
2022,11,광주,4488.5,217.5
2022,12,광주,4706.0,217.5
2023,1,광주,4971.333333333333,265.33333333333303
2023,2,광주,5236.666666666667,265.33333333333394
2023,3,광주,5502.0,265.33333333333303
2023,4,광주,5767.333333333333,265.33333333333303
2023,5,광주,6032.666666666666,265.33333333333303
2023,6,광주,6298.0,265.33333333333394
2023,7,광주,6563.333333333333,265.33333333333303
2023,8,광주,6828.666666666666,265.33333333333303
2023,9,광주,7094.0,265.33333333333394
2023,10,광주,7359.333333333333,265.33333333333303
2023,11,광주,7624.666666666666,265.33333333333303
2023,12,광주,7890.0,265.33333333333394
2024,1,광주,8240.916666666666,350.91666666666606
2024,2,광주,8591.833333333334,350.9166666666679
2024,3,광주,8942.75,350.91666666666606
2024,4,광주,9293.666666666666,350.91666666666606
2024,5,광주,9644.583333333334,350.9166666666679
2024,6,광주,9995.5,350.91666666666606
2024,7,광주,10346.416666666668,350.9166666666679
2024,8,광주,10697.333333333334,350.91666666666606
2024,9,광주,11048.25,350.91666666666606
2024,10,광주,11399.166666666668,350.9166666666679
2024,11,광주,11750.083333333334,350.91666666666606
2024,12,광주,12101.0,350.91666666666606
2020,1,대구,1810.1666666666667,46.16666666666674
2020,2,대구,1856.3333333333333,46.166666666666515
2020,3,대구,1902.5,46.16666666666674
2020,4,대구,1948.6666666666667,46.16666666666674
2020,5,대구,1994.8333333333333,46.166666666666515
2020,6,대구,2041.0,46.16666666666674
2020,7,대구,2087.1666666666665,46.166666666666515
2020,8,대구,2133.3333333333335,46.16666666666697
2020,9,대구,2179.5,46.166666666666515
2020,10,대구,2225.6666666666665,46.166666666666515
2020,11,대구,2271.8333333333335,46.16666666666697
2020,12,대구,2318.0,46.166666666666515
2021,1,대구,2457.25,139.25
2021,2,대구,2596.5,139.25
2021,3,대구,2735.75,139.25
2021,4,대구,2875.0,139.25
2021,5,대구,3014.25,139.25
2021,6,대구,3153.5,139.25
2021,7,대구,3292.75,139.25
2021,8,대구,3432.0,139.25
2021,9,대구,3571.25,139.25
2021,10,대구,3710.5,139.25
2021,11,대구,3849.75,139.25
2021,12,대구,3989.0,139.25
2022,1,대구,4381.833333333333,392.83333333333303
2022,2,대구,4774.666666666667,392.83333333333394
2022,3,대구,5167.5,392.83333333333303
2022,4,대구,5560.333333333333,392.83333333333303
2022,5,대구,5953.166666666666,392.83333333333303
2022,6,대구,6346.0,392.83333333333394
2022,7,대구,6738.833333333333,392.83333333333303
2022,8,대구,7131.666666666666,392.83333333333303
2022,9,대구,7524.5,392.83333333333394
2022,10,대구,7917.333333333333,392.83333333333303
2022,11,대구,8310.166666666666,392.83333333333303
2022,12,대구,8703.0,392.83333333333394
2023,1,대구,9132.5,429.5
2023,2,대구,9562.0,429.5
2023,3,대구,9991.5,429.5
2023,4,대구,10421.0,429.5
2023,5,대구,10850.5,429.5
2023,6,대구,11280.0,429.5
2023,7,대구,11709.5,429.5
2023,8,대구,12139.0,429.5
2023,9,대구,12568.5,429.5
2023,10,대구,12998.0,429.5
2023,11,대구,13427.5,429.5
2023,12,대구,13857.0,429.5
2024,1,대구,14262.0,405.0
2024,2,대구,14667.0,405.0
2024,3,대구,15072.0,405.0
2024,4,대구,15477.0,405.0
2024,5,대구,15882.0,405.0
2024,6,대구,16287.0,405.0
2024,7,대구,16692.0,405.0
2024,8,대구,17097.0,405.0
2024,9,대구,17502.0,405.0
2024,10,대구,17907.0,405.0
2024,11,대구,18312.0,405.0
2024,12,대구,18717.0,405.0
2020,1,대전,960.75,22.75
2020,2,대전,983.5,22.75
2020,3,대전,1006.25,22.75
2020,4,대전,1029.0,22.75
2020,5,대전,1051.75,22.75
2020,6,대전,1074.5,22.75
2020,7,대전,1097.25,22.75
2020,8,대전,1120.0,22.75
2020,9,대전,1142.75,22.75
2020,10,대전,1165.5,22.75
2020,11,대전,1188.25,22.75
2020,12,대전,1211.0,22.75
2021,1,대전,1282.75,71.75
2021,2,대전,1354.5,71.75
2021,3,대전,1426.25,71.75
2021,4,대전,1498.0,71.75
2021,5,대전,1569.75,71.75
2021,6,대전,1641.5,71.75
2021,7,대전,1713.25,71.75
2021,8,대전,1785.0,71.75
2021,9,대전,1856.75,71.75
2021,10,대전,1928.5,71.75
2021,11,대전,2000.25,71.75
2021,12,대전,2072.0,71.75
2022,1,대전,2326.25,254.25
2022,2,대전,2580.5,254.25
2022,3,대전,2834.75,254.25
2022,4,대전,3089.0,254.25
2022,5,대전,3343.25,254.25
2022,6,대전,3597.5,254.25
2022,7,대전,3851.75,254.25
2022,8,대전,4106.0,254.25
2022,9,대전,4360.25,254.25
2022,10,대전,4614.5,254.25
2022,11,대전,4868.75,254.25
2022,12,대전,5123.0,254.25
2023,1,대전,5473.0,350.0
2023,2,대전,5823.0,350.0
2023,3,대전,6173.0,350.0
2023,4,대전,6523.0,350.0
2023,5,대전,6873.0,350.0
2023,6,대전,7223.0,350.0
2023,7,대전,7573.0,350.0
2023,8,대전,7923.0,350.0
2023,9,대전,8273.0,350.0
2023,10,대전,8623.0,350.0
2023,11,대전,8973.0,350.0
2023,12,대전,9323.0,350.0
2024,1,대전,9518.916666666666,195.91666666666606
2024,2,대전,9714.833333333334,195.91666666666788
2024,3,대전,9910.75,195.91666666666606
2024,4,대전,10106.666666666666,195.91666666666606
2024,5,대전,10302.583333333334,195.91666666666788
2024,6,대전,10498.5,195.91666666666606
2024,7,대전,10694.416666666666,195.91666666666606
2024,8,대전,10890.333333333334,195.91666666666788
2024,9,대전,11086.25,195.91666666666606
2024,10,대전,11282.166666666666,195.91666666666606
2024,11,대전,11478.083333333332,195.91666666666606
2024,12,대전,11674.0,195.91666666666788
2020,1,부산,1862.3333333333333,41.33333333333326
2020,2,부산,1903.6666666666667,41.333333333333485
2020,3,부산,1945.0,41.33333333333326
2020,4,부산,1986.3333333333333,41.33333333333326
2020,5,부산,2027.6666666666667,41.333333333333485
2020,6,부산,2069.0,41.33333333333326
2020,7,부산,2110.3333333333335,41.333333333333485
2020,8,부산,2151.6666666666665,41.33333333333303
2020,9,부산,2193.0,41.333333333333485
2020,10,부산,2234.3333333333335,41.333333333333485
2020,11,부산,2275.6666666666665,41.33333333333303
2020,12,부산,2317.0,41.333333333333485
2021,1,부산,2421.5,104.5
2021,2,부산,2526.0,104.5
2021,3,부산,2630.5,104.5
2021,4,부산,2735.0,104.5
2021,5,부산,2839.5,104.5
2021,6,부산,2944.0,104.5
2021,7,부산,3048.5,104.5
2021,8,부산,3153.0,104.5
2021,9,부산,3257.5,104.5
2021,10,부산,3362.0,104.5
2021,11,부산,3466.5,104.5
2021,12,부산,3571.0,104.5
2022,1,부산,4136.333333333333,565.333333333333
2022,2,부산,4701.666666666667,565.3333333333339
2022,3,부산,5267.0,565.333333333333
2022,4,부산,5832.333333333334,565.3333333333339
2022,5,부산,6397.666666666667,565.333333333333
2022,6,부산,6963.0,565.333333333333
2022,7,부산,7528.333333333334,565.3333333333339
2022,8,부산,8093.666666666667,565.333333333333
2022,9,부산,8659.0,565.333333333333
2022,10,부산,9224.333333333334,565.3333333333339
2022,11,부산,9789.666666666668,565.3333333333339
2022,12,부산,10355.0,565.3333333333321
2023,1,부산,11122.083333333334,767.0833333333339
2023,2,부산,11889.166666666666,767.0833333333321
2023,3,부산,12656.25,767.0833333333339
2023,4,부산,13423.333333333334,767.0833333333339
2023,5,부산,14190.416666666668,767.0833333333339
2023,6,부산,14957.5,767.0833333333321
2023,7,부산,15724.583333333334,767.0833333333339
2023,8,부산,16491.666666666668,767.0833333333339
2023,9,부산,17258.75,767.0833333333321
2023,10,부산,18025.833333333336,767.0833333333358
2023,11,부산,18792.916666666668,767.0833333333321
2023,12,부산,19560.0,767.0833333333321
2024,1,부산,19993.25,433.25
2024,2,부산,20426.5,433.25
2024,3,부산,20859.75,433.25
2024,4,부산,21293.0,433.25
2024,5,부산,21726.25,433.25
2024,6,부산,22159.5,433.25
2024,7,부산,22592.75,433.25
2024,8,부산,23026.0,433.25
2024,9,부산,23459.25,433.25
2024,10,부산,23892.5,433.25
2024,11,부산,24325.75,433.25
2024,12,부산,24759.0,433.25
2020,1,서울,4011.5,155.5
2020,2,서울,4167.0,155.5
2020,3,서울,4322.5,155.5
2020,4,서울,4478.0,155.5
2020,5,서울,4633.5,155.5
2020,6,서울,4789.0,155.5
2020,7,서울,4944.5,155.5
2020,8,서울,5100.0,155.5
2020,9,서울,5255.5,155.5
2020,10,서울,5411.0,155.5
2020,11,서울,5566.5,155.5
2020,12,서울,5722.0,155.5
2021,1,서울,6324.333333333333,602.333333333333
2021,2,서울,6926.666666666667,602.3333333333339
2021,3,서울,7529.0,602.333333333333
2021,4,서울,8131.333333333334,602.3333333333339
2021,5,서울,8733.666666666668,602.3333333333339
2021,6,서울,9336.0,602.3333333333321
2021,7,서울,9938.333333333334,602.3333333333339
2021,8,서울,10540.666666666668,602.3333333333339
2021,9,서울,11143.0,602.3333333333321
2021,10,서울,11745.333333333334,602.3333333333339
2021,11,서울,12347.666666666668,602.3333333333339
2021,12,서울,12950.0,602.3333333333321
2022,1,서울,14459.833333333334,1509.833333333334
2022,2,서울,15969.666666666666,1509.8333333333321
2022,3,서울,17479.5,1509.833333333334
2022,4,서울,18989.333333333332,1509.8333333333321
2022,5,서울,20499.166666666664,1509.8333333333321
2022,6,서울,22009.0,1509.8333333333358
2022,7,서울,23518.833333333332,1509.8333333333321
2022,8,서울,25028.666666666664,1509.8333333333321
2022,9,서울,26538.5,1509.8333333333358
2022,10,서울,28048.333333333332,1509.8333333333321
2022,11,서울,29558.166666666664,1509.8333333333321
2022,12,서울,31068.0,1509.8333333333358
2023,1,서울,32314.25,1246.25
2023,2,서울,33560.5,1246.25
2023,3,서울,34806.75,1246.25
2023,4,서울,36053.0,1246.25
2023,5,서울,37299.25,1246.25
2023,6,서울,38545.5,1246.25
2023,7,서울,39791.75,1246.25
2023,8,서울,41038.0,1246.25
2023,9,서울,42284.25,1246.25
2023,10,서울,43530.5,1246.25
2023,11,서울,44776.75,1246.25
2023,12,서울,46023.0,1246.25
2024,1,서울,47198.0,1175.0
2024,2,서울,48373.0,1175.0
2024,3,서울,49548.0,1175.0
2024,4,서울,50723.0,1175.0
2024,5,서울,51898.0,1175.0
2024,6,서울,53073.0,1175.0
2024,7,서울,54248.0,1175.0
2024,8,서울,55423.0,1175.0
2024,9,서울,56598.0,1175.0
2024,10,서울,57773.0,1175.0
2024,11,서울,58948.0,1175.0
2024,12,서울,60123.0,1175.0
2020,1,세종,479.8333333333333,9.833333333333314
2020,2,세종,489.6666666666667,9.833333333333371
2020,3,세종,499.5,9.833333333333314
2020,4,세종,509.3333333333333,9.833333333333314
2020,5,세종,519.1666666666666,9.833333333333314
2020,6,세종,529.0,9.833333333333371
2020,7,세종,538.8333333333334,9.833333333333371
2020,8,세종,548.6666666666666,9.833333333333258
2020,9,세종,558.5,9.833333333333371
2020,10,세종,568.3333333333334,9.833333333333371
2020,11,세종,578.1666666666666,9.833333333333258
2020,12,세종,588.0,9.833333333333371
2021,1,세종,613.8333333333334,25.83333333333337
2021,2,세종,639.6666666666666,25.833333333333258
2021,3,세종,665.5,25.83333333333337
2021,4,세종,691.3333333333334,25.83333333333337
2021,5,세종,717.1666666666666,25.833333333333258
2021,6,세종,743.0,25.83333333333337
2021,7,세종,768.8333333333333,25.833333333333258
2021,8,세종,794.6666666666666,25.83333333333337
2021,9,세종,820.5,25.83333333333337
2021,10,세종,846.3333333333333,25.833333333333258
2021,11,세종,872.1666666666666,25.83333333333337
2021,12,세종,898.0,25.83333333333337
2022,1,세종,1026.75,128.75
2022,2,세종,1155.5,128.75
2022,3,세종,1284.25,128.75
2022,4,세종,1413.0,128.75
2022,5,세종,1541.75,128.75
2022,6,세종,1670.5,128.75
2022,7,세종,1799.25,128.75
2022,8,세종,1928.0,128.75
2022,9,세종,2056.75,128.75
2022,10,세종,2185.5,128.75
2022,11,세종,2314.25,128.75
2022,12,세종,2443.0,128.75
2023,1,세종,2578.5833333333335,135.58333333333348
2023,2,세종,2714.1666666666665,135.58333333333303
2023,3,세종,2849.75,135.58333333333348
2023,4,세종,2985.3333333333335,135.58333333333348
2023,5,세종,3120.916666666667,135.58333333333348
2023,6,세종,3256.5,135.58333333333303
2023,7,세종,3392.0833333333335,135.58333333333348
2023,8,세종,3527.666666666667,135.58333333333348
2023,9,세종,3663.25,135.58333333333303
2023,10,세종,3798.8333333333335,135.58333333333348
2023,11,세종,3934.416666666667,135.58333333333348
2023,12,세종,4070.0,135.58333333333303
2024,1,세종,4144.833333333333,74.83333333333303
2024,2,세종,4219.666666666667,74.83333333333394
2024,3,세종,4294.5,74.83333333333303
2024,4,세종,4369.333333333333,74.83333333333303
2024,5,세종,4444.166666666667,74.83333333333394
2024,6,세종,4519.0,74.83333333333303
2024,7,세종,4593.833333333333,74.83333333333303
2024,8,세종,4668.666666666667,74.83333333333394
2024,9,세종,4743.5,74.83333333333303
2024,10,세종,4818.333333333333,74.83333333333303
2024,11,세종,4893.166666666667,74.83333333333394
2024,12,세종,4968.0,74.83333333333303
2020,1,울산,560.1666666666666,22.16666666666663
2020,2,울산,582.3333333333334,22.166666666666742
2020,3,울산,604.5,22.16666666666663
2020,4,울산,626.6666666666666,22.16666666666663
2020,5,울산,648.8333333333334,22.166666666666742
2020,6,울산,671.0,22.16666666666663
2020,7,울산,693.1666666666667,22.166666666666742
2020,8,울산,715.3333333333334,22.16666666666663
2020,9,울산,737.5,22.16666666666663
2020,10,울산,759.6666666666667,22.166666666666742
2020,11,울산,781.8333333333334,22.16666666666663
2020,12,울산,804.0,22.16666666666663
2021,1,울산,839.25,35.25
2021,2,울산,874.5,35.25
2021,3,울산,909.75,35.25
2021,4,울산,945.0,35.25
2021,5,울산,980.25,35.25
2021,6,울산,1015.5,35.25
2021,7,울산,1050.75,35.25
2021,8,울산,1086.0,35.25
2021,9,울산,1121.25,35.25
2021,10,울산,1156.5,35.25
2021,11,울산,1191.75,35.25
2021,12,울산,1227.0,35.25
2022,1,울산,1360.5833333333333,133.58333333333326
2022,2,울산,1494.1666666666667,133.58333333333348
2022,3,울산,1627.75,133.58333333333326
2022,4,울산,1761.3333333333335,133.58333333333348
2022,5,울산,1894.9166666666667,133.58333333333326
2022,6,울산,2028.5,133.58333333333326
2022,7,울산,2162.0833333333335,133.58333333333348
2022,8,울산,2295.666666666667,133.58333333333348
2022,9,울산,2429.25,133.58333333333303
2022,10,울산,2562.8333333333335,133.58333333333348
2022,11,울산,2696.416666666667,133.58333333333348
2022,12,울산,2830.0,133.58333333333303
2023,1,울산,3051.25,221.25
2023,2,울산,3272.5,221.25
2023,3,울산,3493.75,221.25
2023,4,울산,3715.0,221.25
2023,5,울산,3936.25,221.25
2023,6,울산,4157.5,221.25
2023,7,울산,4378.75,221.25
2023,8,울산,4600.0,221.25
2023,9,울산,4821.25,221.25
2023,10,울산,5042.5,221.25
2023,11,울산,5263.75,221.25
2023,12,울산,5485.0,221.25
2024,1,울산,5663.25,178.25
2024,2,울산,5841.5,178.25
2024,3,울산,6019.75,178.25
2024,4,울산,6198.0,178.25
2024,5,울산,6376.25,178.25
2024,6,울산,6554.5,178.25
2024,7,울산,6732.75,178.25
2024,8,울산,6911.0,178.25
2024,9,울산,7089.25,178.25
2024,10,울산,7267.5,178.25
2024,11,울산,7445.75,178.25
2024,12,울산,7624.0,178.25
2020,1,인천,1188.5,41.5
2020,2,인천,1230.0,41.5
2020,3,인천,1271.5,41.5
2020,4,인천,1313.0,41.5
2020,5,인천,1354.5,41.5
2020,6,인천,1396.0,41.5
2020,7,인천,1437.5,41.5
2020,8,인천,1479.0,41.5
2020,9,인천,1520.5,41.5
2020,10,인천,1562.0,41.5
2020,11,인천,1603.5,41.5
2020,12,인천,1645.0,41.5
2021,1,인천,1758.6666666666667,113.66666666666674
2021,2,인천,1872.3333333333333,113.66666666666652
2021,3,인천,1986.0,113.66666666666674
2021,4,인천,2099.6666666666665,113.66666666666652
2021,5,인천,2213.3333333333335,113.66666666666697
2021,6,인천,2327.0,113.66666666666652
2021,7,인천,2440.666666666667,113.66666666666697
2021,8,인천,2554.3333333333335,113.66666666666652
2021,9,인천,2668.0,113.66666666666652
2021,10,인천,2781.666666666667,113.66666666666697
2021,11,인천,2895.3333333333335,113.66666666666652
2021,12,인천,3009.0,113.66666666666652
2022,1,인천,3465.0,456.0
2022,2,인천,3921.0,456.0
2022,3,인천,4377.0,456.0
2022,4,인천,4833.0,456.0
2022,5,인천,5289.0,456.0
2022,6,인천,5745.0,456.0
2022,7,인천,6201.0,456.0
2022,8,인천,6657.0,456.0
2022,9,인천,7113.0,456.0
2022,10,인천,7569.0,456.0
2022,11,인천,8025.0,456.0
2022,12,인천,8481.0,456.0
2023,1,인천,9040.916666666666,559.9166666666661
2023,2,인천,9600.833333333334,559.9166666666679
2023,3,인천,10160.75,559.9166666666661
2023,4,인천,10720.666666666666,559.9166666666661
2023,5,인천,11280.583333333332,559.9166666666661
2023,6,인천,11840.5,559.9166666666679
2023,7,인천,12400.416666666666,559.9166666666661
2023,8,인천,12960.333333333332,559.9166666666661
2023,9,인천,13520.25,559.9166666666679
2023,10,인천,14080.166666666666,559.9166666666661
2023,11,인천,14640.083333333332,559.9166666666661
2023,12,인천,15200.0,559.9166666666679
2024,1,인천,15810.333333333334,610.3333333333339
2024,2,인천,16420.666666666668,610.3333333333339
2024,3,인천,17031.0,610.3333333333321
2024,4,인천,17641.333333333332,610.3333333333321
2024,5,인천,18251.666666666668,610.3333333333358
2024,6,인천,18862.0,610.3333333333321
2024,7,인천,19472.333333333336,610.3333333333358
2024,8,인천,20082.666666666668,610.3333333333321
2024,9,인천,20693.0,610.3333333333321
2024,10,인천,21303.333333333336,610.3333333333358
2024,11,인천,21913.666666666668,610.3333333333321
2024,12,인천,22524.0,610.3333333333321
2020,1,전국,29964.833333333332,952.8333333333321
2020,2,전국,30917.666666666668,952.8333333333358
2020,3,전국,31870.5,952.8333333333321
2020,4,전국,32823.333333333336,952.8333333333358
2020,5,전국,33776.166666666664,952.8333333333285
2020,6,전국,34729.0,952.8333333333358
2020,7,전국,35681.833333333336,952.8333333333358
2020,8,전국,36634.666666666664,952.8333333333285
2020,9,전국,37587.5,952.8333333333358
2020,10,전국,38540.333333333336,952.8333333333358
2020,11,전국,39493.16666666667,952.8333333333358
2020,12,전국,40446.0,952.8333333333285
2021,1,전국,42729.166666666664,2283.1666666666642
2021,2,전국,45012.333333333336,2283.1666666666715
2021,3,전국,47295.5,2283.1666666666642
2021,4,전국,49578.666666666664,2283.1666666666642
2021,5,전국,51861.83333333333,2283.1666666666642
2021,6,전국,54145.0,2283.1666666666715
2021,7,전국,56428.166666666664,2283.1666666666642
2021,8,전국,58711.33333333333,2283.1666666666642
2021,9,전국,60994.5,2283.1666666666715
2021,10,전국,63277.666666666664,2283.1666666666642
2021,11,전국,65560.83333333333,2283.1666666666642
2021,12,전국,67844.0,2283.1666666666715
2022,1,전국,75428.41666666667,7584.4166666666715
2022,2,전국,83012.83333333333,7584.416666666657
2022,3,전국,90597.25,7584.4166666666715
2022,4,전국,98181.66666666667,7584.4166666666715
2022,5,전국,105766.08333333334,7584.4166666666715
2022,6,전국,113350.5,7584.416666666657
2022,7,전국,120934.91666666667,7584.4166666666715
2022,8,전국,128519.33333333334,7584.4166666666715
2022,9,전국,136103.75,7584.416666666657
2022,10,전국,143688.1666666667,7584.416666666686
2022,11,전국,151272.58333333334,7584.416666666657
2022,12,전국,158857.0,7584.416666666657
2023,1,전국,167787.0,8930.0
2023,2,전국,176717.0,8930.0
2023,3,전국,185647.0,8930.0
2023,4,전국,194577.0,8930.0
2023,5,전국,203507.0,8930.0
2023,6,전국,212437.0,8930.0
2023,7,전국,221367.0,8930.0
2023,8,전국,230297.0,8930.0
2023,9,전국,239227.0,8930.0
2023,10,전국,248157.0,8930.0
2023,11,전국,257087.0,8930.0
2023,12,전국,266017.0,8930.0
2024,1,전국,274574.0833333333,8557.083333333314
2024,2,전국,283131.1666666667,8557.083333333372
2024,3,전국,291688.25,8557.083333333314
2024,4,전국,300245.3333333333,8557.083333333314
2024,5,전국,308802.4166666667,8557.083333333372
2024,6,전국,317359.5,8557.083333333314
2024,7,전국,325916.5833333333,8557.083333333314
2024,8,전국,334473.6666666667,8557.083333333372
2024,9,전국,343030.75,8557.083333333314
2024,10,전국,351587.8333333334,8557.083333333372
2024,11,전국,360144.9166666667,8557.083333333314
2024,12,전국,368702.0,8557.083333333314
2020,1,전남,1341.0833333333333,59.08333333333326
2020,2,전남,1400.1666666666667,59.083333333333485
2020,3,전남,1459.25,59.08333333333326
2020,4,전남,1518.3333333333333,59.08333333333326
2020,5,전남,1577.4166666666667,59.083333333333485
2020,6,전남,1636.5,59.08333333333326
2020,7,전남,1695.5833333333335,59.083333333333485
2020,8,전남,1754.6666666666667,59.08333333333326
2020,9,전남,1813.75,59.08333333333326
2020,10,전남,1872.8333333333335,59.083333333333485
2020,11,전남,1931.9166666666667,59.08333333333326
2020,12,전남,1991.0,59.08333333333326
2021,1,전남,2055.6666666666665,64.66666666666652
2021,2,전남,2120.3333333333335,64.66666666666697
2021,3,전남,2185.0,64.66666666666652
2021,4,전남,2249.6666666666665,64.66666666666652
2021,5,전남,2314.3333333333335,64.66666666666697
2021,6,전남,2379.0,64.66666666666652
2021,7,전남,2443.6666666666665,64.66666666666652
2021,8,전남,2508.3333333333335,64.66666666666697
2021,9,전남,2573.0,64.66666666666652
2021,10,전남,2637.666666666667,64.66666666666697
2021,11,전남,2702.3333333333335,64.66666666666652
2021,12,전남,2767.0,64.66666666666652
2022,1,전남,2966.5833333333335,199.58333333333348
2022,2,전남,3166.1666666666665,199.58333333333303
2022,3,전남,3365.75,199.58333333333348
2022,4,전남,3565.3333333333335,199.58333333333348
2022,5,전남,3764.916666666667,199.58333333333348
2022,6,전남,3964.5,199.58333333333303
2022,7,전남,4164.083333333334,199.58333333333394
2022,8,전남,4363.666666666667,199.58333333333303
2022,9,전남,4563.25,199.58333333333303
2022,10,전남,4762.833333333334,199.58333333333394
2022,11,전남,4962.416666666667,199.58333333333303
2022,12,전남,5162.0,199.58333333333303
2023,1,전남,5507.666666666667,345.66666666666697
2023,2,전남,5853.333333333333,345.66666666666606
2023,3,전남,6199.0,345.66666666666697
2023,4,전남,6544.666666666667,345.66666666666697
2023,5,전남,6890.333333333334,345.66666666666697
2023,6,전남,7236.0,345.66666666666606
2023,7,전남,7581.666666666667,345.66666666666697
2023,8,전남,7927.333333333334,345.66666666666697
2023,9,전남,8273.0,345.66666666666606
2023,10,전남,8618.666666666668,345.6666666666679
2023,11,전남,8964.333333333334,345.66666666666606
2023,12,전남,9310.0,345.66666666666606
2024,1,전남,9643.0,333.0
2024,2,전남,9976.0,333.0
2024,3,전남,10309.0,333.0
2024,4,전남,10642.0,333.0
2024,5,전남,10975.0,333.0
2024,6,전남,11308.0,333.0
2024,7,전남,11641.0,333.0
2024,8,전남,11974.0,333.0
2024,9,전남,12307.0,333.0
2024,10,전남,12640.0,333.0
2024,11,전남,12973.0,333.0
2024,12,전남,13306.0,333.0
2020,1,제주,1729.5,69.5
2020,2,제주,1799.0,69.5
2020,3,제주,1868.5,69.5
2020,4,제주,1938.0,69.5
2020,5,제주,2007.5,69.5
2020,6,제주,2077.0,69.5
2020,7,제주,2146.5,69.5
2020,8,제주,2216.0,69.5
2020,9,제주,2285.5,69.5
2020,10,제주,2355.0,69.5
2020,11,제주,2424.5,69.5
2020,12,제주,2494.0,69.5
2021,1,제주,2568.0833333333335,74.08333333333348
2021,2,제주,2642.1666666666665,74.08333333333303
2021,3,제주,2716.25,74.08333333333348
2021,4,제주,2790.3333333333335,74.08333333333348
2021,5,제주,2864.4166666666665,74.08333333333303
2021,6,제주,2938.5,74.08333333333348
2021,7,제주,3012.583333333333,74.08333333333303
2021,8,제주,3086.6666666666665,74.08333333333348
2021,9,제주,3160.75,74.08333333333348
2021,10,제주,3234.833333333333,74.08333333333303
2021,11,제주,3308.9166666666665,74.08333333333348
2021,12,제주,3383.0,74.08333333333348
2022,1,제주,3508.5833333333335,125.58333333333348
2022,2,제주,3634.1666666666665,125.58333333333303
2022,3,제주,3759.75,125.58333333333348
2022,4,제주,3885.3333333333335,125.58333333333348
2022,5,제주,4010.9166666666665,125.58333333333303
2022,6,제주,4136.5,125.58333333333348
2022,7,제주,4262.083333333333,125.58333333333303
2022,8,제주,4387.666666666667,125.58333333333394
2022,9,제주,4513.25,125.58333333333303
2022,10,제주,4638.833333333333,125.58333333333303
2022,11,제주,4764.416666666666,125.58333333333303
2022,12,제주,4890.0,125.58333333333394
2023,1,제주,5033.416666666667,143.41666666666697
2023,2,제주,5176.833333333333,143.41666666666606
2023,3,제주,5320.25,143.41666666666697
2023,4,제주,5463.666666666667,143.41666666666697
2023,5,제주,5607.083333333333,143.41666666666606
2023,6,제주,5750.5,143.41666666666697
2023,7,제주,5893.916666666667,143.41666666666697
2023,8,제주,6037.333333333333,143.41666666666606
2023,9,제주,6180.75,143.41666666666697
2023,10,제주,6324.166666666666,143.41666666666606
2023,11,제주,6467.583333333333,143.41666666666697
2023,12,제주,6611.0,143.41666666666697
2024,1,제주,6734.083333333333,123.08333333333303
2024,2,제주,6857.166666666667,123.08333333333394
2024,3,제주,6980.25,123.08333333333303
2024,4,제주,7103.333333333333,123.08333333333303
2024,5,제주,7226.416666666667,123.08333333333394
2024,6,제주,7349.5,123.08333333333303
2024,7,제주,7472.583333333333,123.08333333333303
2024,8,제주,7595.666666666667,123.08333333333394
2024,9,제주,7718.75,123.08333333333303
2024,10,제주,7841.833333333333,123.08333333333303
2024,11,제주,7964.916666666666,123.08333333333303
2024,12,제주,8088.0,123.08333333333394
2020,1,충남,1668.1666666666667,45.16666666666674
2020,2,충남,1713.3333333333333,45.166666666666515
2020,3,충남,1758.5,45.16666666666674
2020,4,충남,1803.6666666666667,45.16666666666674
2020,5,충남,1848.8333333333333,45.166666666666515
2020,6,충남,1894.0,45.16666666666674
2020,7,충남,1939.1666666666665,45.166666666666515
2020,8,충남,1984.3333333333333,45.16666666666674
2020,9,충남,2029.5,45.16666666666674
2020,10,충남,2074.6666666666665,45.166666666666515
2020,11,충남,2119.8333333333335,45.16666666666697
2020,12,충남,2165.0,45.166666666666515
2021,1,충남,2258.8333333333335,93.83333333333348
2021,2,충남,2352.6666666666665,93.83333333333303
2021,3,충남,2446.5,93.83333333333348
2021,4,충남,2540.3333333333335,93.83333333333348
2021,5,충남,2634.1666666666665,93.83333333333303
2021,6,충남,2728.0,93.83333333333348
2021,7,충남,2821.833333333333,93.83333333333303
2021,8,충남,2915.6666666666665,93.83333333333348
2021,9,충남,3009.5,93.83333333333348
2021,10,충남,3103.333333333333,93.83333333333303
2021,11,충남,3197.1666666666665,93.83333333333348
2021,12,충남,3291.0,93.83333333333348
2022,1,충남,3605.0833333333335,314.0833333333335
2022,2,충남,3919.1666666666665,314.08333333333303
2022,3,충남,4233.25,314.0833333333335
2022,4,충남,4547.333333333333,314.08333333333303
2022,5,충남,4861.416666666666,314.08333333333303
2022,6,충남,5175.5,314.08333333333394
2022,7,충남,5489.583333333333,314.08333333333303
2022,8,충남,5803.666666666666,314.08333333333303
2022,9,충남,6117.75,314.08333333333394
2022,10,충남,6431.833333333333,314.08333333333303
2022,11,충남,6745.916666666666,314.08333333333303
2022,12,충남,7060.0,314.08333333333394
2023,1,충남,7471.666666666667,411.66666666666697
2023,2,충남,7883.333333333333,411.66666666666606
2023,3,충남,8295.0,411.66666666666697
2023,4,충남,8706.666666666666,411.66666666666606
2023,5,충남,9118.333333333334,411.6666666666679
2023,6,충남,9530.0,411.66666666666606
2023,7,충남,9941.666666666668,411.6666666666679
2023,8,충남,10353.333333333334,411.66666666666606
2023,9,충남,10765.0,411.66666666666606
2023,10,충남,11176.666666666668,411.6666666666679
2023,11,충남,11588.333333333334,411.66666666666606
2023,12,충남,12000.0,411.66666666666606
2024,1,충남,12405.25,405.25
2024,2,충남,12810.5,405.25
2024,3,충남,13215.75,405.25
2024,4,충남,13621.0,405.25
2024,5,충남,14026.25,405.25
2024,6,충남,14431.5,405.25
2024,7,충남,14836.75,405.25
2024,8,충남,15242.0,405.25
2024,9,충남,15647.25,405.25
2024,10,충남,16052.5,405.25
2024,11,충남,16457.75,405.25
2024,12,충남,16863.0,405.25
2020,1,충북,1382.75,31.75
2020,2,충북,1414.5,31.75
2020,3,충북,1446.25,31.75
2020,4,충북,1478.0,31.75
2020,5,충북,1509.75,31.75
2020,6,충북,1541.5,31.75
2020,7,충북,1573.25,31.75
2020,8,충북,1605.0,31.75
2020,9,충북,1636.75,31.75
2020,10,충북,1668.5,31.75
2020,11,충북,1700.25,31.75
2020,12,충북,1732.0,31.75
2021,1,충북,1799.5,67.5
2021,2,충북,1867.0,67.5
2021,3,충북,1934.5,67.5
2021,4,충북,2002.0,67.5
2021,5,충북,2069.5,67.5
2021,6,충북,2137.0,67.5
2021,7,충북,2204.5,67.5
2021,8,충북,2272.0,67.5
2021,9,충북,2339.5,67.5
2021,10,충북,2407.0,67.5
2021,11,충북,2474.5,67.5
2021,12,충북,2542.0,67.5
2022,1,충북,2813.5,271.5
2022,2,충북,3085.0,271.5
2022,3,충북,3356.5,271.5
2022,4,충북,3628.0,271.5
2022,5,충북,3899.5,271.5
2022,6,충북,4171.0,271.5
2022,7,충북,4442.5,271.5
2022,8,충북,4714.0,271.5
2022,9,충북,4985.5,271.5
2022,10,충북,5257.0,271.5
2022,11,충북,5528.5,271.5
2022,12,충북,5800.0,271.5
2023,1,충북,6110.5,310.5
2023,2,충북,6421.0,310.5
2023,3,충북,6731.5,310.5
2023,4,충북,7042.0,310.5
2023,5,충북,7352.5,310.5
2023,6,충북,7663.0,310.5
2023,7,충북,7973.5,310.5
2023,8,충북,8284.0,310.5
2023,9,충북,8594.5,310.5
2023,10,충북,8905.0,310.5
2023,11,충북,9215.5,310.5
2023,12,충북,9526.0,310.5
2024,1,충북,9820.833333333334,294.83333333333394
2024,2,충북,10115.666666666666,294.8333333333321
2024,3,충북,10410.5,294.83333333333394
2024,4,충북,10705.333333333334,294.83333333333394
2024,5,충북,11000.166666666666,294.8333333333321
2024,6,충북,11295.0,294.83333333333394
2024,7,충북,11589.833333333332,294.8333333333321
2024,8,충북,11884.666666666666,294.83333333333394
2024,9,충북,12179.5,294.83333333333394
2024,10,충북,12474.333333333332,294.8333333333321
2024,11,충북,12769.166666666666,294.83333333333394
2024,12,충북,13064.0,294.83333333333394
