연도,월,시도,휘발유가격,디젤가격
2015,6,서울,1670.46,1458.61
2015,6,부산,1571.07,1362.94
2015,6,대구,1569.5,1358.55
2015,6,인천,1580.86,1365.15
2015,6,광주,1564.17,1354.82
2015,6,대전,1573.47,1363.66
2015,6,울산,1570.94,1355.88
2015,6,경기,1588.83,1373.27
2015,6,강원,1582.19,1372.28
2015,6,충북,1576.88,1364.34
2015,6,충남,1577.64,1368.06
2015,6,전북,1567.15,1358.73
2015,6,전남,1567.43,1359.83
2015,6,경북,1560.96,1351.76
2015,6,경남,1564.64,1356.65
2015,6,제주,1652.35,1425.97
2015,6,세종,1580.46,1367.19
2015,7,서울,1664.34,1445.31
2015,7,부산,1558.39,1341.12
2015,7,대구,1556.01,1332.9
2015,7,인천,1573.02,1347.43
2015,7,광주,1557.52,1341.69
2015,7,대전,1571.53,1352.99
2015,7,울산,1561.71,1338.08
2015,7,경기,1583.57,1356.79
2015,7,강원,1582.67,1366.78
2015,7,충북,1577.75,1355.28
2015,7,충남,1577.4,1356.55
2015,7,전북,1561.99,1343.18
2015,7,전남,1568.06,1352.21
2015,7,경북,1557.57,1336.98
2015,7,경남,1562.02,1342.24
2015,7,제주,1638.94,1399.8
2015,7,세종,1578.82,1355.11
2015,7,전국,1922.84,1354.65
2015,8,서울,1635.58,1409.95
2015,8,부산,1526.63,1293.09
2015,8,대구,1520.39,1290.29
2015,8,인천,1544.98,1300.54
2015,8,광주,1520.2,1297.77
2015,8,대전,1536.35,1302.82
2015,8,울산,1524.89,1291.39
2015,8,경기,1552.02,1307.01
2015,8,강원,1554.43,1328.71
2015,8,충북,1550.13,1307.87
2015,8,충남,1547.9,1308.78
2015,8,전북,1528.32,1290.22
2015,8,전남,1542.04,1313.25
2015,8,경북,1524.36,1286.77
2015,8,경남,1528.68,1294.63
2015,8,제주,1594.84,1343.92
2015,8,세종,1543.23,1304.34
2015,8,전국,1896.98,1307.77
2015,9,서울,1601.05,1376.38
2015,9,부산,1493.24,1247.15
2015,9,대구,1486.42,1248.67
2015,9,인천,1513.6,1259.87
2015,9,광주,1485.35,1253.78
2015,9,대전,1503.02,1255.18
2015,9,울산,1491.14,1250.41
2015,9,경기,1518.95,1264.39
2015,9,강원,1518.9,1284.65
2015,9,충북,1519.35,1261.91
2015,9,충남,1516.47,1263.55
2015,9,전북,1497.66,1244.65
2015,9,전남,1507.94,1268.41
2015,9,경북,1493.02,1240.92
2015,9,경남,1493.18,1245.04
2015,9,제주,1561.82,1323.83
2015,9,세종,1509.92,1254.78
2015,9,전국,1866.32,1263.79
2015,10,서울,1582.03,1359.41
2015,10,부산,1482.04,1236.0
2015,10,대구,1474.18,1235.45
2015,10,인천,1497.83,1248.31
2015,10,광주,1472.88,1238.78
2015,10,대전,1492.93,1245.11
2015,10,울산,1483.24,1240.23
2015,10,경기,1505.41,1254.61
2015,10,강원,1502.46,1269.02
2015,10,충북,1504.8,1248.35
2015,10,충남,1503.82,1252.35
2015,10,전북,1487.84,1233.6
2015,10,전남,1494.47,1254.75
2015,10,경북,1481.65,1230.07
2015,10,경남,1481.25,1232.64
2015,10,제주,1556.47,1319.92
2015,10,세종,1504.58,1249.71
2015,10,전국,1854.83,1251.92
2015,11,서울,1550.72,1335.3
2015,11,부산,1457.0,1220.66
2015,11,대구,1445.05,1214.96
2015,11,인천,1460.99,1228.57
2015,11,광주,1449.63,1217.27
2015,11,대전,1464.83,1227.48
2015,11,울산,1465.39,1224.6
2015,11,경기,1475.81,1236.53
2015,11,강원,1478.89,1251.46
2015,11,충북,1481.83,1232.87
2015,11,충남,1482.87,1238.92
2015,11,전북,1465.84,1218.7
2015,11,전남,1471.33,1234.41
2015,11,경북,1459.43,1216.08
2015,11,경남,1461.72,1220.5
2015,11,제주,1510.33,1281.73
2015,11,세종,1482.67,1237.69
2015,11,전국,1829.07,1234.95
2015,12,서울,1516.17,1305.82
2015,12,부산,1412.6,1196.75
2015,12,대구,1401.71,1189.09
2015,12,인천,1424.83,1203.33
2015,12,광주,1413.72,1194.37
2015,12,대전,1422.09,1204.36
2015,12,울산,1417.77,1195.94
2015,12,경기,1436.5,1213.07
2015,12,강원,1439.26,1225.11
2015,12,충북,1439.54,1211.59
2015,12,충남,1442.94,1216.12
2015,12,전북,1423.92,1196.55
2015,12,전남,1435.86,1211.84
2015,12,경북,1415.78,1192.12
2015,12,경남,1417.21,1197.45
2015,12,제주,1467.66,1248.91
2015,12,세종,1448.81,1217.95
2015,12,전국,1803.71,1211.03
2016,1,서울,1472.15,1250.69
2016,1,부산,1367.37,1139.44
2016,1,대구,1356.75,1133.77
2016,1,인천,1383.03,1145.03
2016,1,광주,1369.57,1144.05
2016,1,대전,1379.67,1153.23
2016,1,울산,1364.5,1141.58
2016,1,경기,1390.59,1156.73
2016,1,강원,1391.35,1173.61
2016,1,충북,1390.31,1161.71
2016,1,충남,1395.06,1165.08
2016,1,전북,1373.38,1141.96
2016,1,전남,1386.3,1161.09
2016,1,경북,1366.49,1139.44
2016,1,경남,1370.17,1147.34
2016,1,제주,1399.57,1167.65
2016,1,세종,1401.02,1167.79
2016,1,전국,1763.2,1157.33
2016,2,서울,1435.31,1203.21
2016,2,부산,1333.69,1081.46
2016,2,대구,1330.27,1085.59
2016,2,인천,1347.94,1088.91
2016,2,광주,1334.67,1085.56
2016,2,대전,1342.82,1094.28
2016,2,울산,1328.41,1085.54
2016,2,경기,1358.25,1101.3
2016,2,강원,1354.31,1110.25
2016,2,충북,1357.73,1106.16
2016,2,충남,1360.66,1107.42
2016,2,전북,1342.17,1087.36
2016,2,전남,1352.03,1101.48
2016,2,경북,1332.61,1079.62
2016,2,경남,1336.52,1091.84
2016,2,제주,1367.6,1133.14
2016,2,세종,1362.64,1109.46
2016,2,전국,1722.7,1101.12
2016,3,서울,1428.65,1199.92
2016,3,부산,1338.16,1091.08
2016,3,대구,1332.89,1088.92
2016,3,인천,1344.39,1098.03
2016,3,광주,1330.25,1081.12
2016,3,대전,1341.31,1099.83
2016,3,울산,1327.02,1084.86
2016,3,경기,1356.57,1106.68
2016,3,강원,1349.12,1106.94
2016,3,충북,1354.2,1103.11
2016,3,충남,1357.74,1106.35
2016,3,전북,1342.99,1092.26
2016,3,전남,1347.87,1096.84
2016,3,경북,1332.3,1080.67
2016,3,경남,1334.61,1091.27
2016,3,제주,1396.02,1184.33
2016,3,세종,1357.67,1110.1
2016,3,전국,1718.84,1103.15
2016,4,서울,1436.77,1208.61
2016,4,부산,1352.91,1109.6
2016,4,대구,1340.73,1100.8
2016,4,인천,1351.82,1111.71
2016,4,광주,1341.3,1097.89
2016,4,대전,1351.48,1115.74
2016,4,울산,1343.32,1105.93
2016,4,경기,1365.98,1123.12
2016,4,강원,1361.2,1127.32
2016,4,충북,1365.29,1120.74
2016,4,충남,1369.11,1125.91
2016,4,전북,1353.87,1110.1
2016,4,전남,1359.99,1116.28
2016,4,경북,1347.34,1102.68
2016,4,경남,1348.79,1112.59
2016,4,제주,1415.83,1214.05
2016,4,세종,1366.15,1127.33
2016,4,전국,1720.5,1121.36
2016,5,서울,1483.25,1260.84
2016,5,부산,1385.02,1152.93
2016,5,대구,1378.44,1142.86
2016,5,인천,1388.45,1155.12
2016,5,광주,1371.71,1137.87
2016,5,대전,1388.69,1160.62
2016,5,울산,1386.2,1160.14
2016,5,경기,1397.35,1167.28
2016,5,강원,1386.01,1160.82
2016,5,충북,1386.79,1154.08
2016,5,충남,1389.49,1156.29
2016,5,전북,1372.03,1138.93
2016,5,전남,1375.84,1140.79
2016,5,경북,1370.47,1136.26
2016,5,경남,1370.9,1143.51
2016,5,제주,1459.23,1238.17
2016,5,세종,1392.54,1166.9
2016,5,전국,1748.59,1157.91
2016,6,서울,1538.04,1325.83
2016,6,부산,1432.21,1220.59
2016,6,대구,1430.33,1212.34
2016,6,인천,1444.69,1224.19
2016,6,광주,1423.88,1217.04
2016,6,대전,1439.3,1225.89
2016,6,울산,1432.57,1216.81
2016,6,경기,1448.43,1236.01
2016,6,강원,1436.49,1229.45
2016,6,충북,1431.75,1217.93
2016,6,충남,1434.75,1220.81
2016,6,전북,1418.23,1209.91
2016,6,전남,1422.52,1211.19
2016,6,경북,1420.06,1207.05
2016,6,경남,1418.75,1208.1
2016,6,제주,1496.38,1273.39
2016,6,세종,1438.95,1227.53
2016,6,전국,1784.94,1225.25
2016,7,서울,1538.92,1330.56
2016,7,부산,1424.76,1218.68
2016,7,대구,1425.21,1213.19
2016,7,인천,1443.78,1226.86
2016,7,광주,1417.35,1214.17
2016,7,대전,1435.49,1226.85
2016,7,울산,1430.63,1217.77
2016,7,경기,1446.24,1237.52
2016,7,강원,1439.68,1235.92
2016,7,충북,1433.33,1222.58
2016,7,충남,1437.82,1227.79
2016,7,전북,1417.03,1210.71
2016,7,전남,1425.06,1216.68
2016,7,경북,1419.49,1210.63
2016,7,경남,1420.81,1212.95
2016,7,제주,1487.7,1267.9
2016,7,세종,1445.75,1234.59
2016,7,전국,1779.01,1228.37
2016,8,서울,1525.73,1318.42
2016,8,부산,1399.15,1197.08
2016,8,대구,1394.2,1190.63
2016,8,인천,1419.9,1211.94
2016,8,광주,1383.79,1184.35
2016,8,대전,1402.94,1200.0
2016,8,울산,1410.49,1203.11
2016,8,경기,1416.89,1212.3
2016,8,강원,1416.64,1215.76
2016,8,충북,1408.5,1201.73
2016,8,충남,1413.53,1207.69
2016,8,전북,1392.05,1188.12
2016,8,전남,1402.14,1198.14
2016,8,경북,1392.94,1189.63
2016,8,경남,1399.6,1195.09
2016,8,제주,1446.09,1237.05
2016,8,세종,1426.96,1220.45
2016,8,전국,1759.43,1207.22
2016,9,서울,1521.95,1314.51
2016,9,부산,1398.92,1194.01
2016,9,대구,1388.73,1185.38
2016,9,인천,1413.62,1207.39
2016,9,광주,1382.6,1181.32
2016,9,대전,1407.45,1201.98
2016,9,울산,1404.72,1198.67
2016,9,경기,1414.9,1208.35
2016,9,강원,1412.53,1210.68
2016,9,충북,1406.32,1198.71
2016,9,충남,1409.97,1203.08
2016,9,전북,1390.13,1184.64
2016,9,전남,1395.52,1191.62
2016,9,경북,1387.07,1183.19
2016,9,경남,1392.89,1187.81
2016,9,제주,1457.13,1264.99
2016,9,세종,1423.84,1217.5
2016,9,전국,1760.52,1203.04
2016,10,서울,1527.36,1322.61
2016,10,부산,1407.03,1202.66
2016,10,대구,1397.15,1193.06
2016,10,인천,1421.7,1216.41
2016,10,광주,1391.81,1189.24
2016,10,대전,1417.64,1211.69
2016,10,울산,1411.22,1205.26
2016,10,경기,1423.71,1217.55
2016,10,강원,1420.5,1219.0
2016,10,충북,1416.05,1207.72
2016,10,충남,1417.14,1210.62
2016,10,전북,1398.72,1192.09
2016,10,전남,1404.28,1199.17
2016,10,경북,1395.82,1190.64
2016,10,경남,1397.35,1192.02
2016,10,제주,1492.63,1291.18
2016,10,세종,1428.2,1221.05
2016,10,전국,1767.54,1211.14
2016,11,서울,1528.42,1325.47
2016,11,부산,1416.29,1213.53
2016,11,대구,1405.93,1201.56
2016,11,인천,1425.9,1222.47
2016,11,광주,1405.08,1203.54
2016,11,대전,1426.05,1222.9
2016,11,울산,1422.54,1217.66
2016,11,경기,1432.41,1227.62
2016,11,강원,1431.61,1231.55
2016,11,충북,1428.22,1220.9
2016,11,충남,1427.78,1222.77
2016,11,전북,1409.24,1204.57
2016,11,전남,1418.76,1214.07
2016,11,경북,1409.92,1206.22
2016,11,경남,1407.57,1203.53
2016,11,제주,1507.42,1301.2
2016,11,세종,1440.81,1233.12
2016,11,전국,1769.91,1222.73
2016,12,서울,1561.99,1355.56
2016,12,부산,1446.84,1243.94
2016,12,대구,1444.04,1239.42
2016,12,인천,1458.78,1253.01
2016,12,광주,1440.46,1235.87
2016,12,대전,1462.55,1257.3
2016,12,울산,1447.61,1242.85
2016,12,경기,1462.67,1257.06
2016,12,강원,1453.73,1252.25
2016,12,충북,1450.16,1242.9
2016,12,충남,1452.74,1248.03
2016,12,전북,1438.39,1232.16
2016,12,전남,1442.75,1237.74
2016,12,경북,1435.04,1231.27
2016,12,경남,1434.28,1230.02
2016,12,제주,1521.33,1314.6
2016,12,세종,1462.96,1257.34
2016,12,전국,1794.37,1249.65
2017,1,서울,1612.63,1403.05
2017,1,부산,1503.47,1299.03
2017,1,대구,1495.03,1287.64
2017,1,인천,1515.93,1306.54
2017,1,광주,1490.55,1283.12
2017,1,대전,1509.95,1301.56
2017,1,울산,1500.25,1294.95
2017,1,경기,1518.34,1309.41
2017,1,강원,1506.24,1300.93
2017,1,충북,1502.13,1292.76
2017,1,충남,1504.97,1297.45
2017,1,전북,1488.66,1279.04
2017,1,전남,1492.86,1287.05
2017,1,경북,1486.32,1280.0
2017,1,경남,1489.87,1283.83
2017,1,제주,1598.67,1383.41
2017,1,세종,1510.44,1302.63
2017,1,전국,1837.95,1300.18
2017,2,서울,1613.06,1403.19
2017,2,부산,1511.0,1305.4
2017,2,대구,1501.06,1292.5
2017,2,인천,1518.29,1309.09
2017,2,광주,1497.98,1289.45
2017,2,대전,1514.52,1306.57
2017,2,울산,1509.4,1303.96
2017,2,경기,1523.83,1313.19
2017,2,강원,1517.27,1310.15
2017,2,충북,1514.54,1303.26
2017,2,충남,1515.32,1305.86
2017,2,전북,1500.24,1288.03
2017,2,전남,1504.43,1297.55
2017,2,경북,1499.14,1291.15
2017,2,경남,1500.23,1293.14
2017,2,제주,1601.8,1384.47
2017,2,세종,1520.56,1311.03
2017,2,전국,1842.81,1307.5
2017,3,서울,1594.77,1386.25
2017,3,부산,1493.63,1287.9
2017,3,대구,1490.02,1281.85
2017,3,인천,1500.86,1292.32
2017,3,광주,1489.65,1278.75
2017,3,대전,1503.71,1296.08
2017,3,울산,1500.64,1294.05
2017,3,경기,1510.06,1298.97
2017,3,강원,1511.36,1304.24
2017,3,충북,1507.07,1295.39
2017,3,충남,1510.28,1300.32
2017,3,전북,1494.15,1281.37
2017,3,전남,1500.91,1293.68
2017,3,경북,1492.56,1283.96
2017,3,경남,1491.14,1283.28
2017,3,제주,1568.92,1349.87
2017,3,세종,1518.36,1308.49
2017,3,전국,1833.88,1297.28
2017,4,서울,1573.84,1366.39
2017,4,부산,1471.26,1263.38
2017,4,대구,1467.58,1260.66
2017,4,인천,1480.26,1271.53
2017,4,광주,1469.4,1259.46
2017,4,대전,1484.5,1274.81
2017,4,울산,1480.83,1272.7
2017,4,경기,1489.34,1277.92
2017,4,강원,1494.39,1288.73
2017,4,충북,1487.91,1276.76
2017,4,충남,1492.84,1281.71
2017,4,전북,1478.35,1265.31
2017,4,전남,1486.23,1278.31
2017,4,경북,1473.17,1263.73
2017,4,경남,1469.52,1261.02
2017,4,제주,1546.02,1335.61
2017,4,세종,1504.83,1296.07
2017,4,전국,1820.29,1277.84
2017,5,서울,1570.36,1363.08
2017,5,부산,1463.8,1255.56
2017,5,대구,1456.07,1248.7
2017,5,인천,1477.14,1267.66
2017,5,광주,1464.06,1254.75
2017,5,대전,1476.57,1267.62
2017,5,울산,1474.11,1264.8
2017,5,경기,1484.59,1272.87
2017,5,강원,1488.37,1282.37
2017,5,충북,1482.89,1271.76
2017,5,충남,1487.14,1275.87
2017,5,전북,1473.78,1260.45
2017,5,전남,1480.13,1272.35
2017,5,경북,1465.56,1255.66
2017,5,경남,1459.08,1251.61
2017,5,제주,1530.74,1320.05
2017,5,세종,1503.38,1295.03
2017,5,전국,1813.55,1271.39
2017,6,서울,1552.58,1345.22
2017,6,부산,1443.33,1235.13
2017,6,대구,1428.59,1222.37
2017,6,인천,1453.93,1244.86
2017,6,광주,1438.64,1231.14
2017,6,대전,1449.79,1241.61
2017,6,울산,1454.73,1244.23
2017,6,경기,1465.01,1252.22
2017,6,강원,1474.46,1268.07
2017,6,충북,1465.51,1253.51
2017,6,충남,1469.43,1258.21
2017,6,전북,1452.39,1239.0
2017,6,전남,1462.56,1253.89
2017,6,경북,1444.48,1234.31
2017,6,경남,1440.65,1234.0
2017,6,제주,1506.97,1290.94
2017,6,세종,1489.69,1281.5
2017,6,전국,1799.5,1251.47
2017,7,서울,1540.2,1334.91
2017,7,부산,1423.56,1216.7
2017,7,대구,1404.04,1199.95
2017,7,인천,1430.22,1223.33
2017,7,광주,1411.31,1206.96
2017,7,대전,1431.59,1224.81
2017,7,울산,1428.17,1219.25
2017,7,경기,1444.03,1232.77
2017,7,강원,1452.66,1246.43
2017,7,충북,1442.79,1230.27
2017,7,충남,1443.71,1234.17
2017,7,전북,1426.0,1213.58
2017,7,전남,1436.19,1228.22
2017,7,경북,1417.66,1208.6
2017,7,경남,1418.15,1211.97
2017,7,제주,1498.46,1291.87
2017,7,세종,1467.13,1258.91
2017,7,전국,1789.2,1229.81
2017,8,서울,1561.01,1355.69
2017,8,부산,1445.11,1238.59
2017,8,대구,1423.05,1220.04
2017,8,인천,1457.71,1251.83
2017,8,광주,1426.65,1223.78
2017,8,대전,1446.51,1242.67
2017,8,울산,1436.3,1229.4
2017,8,경기,1461.61,1252.35
2017,8,강원,1459.34,1253.09
2017,8,충북,1452.11,1243.05
2017,8,충남,1451.02,1242.9
2017,8,전북,1436.61,1227.25
2017,8,전남,1440.35,1234.12
2017,8,경북,1428.85,1222.46
2017,8,경남,1429.73,1225.27
2017,8,제주,1531.41,1329.95
2017,8,세종,1468.28,1261.32
2017,8,전국,1804.2,1244.87
2017,9,서울,1589.36,1381.92
2017,9,부산,1477.82,1267.46
2017,9,대구,1460.67,1254.86
2017,9,인천,1488.9,1278.29
2017,9,광주,1464.81,1257.82
2017,9,대전,1479.74,1275.16
2017,9,울산,1470.03,1262.36
2017,9,경기,1490.18,1279.81
2017,9,강원,1479.75,1272.56
2017,9,충북,1476.79,1265.82
2017,9,충남,1476.19,1267.42
2017,9,전북,1466.62,1255.83
2017,9,전남,1462.87,1255.0
2017,9,경북,1456.7,1249.74
2017,9,경남,1457.33,1250.49
2017,9,제주,1557.6,1349.27
2017,9,세종,1481.58,1273.57
2017,9,전국,1822.16,1271.01
2017,10,서울,1608.41,1403.82
2017,10,부산,1497.4,1286.73
2017,10,대구,1485.72,1279.54
2017,10,인천,1514.78,1303.26
2017,10,광주,1494.54,1285.89
2017,10,대전,1502.51,1297.45
2017,10,울산,1492.26,1283.38
2017,10,경기,1514.39,1304.71
2017,10,강원,1504.34,1297.58
2017,10,충북,1503.35,1292.57
2017,10,충남,1502.62,1293.87
2017,10,전북,1493.48,1282.61
2017,10,전남,1488.55,1279.54
2017,10,경북,1484.23,1276.42
2017,10,경남,1480.03,1272.01
2017,10,제주,1581.29,1365.4
2017,10,세종,1512.67,1304.07
2017,10,전국,1835.32,1295.61
2017,11,서울,1623.93,1420.19
2017,11,부산,1511.89,1302.0
2017,11,대구,1502.66,1296.64
2017,11,인천,1531.87,1319.55
2017,11,광주,1509.39,1301.83
2017,11,대전,1516.26,1310.54
2017,11,울산,1506.89,1298.32
2017,11,경기,1530.91,1321.6
2017,11,강원,1521.19,1315.58
2017,11,충북,1519.5,1309.11
2017,11,충남,1520.01,1312.49
2017,11,전북,1509.87,1299.5
2017,11,전남,1504.36,1296.57
2017,11,경북,1502.19,1295.63
2017,11,경남,1496.21,1289.17
2017,11,제주,1610.7,1400.36
2017,11,세종,1528.89,1321.15
2017,11,전국,1847.19,1313.02
2017,12,서울,1636.78,1432.79
2017,12,부산,1527.56,1317.96
2017,12,대구,1522.2,1317.21
2017,12,인천,1550.61,1338.33
2017,12,광주,1528.86,1321.24
2017,12,대전,1533.4,1327.44
2017,12,울산,1524.68,1317.89
2017,12,경기,1549.6,1340.13
2017,12,강원,1542.39,1336.9
2017,12,충북,1538.51,1328.73
2017,12,충남,1539.7,1332.51
2017,12,전북,1528.11,1317.57
2017,12,전남,1526.17,1318.83
2017,12,경북,1523.28,1317.22
2017,12,경남,1518.23,1312.33
2017,12,제주,1614.49,1397.61
2017,12,세종,1550.92,1341.83
2017,12,전국,1855.58,1332.35
2018,1,서울,1645.18,1442.11
2018,1,부산,1540.99,1333.54
2018,1,대구,1533.19,1328.54
2018,1,인천,1558.48,1347.68
2018,1,광주,1541.59,1335.71
2018,1,대전,1550.6,1345.34
2018,1,울산,1539.61,1335.85
2018,1,경기,1560.44,1351.82
2018,1,강원,1554.79,1349.9
2018,1,충북,1550.58,1341.91
2018,1,충남,1552.99,1346.46
2018,1,전북,1537.98,1328.96
2018,1,전남,1538.21,1331.79
2018,1,경북,1534.85,1328.96
2018,1,경남,1530.57,1325.77
2018,1,제주,1616.16,1407.0
2018,1,세종,1564.1,1357.59
2018,1,전국,1860.18,1344.93
2018,2,서울,1653.64,1452.19
2018,2,부산,1554.25,1349.89
2018,2,대구,1543.9,1340.58
2018,2,인천,1568.68,1360.9
2018,2,광주,1554.52,1350.56
2018,2,대전,1562.72,1360.33
2018,2,울산,1555.06,1353.41
2018,2,경기,1571.77,1366.58
2018,2,강원,1567.74,1365.0
2018,2,충북,1565.44,1359.38
2018,2,충남,1568.38,1363.8
2018,2,전북,1550.38,1344.88
2018,2,전남,1553.58,1349.41
2018,2,경북,1547.98,1343.72
2018,2,경남,1542.95,1340.25
2018,2,제주,1632.39,1437.15
2018,2,세종,1579.81,1376.05
2018,2,전국,1867.51,1360.41
2018,3,서울,1643.41,1442.31
2018,3,부산,1542.05,1339.65
2018,3,대구,1533.71,1331.59
2018,3,인천,1557.29,1350.03
2018,3,광주,1543.12,1341.35
2018,3,대전,1555.05,1353.27
2018,3,울산,1552.27,1351.53
2018,3,경기,1564.02,1359.48
2018,3,강원,1565.06,1362.65
2018,3,충북,1562.03,1356.71
2018,3,충남,1562.73,1358.98
2018,3,전북,1544.8,1340.82
2018,3,전남,1552.18,1348.73
2018,3,경북,1544.6,1340.76
2018,3,경남,1535.58,1334.16
2018,3,제주,1597.68,1404.65
2018,3,세종,1578.3,1375.04
2018,3,전국,1861.58,1354.58
2018,4,서울,1641.27,1441.08
2018,4,부산,1527.38,1327.15
2018,4,대구,1522.67,1322.71
2018,4,인천,1549.16,1344.81
2018,4,광주,1529.17,1328.87
2018,4,대전,1544.67,1344.38
2018,4,울산,1544.98,1344.99
2018,4,경기,1558.92,1355.36
2018,4,강원,1560.39,1358.75
2018,4,충북,1557.61,1353.4
2018,4,충남,1557.65,1354.75
2018,4,전북,1538.18,1335.45
2018,4,전남,1548.46,1345.11
2018,4,경북,1537.65,1334.04
2018,4,경남,1527.88,1327.69
2018,4,제주,1589.16,1396.78
2018,4,세종,1561.59,1359.04
2018,4,전국,1860.06,1349.06
2018,5,서울,1670.44,1472.51
2018,5,부산,1561.93,1362.56
2018,5,대구,1555.6,1357.29
2018,5,인천,1586.76,1386.68
2018,5,광주,1559.78,1360.17
2018,5,대전,1576.01,1377.51
2018,5,울산,1570.54,1372.14
2018,5,경기,1590.45,1389.88
2018,5,강원,1586.07,1386.79
2018,5,충북,1583.8,1381.62
2018,5,충남,1582.24,1381.89
2018,5,전북,1571.05,1370.64
2018,5,전남,1571.22,1370.11
2018,5,경북,1563.18,1362.16
2018,5,경남,1556.32,1357.08
2018,5,제주,1635.43,1443.27
2018,5,세종,1581.58,1381.61
2018,5,전국,1878.41,1380.24
2018,6,서울,1694.76,1497.46
2018,6,부산,1593.31,1394.19
2018,6,대구,1588.08,1390.12
2018,6,인천,1616.57,1418.5
2018,6,광주,1590.6,1391.53
2018,6,대전,1603.33,1404.81
2018,6,울산,1595.77,1398.9
2018,6,경기,1618.59,1418.61
2018,6,강원,1616.75,1418.84
2018,6,충북,1611.29,1410.21
2018,6,충남,1608.28,1408.93
2018,6,전북,1599.96,1400.32
2018,6,전남,1601.98,1402.76
2018,6,경북,1593.81,1394.48
2018,6,경남,1586.03,1387.36
2018,6,제주,1660.45,1468.29
2018,6,세종,1604.15,1406.59
2018,6,전국,1897.89,1410.01
2018,7,서울,1695.79,1498.15
2018,7,부산,1593.79,1395.16
2018,7,대구,1586.94,1389.59
2018,7,인천,1615.93,1418.54
2018,7,광주,1592.74,1393.94
2018,7,대전,1605.45,1406.88
2018,7,울산,1598.35,1401.4
2018,7,경기,1620.9,1420.83
2018,7,강원,1619.29,1421.8
2018,7,충북,1615.11,1413.91
2018,7,충남,1611.49,1412.1
2018,7,전북,1600.4,1400.42
2018,7,전남,1605.09,1406.16
2018,7,경북,1595.93,1396.43
2018,7,경남,1587.85,1389.15
2018,7,제주,1648.71,1456.74
2018,7,세종,1610.54,1412.16
2018,7,전국,1898.51,1411.85
2018,8,서울,1704.46,1506.51
2018,8,부산,1600.75,1402.01
2018,8,대구,1592.44,1394.74
2018,8,인천,1618.98,1421.72
2018,8,광주,1599.49,1400.83
2018,8,대전,1611.72,1412.32
2018,8,울산,1607.59,1409.89
2018,8,경기,1628.64,1428.72
2018,8,강원,1628.66,1430.78
2018,8,충북,1623.98,1422.79
2018,8,충남,1618.77,1419.04
2018,8,전북,1606.3,1405.93
2018,8,전남,1610.27,1411.41
2018,8,경북,1602.74,1402.79
2018,8,경남,1596.17,1397.89
2018,8,제주,1663.42,1471.24
2018,8,세종,1621.32,1422.82
2018,8,전국,1904.61,1419.13
2018,9,서울,1726.75,1529.01
2018,9,부산,1619.64,1421.02
2018,9,대구,1610.82,1413.7
2018,9,인천,1639.87,1443.66
2018,9,광주,1622.34,1423.03
2018,9,대전,1635.1,1435.75
2018,9,울산,1625.58,1428.3
2018,9,경기,1648.27,1449.08
2018,9,강원,1643.78,1446.7
2018,9,충북,1645.32,1444.82
2018,9,충남,1638.09,1438.28
2018,9,전북,1627.16,1427.27
2018,9,전남,1627.19,1428.65
2018,9,경북,1620.43,1421.0
2018,9,경남,1613.16,1415.33
2018,9,제주,1694.02,1506.59
2018,9,세종,1644.01,1444.9
2018,9,전국,1919.46,1438.93
2018,10,서울,1765.15,1571.81
2018,10,부산,1664.65,1467.78
2018,10,대구,1654.15,1458.23
2018,10,인천,1685.39,1491.36
2018,10,광주,1671.82,1474.78
2018,10,대전,1685.43,1489.57
2018,10,울산,1671.79,1474.99
2018,10,경기,1690.56,1494.6
2018,10,강원,1683.47,1488.75
2018,10,충북,1690.5,1492.24
2018,10,충남,1682.08,1484.79
2018,10,전북,1668.95,1471.81
2018,10,전남,1669.62,1472.75
2018,10,경북,1665.42,1468.14
2018,10,경남,1658.93,1462.91
2018,10,제주,1734.64,1555.34
2018,10,세종,1686.31,1489.9
2018,10,전국,1948.35,1485.02
2018,11,서울,1660.28,1506.41
2018,11,부산,1564.34,1404.78
2018,11,대구,1545.7,1389.63
2018,11,인천,1571.08,1422.15
2018,11,광주,1568.83,1412.1
2018,11,대전,1570.08,1420.19
2018,11,울산,1583.22,1417.11
2018,11,경기,1586.56,1431.19
2018,11,강원,1590.28,1436.78
2018,11,충북,1584.71,1430.86
2018,11,충남,1587.17,1428.17
2018,11,전북,1569.63,1411.87
2018,11,전남,1580.87,1421.21
2018,11,경북,1572.71,1410.04
2018,11,경남,1561.11,1406.21
2018,11,제주,1587.81,1466.27
2018,11,세종,1598.08,1441.97
2018,11,전국,1861.06,1424.66
2018,12,서울,1539.71,1420.04
2018,12,부산,1405.51,1294.65
2018,12,대구,1390.28,1289.0
2018,12,인천,1413.44,1308.29
2018,12,광주,1419.01,1316.03
2018,12,대전,1415.4,1311.88
2018,12,울산,1427.53,1312.47
2018,12,경기,1438.64,1327.63
2018,12,강원,1453.61,1344.78
2018,12,충북,1441.1,1331.54
2018,12,충남,1439.88,1329.9
2018,12,전북,1416.94,1308.45
2018,12,전남,1444.6,1333.73
2018,12,경북,1421.06,1310.79
2018,12,경남,1403.05,1298.96
2018,12,제주,1442.5,1350.93
2018,12,세종,1466.77,1358.48
2018,12,전국,1773.91,1324.11
2019,1,서울,1467.02,1356.83
2019,1,부산,1311.42,1210.14
2019,1,대구,1307.24,1208.62
2019,1,인천,1341.88,1238.83
2019,1,광주,1341.24,1242.3
2019,1,대전,1335.97,1236.6
2019,1,울산,1329.47,1229.3
2019,1,경기,1361.66,1258.08
2019,1,강원,1373.93,1273.92
2019,1,충북,1359.06,1256.25
2019,1,충남,1359.28,1257.03
2019,1,전북,1331.97,1231.03
2019,1,전남,1353.69,1253.15
2019,1,경북,1334.11,1232.26
2019,1,경남,1318.2,1219.97
2019,1,제주,1389.77,1288.28
2019,1,세종,1373.71,1271.98
2019,1,전국,1715.88,1249.41
2019,2,서울,1447.85,1341.05
2019,2,부산,1315.2,1215.2
2019,2,대구,1303.88,1205.13
2019,2,인천,1342.97,1241.61
2019,2,광주,1329.01,1230.45
2019,2,대전,1331.38,1232.45
2019,2,울산,1325.97,1227.17
2019,2,경기,1352.87,1250.4
2019,2,강원,1361.63,1262.13
2019,2,충북,1351.23,1248.51
2019,2,충남,1350.56,1249.09
2019,2,전북,1327.82,1227.57
2019,2,전남,1341.4,1241.42
2019,2,경북,1327.66,1226.24
2019,2,경남,1314.86,1216.87
2019,2,제주,1386.31,1292.48
2019,2,세종,1361.71,1260.79
2019,2,전국,1703.02,1242.91
2019,3,서울,1465.91,1359.31
2019,3,부산,1350.3,1250.63
2019,3,대구,1337.59,1238.38
2019,3,인천,1369.2,1266.96
2019,3,광주,1353.24,1253.57
2019,3,대전,1368.08,1268.24
2019,3,울산,1356.41,1257.45
2019,3,경기,1378.94,1276.91
2019,3,강원,1376.88,1277.71
2019,3,충북,1377.72,1275.26
2019,3,충남,1373.29,1272.66
2019,3,전북,1360.7,1260.64
2019,3,전남,1359.61,1260.11
2019,3,경북,1352.84,1251.95
2019,3,경남,1346.3,1247.36
2019,3,제주,1401.42,1328.84
2019,3,세종,1375.78,1274.94
2019,3,전국,1714.2,1269.16
2019,4,서울,1519.68,1406.65
2019,4,부산,1413.27,1305.57
2019,4,대구,1404.95,1297.81
2019,4,인천,1429.44,1317.97
2019,4,광주,1410.58,1299.46
2019,4,대전,1423.07,1315.74
2019,4,울산,1417.06,1310.69
2019,4,경기,1433.57,1323.21
2019,4,강원,1424.28,1319.2
2019,4,충북,1429.22,1321.09
2019,4,충남,1421.45,1314.68
2019,4,전북,1415.58,1309.67
2019,4,전남,1409.05,1303.32
2019,4,경북,1409.89,1302.94
2019,4,경남,1403.42,1297.2
2019,4,제주,1471.36,1359.45
2019,4,세종,1425.5,1320.05
2019,4,전국,1752.36,1316.42
2019,5,서울,1606.72,1473.8
2019,5,부산,1500.98,1373.38
2019,5,대구,1500.84,1373.13
2019,5,인천,1529.83,1393.96
2019,5,광주,1497.86,1365.54
2019,5,대전,1524.51,1391.88
2019,5,울산,1507.77,1379.3
2019,5,경기,1528.51,1391.07
2019,5,강원,1516.29,1387.14
2019,5,충북,1519.77,1387.91
2019,5,충남,1515.73,1384.2
2019,5,전북,1505.24,1371.99
2019,5,전남,1497.89,1371.39
2019,5,경북,1504.59,1376.1
2019,5,경남,1496.84,1367.39
2019,5,제주,1568.35,1424.73
2019,5,세종,1513.53,1389.96
2019,5,전국,1818.28,1385.31
2019,6,서울,1605.55,1469.85
2019,6,부산,1500.3,1367.75
2019,6,대구,1493.54,1359.66
2019,6,인천,1500.52,1357.61
2019,6,광주,1495.53,1356.49
2019,6,대전,1508.84,1374.6
2019,6,울산,1494.96,1366.6
2019,6,경기,1525.13,1380.79
2019,6,강원,1529.34,1394.63
2019,6,충북,1524.89,1385.23
2019,6,충남,1519.86,1381.36
2019,6,전북,1501.92,1364.02
2019,6,전남,1511.19,1377.35
2019,6,경북,1506.07,1371.03
2019,6,경남,1499.03,1365.1
2019,6,제주,1582.41,1435.64
2019,6,세종,1518.49,1389.81
2019,6,전국,1817.76,1379.77
2019,7,서울,1585.72,1451.53
2019,7,부산,1475.47,1339.62
2019,7,대구,1462.32,1324.88
2019,7,인천,1482.62,1336.33
2019,7,광주,1466.47,1327.4
2019,7,대전,1484.18,1351.06
2019,7,울산,1464.5,1337.51
2019,7,경기,1499.44,1353.28
2019,7,강원,1506.77,1373.05
2019,7,충북,1498.83,1357.16
2019,7,충남,1494.69,1355.35
2019,7,전북,1474.64,1337.1
2019,7,전남,1485.07,1350.77
2019,7,경북,1477.01,1339.38
2019,7,경남,1472.41,1337.27
2019,7,제주,1549.75,1418.96
2019,7,세종,1489.66,1357.64
2019,7,전국,1799.76,1352.84
2019,8,서울,1589.33,1454.28
2019,8,부산,1476.72,1338.27
2019,8,대구,1463.37,1322.59
2019,8,인천,1491.56,1340.32
2019,8,광주,1469.82,1327.97
2019,8,대전,1487.84,1352.72
2019,8,울산,1469.27,1339.05
2019,8,경기,1502.34,1353.64
2019,8,강원,1505.3,1370.0
2019,8,충북,1497.63,1353.36
2019,8,충남,1493.95,1353.16
2019,8,전북,1479.71,1339.79
2019,8,전남,1483.93,1346.79
2019,8,경북,1477.45,1336.43
2019,8,경남,1473.27,1335.51
2019,8,제주,1586.58,1418.71
2019,8,세종,1489.14,1353.83
2019,8,전국,1797.13,1351.92
2019,9,서울,1633.23,1487.58
2019,9,부산,1514.94,1365.06
2019,9,대구,1498.92,1349.14
2019,9,인천,1536.46,1373.77
2019,9,광주,1504.01,1357.53
2019,9,대전,1531.59,1385.65
2019,9,울산,1507.73,1368.66
2019,9,경기,1541.68,1384.09
2019,9,강원,1533.7,1393.2
2019,9,충북,1528.98,1378.49
2019,9,충남,1532.23,1383.33
2019,9,전북,1509.07,1363.87
2019,9,전남,1512.82,1370.41
2019,9,경북,1512.53,1362.44
2019,9,경남,1507.41,1361.6
2019,9,제주,1615.97,1460.78
2019,9,세종,1530.17,1388.61
2019,9,전국,1826.54,1379.84
2019,10,서울,1634.78,1486.19
2019,10,부산,1523.02,1368.66
2019,10,대구,1509.57,1356.27
2019,10,인천,1542.88,1376.86
2019,10,광주,1517.43,1367.84
2019,10,대전,1540.59,1388.86
2019,10,울산,1516.32,1373.05
2019,10,경기,1551.09,1390.97
2019,10,강원,1550.09,1406.05
2019,10,충북,1541.94,1388.71
2019,10,충남,1544.93,1391.74
2019,10,전북,1523.94,1372.98
2019,10,전남,1525.67,1380.58
2019,10,경북,1524.82,1370.72
2019,10,경남,1519.88,1371.09
2019,10,제주,1622.88,1475.06
2019,10,세종,1541.5,1396.06
2019,10,전국,1829.48,1387.73
2019,11,서울,1620.79,1468.9
2019,11,부산,1515.09,1359.03
2019,11,대구,1506.61,1350.8
2019,11,인천,1537.81,1370.32
2019,11,광주,1515.83,1363.95
2019,11,대전,1532.93,1376.93
2019,11,울산,1514.85,1367.81
2019,11,경기,1544.93,1382.5
2019,11,강원,1546.85,1400.41
2019,11,충북,1540.29,1384.45
2019,11,충남,1540.9,1384.91
2019,11,전북,1520.96,1367.16
2019,11,전남,1525.04,1377.67
2019,11,경북,1521.6,1365.86
2019,11,경남,1515.75,1364.64
2019,11,제주,1596.01,1447.04
2019,11,세종,1532.04,1384.3
2019,11,전국,1820.92,1380.51
2019,12,서울,1630.96,1472.68
2019,12,부산,1527.78,1365.1
2019,12,대구,1522.3,1358.89
2019,12,인천,1553.71,1382.24
2019,12,광주,1533.05,1368.26
2019,12,대전,1551.97,1387.16
2019,12,울산,1531.26,1375.18
2019,12,경기,1558.01,1388.61
2019,12,강원,1553.31,1400.36
2019,12,충북,1553.26,1388.48
2019,12,충남,1550.71,1388.16
2019,12,전북,1543.96,1375.72
2019,12,전남,1535.63,1380.59
2019,12,경북,1531.29,1369.75
2019,12,경남,1527.44,1368.98
2019,12,제주,1610.68,1441.73
2019,12,세종,1541.78,1387.16
2019,12,전국,1823.99,1385.42
2020,1,서울,1645.2,1483.56
2020,1,부산,1545.59,1378.54
2020,1,대구,1544.7,1374.25
2020,1,인천,1573.77,1399.85
2020,1,광주,1557.4,1380.82
2020,1,대전,1568.32,1398.58
2020,1,울산,1555.26,1391.32
2020,1,경기,1575.74,1402.07
2020,1,강원,1572.4,1411.52
2020,1,충북,1573.26,1399.47
2020,1,충남,1569.96,1399.41
2020,1,전북,1563.79,1384.82
2020,1,전남,1558.77,1393.9
2020,1,경북,1553.58,1383.63
2020,1,경남,1547.44,1381.84
2020,1,제주,1641.35,1471.57
2020,1,세종,1569.23,1402.9
2020,1,전국,1832.84,1398.4
2020,2,서울,1621.28,1455.88
2020,2,부산,1515.46,1344.53
2020,2,대구,1516.62,1340.02
2020,2,인천,1533.96,1358.05
2020,2,광주,1532.68,1351.32
2020,2,대전,1522.06,1346.97
2020,2,울산,1536.36,1365.69
2020,2,경기,1550.24,1370.11
2020,2,강원,1559.28,1393.79
2020,2,충북,1553.86,1374.12
2020,2,충남,1548.63,1371.59
2020,2,전북,1533.97,1350.38
2020,2,전남,1546.26,1377.43
2020,2,경북,1535.98,1359.55
2020,2,경남,1526.5,1354.7
2020,2,제주,1606.03,1437.27
2020,2,세종,1537.03,1369.21
2020,2,전국,1816.57,1369.85
2020,3,서울,1555.96,1382.16
2020,3,부산,1441.52,1253.96
2020,3,대구,1423.36,1236.18
2020,3,인천,1450.81,1263.1
2020,3,광주,1461.46,1269.8
2020,3,대전,1427.18,1241.51
2020,3,울산,1457.57,1270.36
2020,3,경기,1471.66,1279.23
2020,3,강원,1492.94,1313.29
2020,3,충북,1481.28,1287.38
2020,3,충남,1476.45,1286.37
2020,3,전북,1453.52,1260.65
2020,3,전남,1484.39,1301.96
2020,3,경북,1454.05,1264.19
2020,3,경남,1449.75,1262.1
2020,3,제주,1513.06,1331.48
2020,3,세종,1460.35,1278.36
2020,3,전국,1765.62,1280.77
2020,4,서울,1415.85,1237.83
2020,4,부산,1290.24,1098.41
2020,4,대구,1270.59,1080.53
2020,4,인천,1304.14,1109.82
2020,4,광주,1319.26,1126.7
2020,4,대전,1278.59,1095.57
2020,4,울산,1311.92,1115.09
2020,4,경기,1323.63,1130.43
2020,4,강원,1352.35,1164.1
2020,4,충북,1338.49,1139.98
2020,4,충남,1334.74,1140.81
2020,4,전북,1309.15,1119.24
2020,4,전남,1345.66,1155.48
2020,4,경북,1307.42,1112.55
2020,4,경남,1301.97,1110.86
2020,4,제주,1355.27,1198.05
2020,4,세종,1311.66,1126.08
2020,4,전국,1647.41,1132.44
2020,5,서울,1349.36,1168.79
2020,5,부산,1231.99,1040.46
2020,5,대구,1213.67,1024.97
2020,5,인천,1246.67,1055.62
2020,5,광주,1247.02,1054.65
2020,5,대전,1229.98,1046.07
2020,5,울산,1241.9,1044.25
2020,5,경기,1259.28,1066.6
2020,5,강원,1270.34,1085.34
2020,5,충북,1267.58,1072.05
2020,5,충남,1262.78,1071.35
2020,5,전북,1240.29,1054.8
2020,5,전남,1264.7,1075.35
2020,5,경북,1238.33,1046.16
2020,5,경남,1233.74,1044.39
2020,5,제주,1278.69,1141.27
2020,5,세종,1244.93,1065.27
2020,5,전국,1580.33,1065.79
2020,6,서울,1419.02,1230.49
2020,6,부산,1305.88,1109.39
2020,6,대구,1295.21,1099.27
2020,6,인천,1343.07,1147.19
2020,6,광주,1303.87,1107.95
2020,6,대전,1324.63,1129.82
2020,6,울산,1304.36,1106.68
2020,6,경기,1337.4,1140.09
2020,6,강원,1327.75,1136.13
2020,6,충북,1325.08,1127.02
2020,6,충남,1325.78,1129.35
2020,6,전북,1307.24,1112.64
2020,6,전남,1307.19,1112.88
2020,6,경북,1302.16,1105.01
2020,6,경남,1301.82,1108.12
2020,6,제주,1358.04,1194.09
2020,6,세종,1319.66,1129.32
2020,6,전국,1610.4,1127.9
2020,7,서울,1453.29,1261.81
2020,7,부산,1348.78,1151.2
2020,7,대구,1336.83,1138.63
2020,7,인천,1363.24,1164.95
2020,7,광주,1341.45,1144.95
2020,7,대전,1352.55,1155.51
2020,7,울산,1344.49,1147.08
2020,7,경기,1371.46,1172.48
2020,7,강원,1366.05,1169.67
2020,7,충북,1363.04,1163.76
2020,7,충남,1361.58,1162.68
2020,7,전북,1347.73,1148.3
2020,7,전남,1348.95,1151.84
2020,7,경북,1344.55,1145.73
2020,7,경남,1343.48,1146.95
2020,7,제주,1373.2,1207.07
2020,7,세종,1356.27,1162.72
2020,7,전국,1633.04,1162.9
2020,8,서울,1456.56,1265.42
2020,8,부산,1351.03,1153.24
2020,8,대구,1334.38,1136.35
2020,8,인천,1363.0,1165.76
2020,8,광주,1338.65,1142.78
2020,8,대전,1347.85,1151.05
2020,8,울산,1347.79,1150.23
2020,8,경기,1370.26,1170.98
2020,8,강원,1370.6,1173.73
2020,8,충북,1364.95,1165.22
2020,8,충남,1362.18,1162.91
2020,8,전북,1347.45,1147.76
2020,8,전남,1354.77,1157.42
2020,8,경북,1345.4,1146.68
2020,8,경남,1344.14,1147.06
2020,8,제주,1373.12,1206.94
2020,8,세종,1358.33,1164.5
2020,8,전국,1636.39,1163.56
2020,9,서울,1445.5,1253.3
2020,9,부산,1339.59,1141.55
2020,9,대구,1318.88,1121.81
2020,9,인천,1344.71,1146.78
2020,9,광주,1327.26,1130.11
2020,9,대전,1333.15,1135.61
2020,9,울산,1340.31,1142.34
2020,9,경기,1357.75,1157.79
2020,9,강원,1364.88,1168.31
2020,9,충북,1359.31,1159.37
2020,9,충남,1354.68,1155.23
2020,9,전북,1339.96,1140.72
2020,9,전남,1351.5,1154.38
2020,9,경북,1335.68,1136.89
2020,9,경남,1336.07,1138.37
2020,9,제주,1412.35,1232.52
2020,9,세종,1347.6,1153.24
2020,9,전국,1629.55,1154.45
2020,10,서울,1425.29,1231.73
2020,10,부산,1315.0,1115.32
2020,10,대구,1298.83,1101.4
2020,10,인천,1329.11,1130.53
2020,10,광주,1307.3,1108.94
2020,10,대전,1311.32,1111.97
2020,10,울산,1320.53,1121.22
2020,10,경기,1337.84,1137.15
2020,10,강원,1348.68,1151.69
2020,10,충북,1342.04,1141.17
2020,10,충남,1336.42,1135.6
2020,10,전북,1319.71,1120.5
2020,10,전남,1337.73,1140.22
2020,10,경북,1314.34,1114.49
2020,10,경남,1317.45,1118.76
2020,10,제주,1384.73,1176.24
2020,10,세종,1328.75,1135.76
2020,10,전국,1618.38,1133.96
2020,11,서울,1408.54,1214.55
2020,11,부산,1302.05,1099.3
2020,11,대구,1285.51,1088.0
2020,11,인천,1312.41,1113.48
2020,11,광주,1295.99,1096.49
2020,11,대전,1305.98,1105.82
2020,11,울산,1303.89,1103.99
2020,11,경기,1324.58,1123.67
2020,11,강원,1333.1,1134.95
2020,11,충북,1325.41,1123.57
2020,11,충남,1323.39,1122.28
2020,11,전북,1308.82,1108.78
2020,11,전남,1322.75,1124.06
2020,11,경북,1300.51,1100.42
2020,11,경남,1303.88,1104.21
2020,11,제주,1372.6,1164.51
2020,11,세종,1317.8,1124.28
2020,11,전국,1609.2,1119.6
2020,12,서울,1450.21,1255.59
2020,12,부산,1354.82,1152.62
2020,12,대구,1342.61,1144.14
2020,12,인천,1379.87,1181.15
2020,12,광주,1352.02,1152.44
2020,12,대전,1370.52,1171.27
2020,12,울산,1354.76,1155.08
2020,12,경기,1376.93,1177.28
2020,12,강원,1370.58,1171.81
2020,12,충북,1372.91,1172.9
2020,12,충남,1368.09,1167.21
2020,12,전북,1355.62,1155.79
2020,12,전남,1358.57,1159.66
2020,12,경북,1349.41,1149.83
2020,12,경남,1350.47,1151.52
2020,12,제주,1417.5,1214.89
2020,12,세종,1361.55,1165.98
2020,12,전국,1629.93,1168.32
2021,1,서울,1518.71,1321.59
2021,1,부산,1434.06,1231.38
2021,1,대구,1425.72,1226.88
2021,1,인천,1456.65,1257.51
2021,1,광주,1428.78,1228.48
2021,1,대전,1439.95,1239.49
2021,1,울산,1441.04,1241.71
2021,1,경기,1451.14,1251.39
2021,1,강원,1434.66,1235.63
2021,1,충북,1443.69,1244.41
2021,1,충남,1437.01,1236.59
2021,1,전북,1430.05,1230.62
2021,1,전남,1434.47,1235.13
2021,1,경북,1428.6,1228.63
2021,1,경남,1426.77,1227.59
2021,1,제주,1474.33,1281.41
2021,1,세종,1438.72,1243.14
2021,1,전국,1678.91,1242.35
2021,2,서울,1546.17,1347.96
2021,2,부산,1452.76,1250.7
2021,2,대구,1440.32,1241.69
2021,2,인천,1467.01,1267.79
2021,2,광주,1446.52,1246.34
2021,2,대전,1459.8,1259.76
2021,2,울산,1457.3,1258.22
2021,2,경기,1472.22,1272.28
2021,2,강원,1458.3,1258.44
2021,2,충북,1465.03,1264.5
2021,2,충남,1461.61,1260.8
2021,2,전북,1449.25,1249.53
2021,2,전남,1455.27,1255.39
2021,2,경북,1447.35,1246.98
2021,2,경남,1448.77,1248.88
2021,2,제주,1533.85,1341.93
2021,2,세종,1463.43,1267.83
2021,2,전국,1703.47,1263.36
2021,3,서울,1598.88,1400.02
2021,3,부산,1507.82,1306.64
2021,3,대구,1488.18,1288.79
2021,3,인천,1518.6,1318.48
2021,3,광주,1497.69,1297.97
2021,3,대전,1507.84,1307.47
2021,3,울산,1503.91,1303.68
2021,3,경기,1521.57,1321.31
2021,3,강원,1511.06,1310.71
2021,3,충북,1516.85,1314.79
2021,3,충남,1511.65,1310.17
2021,3,전북,1500.44,1299.84
2021,3,전남,1503.12,1302.79
2021,3,경북,1495.05,1293.72
2021,3,경남,1498.61,1298.02
2021,3,제주,1588.83,1385.78
2021,3,세종,1512.58,1316.19
2021,3,전국,1751.26,1312.63
2021,4,서울,1614.21,1413.45
2021,4,부산,1526.09,1323.81
2021,4,대구,1510.76,1310.75
2021,4,인천,1531.24,1331.16
2021,4,광주,1518.01,1316.76
2021,4,대전,1523.35,1322.43
2021,4,울산,1520.67,1320.22
2021,4,경기,1539.22,1337.9
2021,4,강원,1536.65,1335.83
2021,4,충북,1537.86,1334.8
2021,4,충남,1534.82,1332.61
2021,4,전북,1525.19,1323.22
2021,4,전남,1528.28,1327.33
2021,4,경북,1518.42,1315.95
2021,4,경남,1520.76,1319.27
2021,4,제주,1626.37,1411.21
2021,4,세종,1535.3,1336.55
2021,4,전국,1770.77,1332.74
2021,5,서울,1623.76,1422.41
2021,5,부산,1530.51,1327.81
2021,5,대구,1513.51,1313.06
2021,5,인천,1539.52,1338.54
2021,5,광주,1525.46,1323.26
2021,5,대전,1534.63,1332.59
2021,5,울산,1524.62,1324.18
2021,5,경기,1546.43,1343.85
2021,5,강원,1546.7,1345.3
2021,5,충북,1545.6,1342.15
2021,5,충남,1544.25,1340.89
2021,5,전북,1535.42,1332.38
2021,5,전남,1535.77,1334.16
2021,5,경북,1523.46,1320.52
2021,5,경남,1527.57,1325.39
2021,5,제주,1605.11,1382.86
2021,5,세종,1544.32,1345.02
2021,5,전국,1780.41,1338.81
2021,6,서울,1660.54,1459.64
2021,6,부산,1562.61,1360.34
2021,6,대구,1550.97,1350.45
2021,6,인천,1577.73,1377.04
2021,6,광주,1568.49,1365.51
2021,6,대전,1578.67,1376.62
2021,6,울산,1557.78,1357.02
2021,6,경기,1584.79,1381.53
2021,6,강원,1582.56,1380.61
2021,6,충북,1580.18,1376.97
2021,6,충남,1580.48,1376.74
2021,6,전북,1570.22,1366.87
2021,6,전남,1570.86,1368.75
2021,6,경북,1561.64,1358.6
2021,6,경남,1561.72,1359.17
2021,6,제주,1594.9,1373.31
2021,6,세종,1583.08,1382.84
2021,6,전국,1810.79,1374.36
2021,7,서울,1711.7,1510.23
2021,7,부산,1621.01,1418.01
2021,7,대구,1608.49,1406.2
2021,7,인천,1632.92,1430.12
2021,7,광주,1619.14,1415.2
2021,7,대전,1627.93,1424.74
2021,7,울산,1616.24,1414.73
2021,7,경기,1637.01,1432.91
2021,7,강원,1633.33,1430.7
2021,7,충북,1629.7,1425.85
2021,7,충남,1628.27,1423.71
2021,7,전북,1618.27,1413.93
2021,7,전남,1622.2,1418.66
2021,7,경북,1612.92,1409.03
2021,7,경남,1614.17,1411.02
2021,7,제주,1671.25,1458.37
2021,7,세종,1629.75,1428.38
2021,7,전국,1859.77,1425.54
2021,8,서울,1729.24,1526.71
2021,8,부산,1634.94,1430.23
2021,8,대구,1622.81,1418.5
2021,8,인천,1645.56,1439.06
2021,8,광주,1634.29,1428.62
2021,8,대전,1635.94,1431.46
2021,8,울산,1631.83,1429.0
2021,8,경기,1652.88,1447.03
2021,8,강원,1652.97,1449.65
2021,8,충북,1647.73,1442.26
2021,8,충남,1644.48,1438.36
2021,8,전북,1632.96,1426.92
2021,8,전남,1641.53,1436.89
2021,8,경북,1628.48,1423.35
2021,8,경남,1632.49,1427.37
2021,8,제주,1697.43,1489.04
2021,8,세종,1645.07,1441.99
2021,8,전국,1880.13,1440.54
2021,9,서울,1725.37,1522.31
2021,9,부산,1630.9,1426.96
2021,9,대구,1617.75,1412.77
2021,9,인천,1644.65,1437.99
2021,9,광주,1630.45,1425.0
2021,9,대전,1632.36,1429.52
2021,9,울산,1624.64,1421.79
2021,9,경기,1648.47,1442.02
2021,9,강원,1651.83,1448.46
2021,9,충북,1645.68,1439.12
2021,9,충남,1643.36,1436.91
2021,9,전북,1628.86,1422.82
2021,9,전남,1640.97,1436.64
2021,9,경북,1625.94,1420.59
2021,9,경남,1630.51,1425.11
2021,9,제주,1685.21,1473.15
2021,9,세종,1642.9,1439.5
2021,9,전국,1877.62,1437.17
2021,10,서울,1794.03,1591.46
2021,10,부산,1693.59,1490.87
2021,10,대구,1691.12,1486.9
2021,10,인천,1722.02,1517.04
2021,10,광주,1696.15,1494.43
2021,10,대전,1717.68,1515.02
2021,10,울산,1694.2,1493.5
2021,10,경기,1720.45,1516.85
2021,10,강원,1718.0,1516.41
2021,10,충북,1716.55,1512.51
2021,10,충남,1713.83,1510.31
2021,10,전북,1699.71,1496.83
2021,10,전남,1702.12,1499.22
2021,10,경북,1696.88,1493.46
2021,10,경남,1696.18,1493.5
2021,10,제주,1758.97,1562.54
2021,10,세종,1713.26,1510.81
2021,10,전국,1938.16,1509.29
2021,11,서울,1800.08,1618.4
2021,11,부산,1708.36,1520.57
2021,11,대구,1710.85,1521.55
2021,11,인천,1730.46,1543.65
2021,11,광주,1727.93,1540.08
2021,11,대전,1731.84,1541.68
2021,11,울산,1720.14,1533.41
2021,11,경기,1744.76,1556.93
2021,11,강원,1743.8,1560.92
2021,11,충북,1742.68,1552.81
2021,11,충남,1742.63,1552.64
2021,11,전북,1732.5,1541.73
2021,11,전남,1733.88,1546.44
2021,11,경북,1724.97,1535.54
2021,11,경남,1721.43,1534.24
2021,11,제주,1792.08,1620.37
2021,11,세종,1733.75,1547.61
2021,11,전국,1946.19,1549.72
2021,12,서울,1705.75,1539.56
2021,12,부산,1612.08,1441.57
2021,12,대구,1615.44,1438.58
2021,12,인천,1624.96,1457.0
2021,12,광주,1645.13,1469.99
2021,12,대전,1628.48,1450.35
2021,12,울산,1619.99,1447.17
2021,12,경기,1649.13,1469.46
2021,12,강원,1660.67,1493.94
2021,12,충북,1657.24,1473.68
2021,12,충남,1652.43,1470.24
2021,12,전북,1640.49,1456.13
2021,12,전남,1658.72,1482.29
2021,12,경북,1636.61,1457.26
2021,12,경남,1633.57,1456.81
2021,12,제주,1672.51,1498.25
2021,12,세종,1642.59,1468.89
2021,12,전국,1871.86,1468.9
2022,1,서울,1705.21,1535.69
2022,1,부산,1610.81,1437.91
2022,1,대구,1605.29,1421.46
2022,1,인천,1623.79,1454.45
2022,1,광주,1629.07,1453.01
2022,1,대전,1629.56,1447.26
2022,1,울산,1616.87,1438.13
2022,1,경기,1639.79,1455.26
2022,1,강원,1644.77,1474.6
2022,1,충북,1644.24,1455.06
2022,1,충남,1641.5,1454.63
2022,1,전북,1625.09,1434.81
2022,1,전남,1640.23,1460.21
2022,1,경북,1618.44,1434.54
2022,1,경남,1621.17,1440.06
2022,1,제주,1680.14,1514.69
2022,1,세종,1631.3,1451.76
2022,1,전국,1870.54,1453.53
2022,2,서울,1782.07,1614.18
2022,2,부산,1684.84,1516.08
2022,2,대구,1690.74,1509.13
2022,2,인천,1716.17,1549.02
2022,2,광주,1701.7,1523.05
2022,2,대전,1715.93,1536.03
2022,2,울산,1695.82,1519.1
2022,2,경기,1722.78,1543.65
2022,2,강원,1716.05,1545.03
2022,2,충북,1720.06,1537.17
2022,2,충남,1716.52,1535.17
2022,2,전북,1711.9,1523.46
2022,2,전남,1706.67,1529.34
2022,2,경북,1702.47,1520.09
2022,2,경남,1695.89,1519.4
2022,2,제주,1782.85,1640.22
2022,2,세종,1710.82,1537.46
2022,2,전국,1935.63,1536.64
2022,3,서울,2011.74,1907.9
2022,3,부산,1932.87,1814.59
2022,3,대구,1927.02,1810.64
2022,3,인천,1949.49,1840.95
2022,3,광주,1916.46,1800.91
2022,3,대전,1951.38,1835.39
2022,3,울산,1933.82,1832.33
2022,3,경기,1947.8,1839.14
2022,3,강원,1927.72,1820.21
2022,3,충북,1939.24,1830.18
2022,3,충남,1937.99,1823.42
2022,3,전북,1920.67,1796.08
2022,3,전남,1919.55,1803.36
2022,3,경북,1927.53,1811.57
2022,3,경남,1925.08,1819.61
2022,3,제주,2021.09,1938.15
2022,3,세종,1935.61,1827.47
2022,3,전국,2151.54,1826.93
2022,4,서울,2036.85,1972.8
2022,4,부산,1957.85,1883.79
2022,4,대구,1951.61,1874.2
2022,4,인천,1957.59,1902.83
2022,4,광주,1964.83,1890.23
2022,4,대전,1966.94,1898.05
2022,4,울산,1956.99,1890.95
2022,4,경기,1979.18,1911.15
2022,4,강원,1984.95,1920.7
2022,4,충북,1985.18,1912.14
2022,4,충남,1982.15,1908.95
2022,4,전북,1967.66,1887.74
2022,4,전남,1983.23,1906.42
2022,4,경북,1968.18,1892.46
2022,4,경남,1963.78,1897.24
2022,4,제주,2009.32,1989.02
2022,4,세종,1977.46,1910.99
2022,4,전국,2193.6,1906.42
2022,5,서울,2027.54,2018.48
2022,5,부산,1945.55,1938.13
2022,5,대구,1940.38,1934.16
2022,5,인천,1955.83,1961.82
2022,5,광주,1956.82,1946.0
2022,5,대전,1958.98,1958.54
2022,5,울산,1945.4,1942.64
2022,5,경기,1971.16,1967.27
2022,5,강원,1976.72,1975.05
2022,5,충북,1975.79,1970.48
2022,5,충남,1972.0,1968.12
2022,5,전북,1963.03,1956.93
2022,5,전남,1968.69,1964.12
2022,5,경북,1955.87,1952.59
2022,5,경남,1952.24,1953.14
2022,5,제주,2008.97,2057.34
2022,5,세종,1960.99,1960.32
2022,5,전국,2183.71,1964.28
2022,6,서울,2151.49,2151.39
2022,6,부산,2067.0,2069.63
2022,6,대구,2055.92,2061.22
2022,6,인천,2091.4,2091.4
2022,6,광주,2056.66,2062.29
2022,6,대전,2081.61,2089.86
2022,6,울산,2068.0,2073.64
2022,6,경기,2091.17,2094.09
2022,6,강원,2091.48,2100.22
2022,6,충북,2088.41,2093.8
2022,6,충남,2085.73,2090.93
2022,6,전북,2072.09,2074.49
2022,6,전남,2074.81,2081.37
2022,6,경북,2070.26,2075.86
2022,6,경남,2072.08,2079.72
2022,6,제주,2162.68,2184.71
2022,6,세종,2083.76,2089.68
2022,6,전국,2298.5,2089.03
2022,7,서울,2082.96,2135.77
2022,7,부산,2005.21,2059.73
2022,7,대구,1984.05,2047.8
2022,7,인천,2004.28,2071.56
2022,7,광주,2004.85,2073.02
2022,7,대전,2003.97,2075.47
2022,7,울산,2009.06,2065.19
2022,7,경기,2032.7,2084.16
2022,7,강원,2051.18,2107.7
2022,7,충북,2040.36,2092.12
2022,7,충남,2042.94,2090.09
2022,7,전북,2024.81,2073.05
2022,7,전남,2043.37,2098.41
2022,7,경북,2019.5,2073.65
2022,7,경남,2022.93,2080.48
2022,7,제주,2027.89,2119.42
2022,7,세종,2038.12,2091.98
2022,7,전국,2261.02,2084.91
2022,8,서울,1858.73,1945.22
2022,8,부산,1765.21,1860.47
2022,8,대구,1738.56,1843.96
2022,8,인천,1762.54,1867.38
2022,8,광주,1768.6,1876.14
2022,8,대전,1763.87,1873.53
2022,8,울산,1757.09,1859.82
2022,8,경기,1794.44,1885.5
2022,8,강원,1818.56,1916.94
2022,8,충북,1802.07,1894.16
2022,8,충남,1803.56,1898.77
2022,8,전북,1787.68,1885.28
2022,8,전남,1814.56,1911.99
2022,8,경북,1775.46,1876.89
2022,8,경남,1780.17,1878.27
2022,8,제주,1823.53,1945.41
2022,8,세종,1797.57,1895.71
2022,8,전국,2077.53,1889.31
2022,9,서울,1799.95,1920.22
2022,9,부산,1704.03,1819.09
2022,9,대구,1678.12,1804.32
2022,9,인천,1706.96,1844.9
2022,9,광주,1703.9,1828.3
2022,9,대전,1716.63,1849.73
2022,9,울산,1697.99,1813.22
2022,9,경기,1733.2,1853.23
2022,9,강원,1748.64,1871.78
2022,9,충북,1741.85,1856.71
2022,9,충남,1739.48,1855.96
2022,9,전북,1724.69,1841.2
2022,9,전남,1742.3,1856.92
2022,9,경북,1711.39,1827.6
2022,9,경남,1718.32,1832.29
2022,9,제주,1789.73,1995.77
2022,9,세종,1743.81,1860.8
2022,9,전국,2016.95,1850.2
2022,10,서울,1737.66,1904.1
2022,10,부산,1637.28,1808.98
2022,10,대구,1605.57,1802.39
2022,10,인천,1638.51,1839.83
2022,10,광주,1638.33,1815.17
2022,10,대전,1639.71,1830.34
2022,10,울산,1646.56,1805.93
2022,10,경기,1666.36,1839.35
2022,10,강원,1684.92,1854.21
2022,10,충북,1676.98,1845.74
2022,10,충남,1680.07,1843.2
2022,10,전북,1663.69,1830.92
2022,10,전남,1682.66,1843.25
2022,10,경북,1652.9,1819.46
2022,10,경남,1659.87,1822.99
2022,10,제주,1704.96,1977.39
2022,10,세종,1679.43,1844.55
2022,10,전국,1955.33,1838.34
2022,11,서울,1719.71,1937.87
2022,11,부산,1626.36,1858.28
2022,11,대구,1596.37,1845.14
2022,11,인천,1615.83,1874.05
2022,11,광주,1625.84,1861.7
2022,11,대전,1618.0,1876.21
2022,11,울산,1623.81,1854.11
2022,11,경기,1648.76,1879.68
2022,11,강원,1669.29,1892.79
2022,11,충북,1658.64,1887.12
2022,11,충남,1664.84,1886.26
2022,11,전북,1648.31,1872.18
2022,11,전남,1666.92,1884.59
2022,11,경북,1638.15,1864.45
2022,11,경남,1644.96,1867.93
2022,11,제주,1678.56,1948.59
2022,11,세종,1659.96,1886.8
2022,11,전국,1935.87,1879.15
2022,12,서울,1648.98,1865.33
2022,12,부산,1533.72,1755.69
2022,12,대구,1498.61,1735.71
2022,12,인천,1529.3,1753.52
2022,12,광주,1540.44,1760.62
2022,12,대전,1541.63,1788.4
2022,12,울산,1528.85,1757.18
2022,12,경기,1562.56,1779.87
2022,12,강원,1587.65,1810.21
2022,12,충북,1581.57,1789.07
2022,12,충남,1583.19,1801.99
2022,12,전북,1558.42,1777.96
2022,12,전남,1588.66,1807.07
2022,12,경북,1543.14,1766.77
2022,12,경남,1551.57,1769.46
2022,12,제주,1574.46,1760.24
2022,12,세종,1558.79,1792.68
2022,12,전국,1864.79,1783.21
2023,1,서울,1653.08,1759.17
2023,1,부산,1536.98,1640.48
2023,1,대구,1527.95,1626.49
2023,1,인천,1554.7,1649.21
2023,1,광주,1551.16,1659.21
2023,1,대전,1565.21,1681.39
2023,1,울산,1524.83,1640.92
2023,1,경기,1568.06,1671.31
2023,1,강원,1567.3,1700.8
2023,1,충북,1572.06,1681.0
2023,1,충남,1568.66,1690.62
2023,1,전북,1549.87,1671.73
2023,1,전남,1568.83,1698.82
2023,1,경북,1544.74,1656.55
2023,1,경남,1545.15,1662.75
2023,1,제주,1642.61,1692.73
2023,1,세종,1557.45,1689.99
2023,1,전국,1852.7,1675.37
2023,2,서울,1656.92,1694.53
2023,2,부산,1563.05,1576.4
2023,2,대구,1548.25,1557.98
2023,2,인천,1568.46,1579.82
2023,2,광주,1567.24,1590.23
2023,2,대전,1574.26,1603.6
2023,2,울산,1544.28,1576.79
2023,2,경기,1581.36,1603.58
2023,2,강원,1585.35,1636.05
2023,2,충북,1585.18,1608.79
2023,2,충남,1582.89,1618.8
2023,2,전북,1565.0,1603.34
2023,2,전남,1582.99,1624.24
2023,2,경북,1566.2,1586.6
2023,2,경남,1566.91,1595.98
2023,2,제주,1634.01,1627.73
2023,2,세종,1571.22,1608.43
2023,2,전국,1852.77,1606.41
2023,3,서울,1670.41,1635.38
2023,3,부산,1577.09,1514.58
2023,3,대구,1565.78,1496.29
2023,3,인천,1584.77,1516.49
2023,3,광주,1582.61,1525.23
2023,3,대전,1584.75,1538.07
2023,3,울산,1563.42,1512.67
2023,3,경기,1594.64,1536.31
2023,3,강원,1598.54,1565.48
2023,3,충북,1599.06,1542.61
2023,3,충남,1598.22,1550.56
2023,3,전북,1577.66,1534.45
2023,3,전남,1595.22,1557.63
2023,3,경북,1578.21,1516.18
2023,3,경남,1579.99,1528.82
2023,3,제주,1657.06,1575.71
2023,3,세종,1586.59,1538.61
2023,3,전국,1855.26,1539.72
2023,4,서울,1722.47,1633.88
2023,4,부산,1620.9,1512.8
2023,4,대구,1614.64,1502.55
2023,4,인천,1647.57,1530.29
2023,4,광주,1620.91,1509.42
2023,4,대전,1644.89,1541.71
2023,4,울산,1617.4,1511.35
2023,4,경기,1650.92,1540.17
2023,4,강원,1640.4,1550.19
2023,4,충북,1643.33,1535.64
2023,4,충남,1644.94,1544.0
2023,4,전북,1631.16,1524.24
2023,4,전남,1636.25,1539.76
2023,4,경북,1625.41,1514.51
2023,4,경남,1622.96,1522.5
2023,4,제주,1686.85,1567.99
2023,4,세종,1640.57,1539.85
2023,4,전국,1892.8,1535.7
2023,5,서울,1702.42,1576.39
2023,5,부산,1612.1,1454.43
2023,5,대구,1588.23,1422.07
2023,5,인천,1612.64,1437.73
2023,5,광주,1610.03,1444.74
2023,5,대전,1614.21,1459.65
2023,5,울산,1603.87,1450.06
2023,5,경기,1631.74,1468.68
2023,5,강원,1637.33,1498.96
2023,5,충북,1638.49,1482.19
2023,5,충남,1640.86,1486.24
2023,5,전북,1619.45,1456.06
2023,5,전남,1636.14,1488.16
2023,5,경북,1616.88,1453.19
2023,5,경남,1616.51,1464.94
2023,5,제주,1648.48,1473.55
2023,5,세종,1628.18,1478.17
2023,5,전국,1888.87,1471.97
2023,6,서울,1650.65,1502.67
2023,6,부산,1566.81,1376.0
2023,6,대구,1542.56,1350.97
2023,6,인천,1560.28,1370.2
2023,6,광주,1567.54,1375.96
2023,6,대전,1562.95,1388.27
2023,6,울산,1551.6,1367.14
2023,6,경기,1578.86,1389.69
2023,6,강원,1591.54,1416.76
2023,6,충북,1590.66,1402.02
2023,6,충남,1593.7,1406.48
2023,6,전북,1573.5,1381.38
2023,6,전남,1590.97,1410.74
2023,6,경북,1568.55,1374.45
2023,6,경남,1570.54,1384.26
2023,6,제주,1613.07,1414.28
2023,6,세종,1582.42,1406.25
2023,6,전국,1857.33,1394.48
2023,7,서울,1660.71,1508.8
2023,7,부산,1565.73,1374.3
2023,7,대구,1556.03,1365.36
2023,7,인천,1581.77,1398.39
2023,7,광주,1569.23,1377.76
2023,7,대전,1573.95,1396.35
2023,7,울산,1557.12,1367.73
2023,7,경기,1589.54,1399.42
2023,7,강원,1593.27,1408.3
2023,7,충북,1592.29,1399.61
2023,7,충남,1593.12,1401.12
2023,7,전북,1582.54,1387.03
2023,7,전남,1584.97,1397.51
2023,7,경북,1570.59,1374.9
2023,7,경남,1568.96,1379.06
2023,7,제주,1634.78,1442.76
2023,7,세종,1584.38,1403.73
2023,7,전국,1857.3,1396.48
2023,8,서울,1797.88,1674.89
2023,8,부산,1703.72,1562.77
2023,8,대구,1698.17,1561.24
2023,8,인천,1732.82,1599.91
2023,8,광주,1683.02,1533.16
2023,8,대전,1712.51,1584.29
2023,8,울산,1708.33,1560.65
2023,8,경기,1726.58,1588.53
2023,8,강원,1723.24,1578.37
2023,8,충북,1717.95,1571.65
2023,8,충남,1715.34,1566.06
2023,8,전북,1703.78,1544.36
2023,8,전남,1700.26,1547.13
2023,8,경북,1710.84,1555.07
2023,8,경남,1697.55,1560.68
2023,8,제주,1750.15,1644.37
2023,8,세종,1717.82,1576.35
2023,8,전국,1954.24,1573.16
2023,9,서울,1851.02,1751.44
2023,9,부산,1754.89,1653.87
2023,9,대구,1739.51,1637.13
2023,9,인천,1769.46,1665.36
2023,9,광주,1742.67,1642.89
2023,9,대전,1759.24,1666.05
2023,9,울산,1757.12,1649.54
2023,9,경기,1775.06,1672.49
2023,9,강원,1778.73,1679.35
2023,9,충북,1772.52,1667.27
2023,9,충남,1771.92,1667.02
2023,9,전북,1756.68,1647.3
2023,9,전남,1763.9,1660.55
2023,9,경북,1758.05,1650.43
2023,9,경남,1752.92,1655.23
2023,9,제주,1820.23,1747.76
2023,9,세종,1773.89,1671.04
2023,9,전국,1999.86,1666.53
2023,10,서울,1853.67,1770.9
2023,10,부산,1752.25,1673.81
2023,10,대구,1725.01,1647.08
2023,10,인천,1757.0,1676.89
2023,10,광주,1746.06,1671.36
2023,10,대전,1758.94,1680.77
2023,10,울산,1753.48,1668.04
2023,10,경기,1781.43,1692.98
2023,10,강원,1798.14,1709.78
2023,10,충북,1789.68,1696.09
2023,10,충남,1787.92,1697.99
2023,10,전북,1763.67,1676.96
2023,10,전남,1781.46,1692.75
2023,10,경북,1761.59,1675.65
2023,10,경남,1759.51,1678.13
2023,10,제주,1800.95,1742.99
2023,10,세종,1784.75,1696.71
2023,10,전국,2009.06,1690.31
2023,11,서울,1765.59,1703.18
2023,11,부산,1660.64,1597.99
2023,11,대구,1628.45,1585.18
2023,11,인천,1651.75,1605.79
2023,11,광주,1652.67,1610.59
2023,11,대전,1658.83,1614.86
2023,11,울산,1650.81,1601.89
2023,11,경기,1683.31,1623.77
2023,11,강원,1716.84,1655.58
2023,11,충북,1703.7,1638.56
2023,11,충남,1700.9,1643.47
2023,11,전북,1672.33,1620.59
2023,11,전남,1701.95,1642.76
2023,11,경북,1666.13,1614.9
2023,11,경남,1670.67,1617.67
2023,11,제주,1702.3,1651.83
2023,11,세종,1683.37,1630.38
2023,11,전국,1950.69,1628.22
2023,12,서울,1677.89,1609.46
2023,12,부산,1579.39,1492.05
2023,12,대구,1549.2,1478.81
2023,12,인천,1573.67,1510.53
2023,12,광주,1580.04,1503.69
2023,12,대전,1572.57,1513.91
2023,12,울산,1566.46,1490.64
2023,12,경기,1600.9,1522.62
2023,12,강원,1623.77,1554.21
2023,12,충북,1616.91,1539.58
2023,12,충남,1613.47,1544.65
2023,12,전북,1593.99,1522.48
2023,12,전남,1616.11,1543.41
2023,12,경북,1582.71,1509.03
2023,12,경남,1589.18,1511.08
2023,12,제주,1628.8,1538.5
2023,12,세종,1593.51,1525.0
2023,12,전국,1881.46,1526.31
2024,1,서울,1643.37,1568.06
2024,1,부산,1549.83,1451.7
2024,1,대구,1525.07,1434.82
2024,1,인천,1550.71,1470.35
2024,1,광주,1549.8,1457.4
2024,1,대전,1548.97,1472.48
2024,1,울산,1541.43,1449.98
2024,1,경기,1570.69,1480.8
2024,1,강원,1588.21,1505.37
2024,1,충북,1581.85,1491.86
2024,1,충남,1576.47,1491.06
2024,1,전북,1563.93,1473.59
2024,1,전남,1580.71,1490.18
2024,1,경북,1553.59,1461.18
2024,1,경남,1557.21,1464.49
2024,1,제주,1598.59,1492.87
2024,1,세종,1568.53,1485.53
2024,1,전국,1853.76,1480.07
2024,2,서울,1699.49,1611.32
2024,2,부산,1601.44,1500.35
2024,2,대구,1585.46,1485.28
2024,2,인천,1615.29,1521.67
2024,2,광주,1596.45,1497.6
2024,2,대전,1610.61,1517.87
2024,2,울산,1595.92,1500.28
2024,2,경기,1619.48,1522.3
2024,2,강원,1625.06,1531.19
2024,2,충북,1620.19,1521.25
2024,2,충남,1614.71,1519.58
2024,2,전북,1601.74,1503.32
2024,2,전남,1608.65,1511.07
2024,2,경북,1600.85,1501.49
2024,2,경남,1597.84,1501.91
2024,2,제주,1680.29,1586.23
2024,2,세종,1613.03,1520.31
2024,2,전국,1883.13,1517.75
2024,3,서울,1716.28,1623.32
2024,3,부산,1626.35,1521.93
2024,3,대구,1608.4,1505.28
2024,3,인천,1639.79,1539.92
2024,3,광주,1622.39,1519.68
2024,3,대전,1630.16,1535.61
2024,3,울산,1620.52,1522.54
2024,3,경기,1644.33,1543.12
2024,3,강원,1647.79,1550.21
2024,3,충북,1643.21,1540.82
2024,3,충남,1642.22,1543.74
2024,3,전북,1627.17,1525.08
2024,3,전남,1637.46,1537.53
2024,3,경북,1627.23,1525.72
2024,3,경남,1623.95,1524.79
2024,3,제주,1684.06,1588.92
2024,3,세종,1636.13,1540.37
2024,3,전국,1897.95,1538.97
2024,4,서울,1762.31,1641.57
2024,4,부산,1672.06,1537.78
2024,4,대구,1658.55,1522.65
2024,4,인천,1692.94,1558.05
2024,4,광주,1671.4,1539.87
2024,4,대전,1691.52,1560.14
2024,4,울산,1664.12,1535.32
2024,4,경기,1693.78,1559.06
2024,4,강원,1693.73,1570.02
2024,4,충북,1696.34,1560.15
2024,4,충남,1689.3,1564.47
2024,4,전북,1679.23,1544.35
2024,4,전남,1682.22,1558.04
2024,4,경북,1671.23,1542.65
2024,4,경남,1671.47,1544.53
2024,4,제주,1757.66,1635.42
2024,4,세종,1685.86,1558.99
2024,4,전국,1935.0,1557.77
2024,5,서울,1763.77,1627.24
2024,5,부산,1671.95,1515.16
2024,5,대구,1664.11,1495.47
2024,5,인천,1687.26,1526.28
2024,5,광주,1684.94,1520.67
2024,5,대전,1691.95,1538.74
2024,5,울산,1663.0,1511.88
2024,5,경기,1701.46,1537.43
2024,5,강원,1714.5,1563.95
2024,5,충북,1707.79,1545.49
2024,5,충남,1702.96,1549.2
2024,5,전북,1692.23,1527.16
2024,5,전남,1704.38,1554.54
2024,5,경북,1685.16,1522.56
2024,5,경남,1684.32,1531.27
2024,5,제주,1705.75,1558.92
2024,5,세종,1696.38,1541.58
2024,5,전국,1943.9,1539.59
2024,6,서울,1718.99,1580.46
2024,6,부산,1631.96,1467.08
2024,6,대구,1624.17,1441.93
2024,6,인천,1637.98,1459.57
2024,6,광주,1648.52,1473.58
2024,6,대전,1641.71,1483.56
2024,6,울산,1626.72,1464.65
2024,6,경기,1656.46,1483.08
2024,6,강원,1673.27,1511.38
2024,6,충북,1668.88,1496.42
2024,6,충남,1664.73,1495.24
2024,6,전북,1655.01,1477.95
2024,6,전남,1672.97,1508.03
2024,6,경북,1645.14,1466.84
2024,6,경남,1645.74,1477.23
2024,6,제주,1682.44,1530.89
2024,6,세종,1654.86,1486.46
2024,6,전국,1916.71,1487.54
2024,7,서울,1774.36,1637.64
2024,7,부산,1693.62,1530.19
2024,7,대구,1685.46,1512.06
2024,7,인천,1711.54,1546.7
2024,7,광주,1690.72,1522.5
2024,7,대전,1711.69,1557.84
2024,7,울산,1683.58,1520.96
2024,7,경기,1712.69,1548.3
2024,7,강원,1712.76,1553.23
2024,7,충북,1711.28,1544.71
2024,7,충남,1705.73,1540.33
2024,7,전북,1697.54,1526.0
2024,7,전남,1707.32,1543.24
2024,7,경북,1695.83,1522.24
2024,7,경남,1691.0,1524.91
2024,7,제주,1757.52,1613.79
2024,7,세종,1705.75,1541.33
2024,7,전국,1953.28,1542.46
2024,8,서울,1751.89,1615.62
2024,8,부산,1669.05,1507.17
2024,8,대구,1662.35,1492.63
2024,8,인천,1692.98,1535.63
2024,8,광주,1677.03,1510.53
2024,8,대전,1678.25,1528.09
2024,8,울산,1659.8,1501.27
2024,8,경기,1692.8,1529.6
2024,8,강원,1705.08,1548.93
2024,8,충북,1696.43,1532.7
2024,8,충남,1696.51,1534.13
2024,8,전북,1683.13,1514.41
2024,8,전남,1701.31,1536.88
2024,8,경북,1681.54,1511.44
2024,8,경남,1680.81,1517.03
2024,8,제주,1713.11,1564.53
2024,8,세종,1689.1,1525.78
2024,8,전국,1940.98,1528.85
2024,9,서울,1686.26,1544.18
2024,9,부산,1602.57,1435.19
2024,9,대구,1580.38,1415.41
2024,9,인천,1611.92,1450.28
2024,9,광주,1601.84,1435.84
2024,9,대전,1597.74,1453.31
2024,9,울산,1591.92,1433.22
2024,9,경기,1620.04,1452.72
2024,9,강원,1639.16,1479.94
2024,9,충북,1633.39,1466.1
2024,9,충남,1636.64,1470.94
2024,9,전북,1616.36,1449.32
2024,9,전남,1639.23,1474.51
2024,9,경북,1609.24,1443.08
2024,9,경남,1614.19,1448.29
2024,9,제주,1625.85,1473.68
2024,9,세종,1622.58,1459.24
2024,9,전국,1891.4,1458.22
2024,10,서울,1659.71,1511.46
2024,10,부산,1569.45,1394.06
2024,10,대구,1554.13,1379.85
2024,10,인천,1581.72,1418.79
2024,10,광주,1568.89,1395.78
2024,10,대전,1577.59,1420.85
2024,10,울산,1562.47,1399.35
2024,10,경기,1593.21,1418.79
2024,10,강원,1603.09,1440.3
2024,10,충북,1603.69,1428.6
2024,10,충남,1602.06,1430.32
2024,10,전북,1586.85,1415.12
2024,10,전남,1598.86,1430.18
2024,10,경북,1577.27,1407.34
2024,10,경남,1580.96,1408.04
2024,10,제주,1609.92,1453.94
2024,10,세종,1587.6,1421.7
2024,10,전국,1865.12,1421.44
2024,11,서울,1697.97,1552.6
2024,11,부산,1608.46,1434.12
2024,11,대구,1597.46,1424.26
2024,11,인천,1623.54,1465.04
2024,11,광주,1610.24,1436.8
2024,11,대전,1620.95,1462.46
2024,11,울산,1600.56,1437.38
2024,11,경기,1633.47,1463.43
2024,11,강원,1638.18,1476.98
2024,11,충북,1637.88,1466.57
2024,11,충남,1633.82,1466.19
2024,11,전북,1615.15,1446.01
2024,11,전남,1628.5,1458.51
2024,11,경북,1617.25,1448.44
2024,11,경남,1614.18,1445.46
2024,11,제주,1674.36,1527.02
2024,11,세종,1631.65,1465.74
2024,11,전국,1888.68,1461.04
2024,12,서울,1714.1,1576.73
2024,12,부산,1641.77,1480.94
2024,12,대구,1622.96,1464.66
2024,12,인천,1648.96,1495.39
2024,12,광주,1637.38,1479.5
2024,12,대전,1640.63,1494.41
2024,12,울산,1634.97,1476.16
2024,12,경기,1657.44,1498.25
2024,12,강원,1662.11,1509.09
2024,12,충북,1662.62,1501.14
2024,12,충남,1657.4,1500.74
2024,12,전북,1640.49,1484.38
2024,12,전남,1654.73,1494.97
2024,12,경북,1647.02,1488.14
2024,12,경남,1641.21,1487.31
2024,12,제주,1691.59,1548.79
2024,12,세종,1655.37,1501.75
2024,12,전국,1902.17,1497.25
2025,1,서울,1776.75,1643.45
2025,1,부산,1710.9,1554.23
2025,1,대구,1682.76,1534.73
2025,1,인천,1712.94,1568.22
2025,1,광주,1691.84,1545.93
2025,1,대전,1701.97,1564.16
2025,1,울산,1698.83,1546.99
2025,1,경기,1713.31,1566.29
2025,1,강원,1715.83,1571.22
2025,1,충북,1714.62,1566.79
2025,1,충남,1709.8,1565.65
2025,1,전북,1691.81,1548.8
2025,1,전남,1705.4,1557.02
2025,1,경북,1702.0,1552.44
2025,1,경남,1698.28,1555.61
2025,1,제주,1743.1,1605.65
2025,1,세종,1705.81,1565.55
2025,1,전국,1942.42,1563.53
2025,2,서울,1791.0,1665.71
2025,2,부산,1720.76,1579.33
2025,2,대구,1700.37,1562.8
2025,2,인천,1727.58,1594.8
2025,2,광주,1713.82,1583.6
2025,2,대전,1714.08,1592.72
2025,2,울산,1715.63,1575.9
2025,2,경기,1730.23,1594.77
2025,2,강원,1741.62,1606.84
2025,2,충북,1733.52,1599.32
2025,2,충남,1731.02,1598.19
2025,2,전북,1710.87,1579.21
2025,2,전남,1729.64,1593.28
2025,2,경북,1722.86,1582.48
2025,2,경남,1715.46,1584.05
2025,2,제주,1768.41,1645.38
2025,2,세종,1731.24,1603.68
2025,2,전국,1958.0,1594.01
2025,3,서울,1747.02,1625.31
2025,3,부산,1669.56,1531.36
2025,3,대구,1654.48,1517.56
2025,3,인천,1666.62,1534.43
2025,3,광주,1676.71,1548.83
2025,3,대전,1661.47,1541.39
2025,3,울산,1664.63,1528.37
2025,3,경기,1681.76,1546.24
2025,3,강원,1711.75,1579.58
2025,3,충북,1700.12,1565.2
2025,3,충남,1694.14,1561.31
2025,3,전북,1680.36,1549.7
2025,3,전남,1704.94,1569.64
2025,3,경북,1686.76,1545.63
2025,3,경남,1677.71,1545.85
2025,3,제주,1751.84,1614.45
2025,3,세종,1683.17,1560.0
2025,3,전국,1934.81,1555.03
2025,4,서울,1711.84,1592.64
2025,4,부산,1619.77,1481.91
2025,4,대구,1606.34,1469.02
2025,4,인천,1628.05,1501.87
2025,4,광주,1629.56,1502.4
2025,4,대전,1615.95,1497.68
2025,4,울산,1610.06,1474.98
2025,4,경기,1640.71,1505.4
2025,4,강원,1673.95,1541.68
2025,4,충북,1657.8,1523.92
2025,4,충남,1652.03,1520.0
2025,4,전북,1642.85,1512.32
2025,4,전남,1664.88,1530.85
2025,4,경북,1639.99,1499.47
2025,4,경남,1634.76,1502.51
2025,4,제주,1709.51,1559.51
2025,4,세종,1642.37,1516.4
2025,4,전국,1910.26,1513.21
2025,5,서울,1709.48,1592.06
2025,5,부산,1611.86,1474.67
2025,5,대구,1596.78,1457.75
2025,5,인천,1625.09,1499.86
2025,5,광주,1618.22,1489.87
2025,5,대전,1618.32,1499.99
2025,5,울산,1599.87,1463.44
2025,5,경기,1634.49,1498.32
2025,5,강원,1659.29,1525.82
2025,5,충북,1646.01,1511.45
2025,5,충남,1643.27,1509.34
2025,5,전북,1631.27,1498.24
2025,5,전남,1648.36,1513.77
2025,5,경북,1624.83,1484.17
2025,5,경남,1623.07,1488.69
2025,5,제주,1689.0,1545.36
2025,5,세종,1631.47,1501.89
2025,5,전국,1905.73,1502.15
2025,6,서울,1714.58,1593.57
2025,6,부산,1627.39,1489.33
2025,6,대구,1608.11,1466.97
2025,6,인천,1639.4,1506.37
2025,6,광주,1626.09,1494.97
2025,6,대전,1628.0,1505.56
2025,6,울산,1612.66,1483.76
2025,6,경기,1642.36,1502.53
2025,6,강원,1654.59,1519.43
2025,6,충북,1650.49,1513.9
2025,6,충남,1647.0,1509.67
2025,6,전북,1633.8,1497.69
2025,6,전남,1644.28,1507.43
2025,6,경북,1631.16,1491.0
2025,6,경남,1631.26,1493.62
2025,6,제주,1697.45,1557.12
2025,6,세종,1629.31,1500.88
2025,6,전국,1905.92,1505.43
