년도,월,지역,완속충전기_신규설치,급속충전기_신규설치,전체충전기_신규설치,완속충전기_누적대수,급속충전기_누적대수,전체충전기_누적대수
2019,1,강원,226.0,146.0,372.0,226.0,146.0,372.0
2019,2,강원,226.0,146.0,372.0,226.0,146.0,372.0
2019,3,강원,226.0,146.0,372.0,226.0,146.0,372.0
2019,4,강원,226.0,146.0,372.0,226.0,146.0,372.0
2019,5,강원,226.0,146.0,372.0,226.0,146.0,372.0
2019,6,강원,226.0,146.0,372.0,226.0,146.0,372.0
2019,7,강원,226.0,146.0,372.0,226.0,146.0,372.0
2019,8,강원,226.0,146.0,372.0,226.0,146.0,372.0
2019,9,강원,226.0,146.0,372.0,226.0,146.0,372.0
2019,10,강원,226.0,146.0,372.0,226.0,146.0,372.0
2019,11,강원,226.0,146.0,372.0,226.0,146.0,372.0
2019,12,강원,226.0,146.0,372.0,226.0,146.0,372.0
2020,1,강원,432.0,141.0,573.0,658.0,287.0,945.0
2020,2,강원,432.0,141.0,573.0,658.0,287.0,945.0
2020,3,강원,432.0,141.0,573.0,658.0,287.0,945.0
2020,4,강원,432.0,141.0,573.0,658.0,287.0,945.0
2020,5,강원,432.0,141.0,573.0,658.0,287.0,945.0
2020,6,강원,432.0,141.0,573.0,658.0,287.0,945.0
2020,7,강원,432.0,141.0,573.0,658.0,287.0,945.0
2020,8,강원,432.0,141.0,573.0,658.0,287.0,945.0
2020,9,강원,432.0,141.0,573.0,658.0,287.0,945.0
2020,10,강원,432.0,141.0,573.0,658.0,287.0,945.0
2020,11,강원,432.0,141.0,573.0,658.0,287.0,945.0
2020,12,강원,432.0,141.0,573.0,658.0,287.0,945.0
2021,1,강원,589.0,219.0,808.0,1247.0,506.0,1753.0
2021,2,강원,589.0,219.0,808.0,1247.0,506.0,1753.0
2021,3,강원,589.0,219.0,808.0,1247.0,506.0,1753.0
2021,4,강원,589.0,219.0,808.0,1247.0,506.0,1753.0
2021,5,강원,589.0,219.0,808.0,1247.0,506.0,1753.0
2021,6,강원,589.0,219.0,808.0,1247.0,506.0,1753.0
2021,7,강원,589.0,219.0,808.0,1247.0,506.0,1753.0
2021,8,강원,589.0,219.0,808.0,1247.0,506.0,1753.0
2021,9,강원,589.0,219.0,808.0,1247.0,506.0,1753.0
2021,10,강원,589.0,219.0,808.0,1247.0,506.0,1753.0
2021,11,강원,589.0,219.0,808.0,1247.0,506.0,1753.0
2021,12,강원,589.0,219.0,808.0,1247.0,506.0,1753.0
2022,1,강원,2828.0,391.0,3219.0,4075.0,897.0,4972.0
2022,2,강원,2828.0,391.0,3219.0,4075.0,897.0,4972.0
2022,3,강원,2828.0,391.0,3219.0,4075.0,897.0,4972.0
2022,4,강원,2828.0,391.0,3219.0,4075.0,897.0,4972.0
2022,5,강원,2828.0,391.0,3219.0,4075.0,897.0,4972.0
2022,6,강원,2828.0,391.0,3219.0,4075.0,897.0,4972.0
2022,7,강원,2828.0,391.0,3219.0,4075.0,897.0,4972.0
2022,8,강원,2828.0,391.0,3219.0,4075.0,897.0,4972.0
2022,9,강원,2828.0,391.0,3219.0,4075.0,897.0,4972.0
2022,10,강원,2828.0,391.0,3219.0,4075.0,897.0,4972.0
2022,11,강원,2828.0,391.0,3219.0,4075.0,897.0,4972.0
2022,12,강원,2828.0,391.0,3219.0,4075.0,897.0,4972.0
2023,1,강원,3521.0,741.0,4262.0,7596.0,1638.0,9234.0
2023,2,강원,3521.0,741.0,4262.0,7596.0,1638.0,9234.0
2023,3,강원,3521.0,741.0,4262.0,7596.0,1638.0,9234.0
2023,4,강원,3521.0,741.0,4262.0,7596.0,1638.0,9234.0
2023,5,강원,3521.0,741.0,4262.0,7596.0,1638.0,9234.0
2023,6,강원,3521.0,741.0,4262.0,7596.0,1638.0,9234.0
2023,7,강원,3521.0,741.0,4262.0,7596.0,1638.0,9234.0
2023,8,강원,3521.0,741.0,4262.0,7596.0,1638.0,9234.0
2023,9,강원,3521.0,741.0,4262.0,7596.0,1638.0,9234.0
2023,10,강원,3521.0,741.0,4262.0,7596.0,1638.0,9234.0
2023,11,강원,3521.0,741.0,4262.0,7596.0,1638.0,9234.0
2023,12,강원,3521.0,741.0,4262.0,7596.0,1638.0,9234.0
2024,1,강원,3267.0,453.0,3720.0,10863.0,2091.0,12954.0
2024,2,강원,3267.0,453.0,3720.0,10863.0,2091.0,12954.0
2024,3,강원,3267.0,453.0,3720.0,10863.0,2091.0,12954.0
2024,4,강원,3267.0,453.0,3720.0,10863.0,2091.0,12954.0
2024,5,강원,3267.0,453.0,3720.0,10863.0,2091.0,12954.0
2024,6,강원,3267.0,453.0,3720.0,10863.0,2091.0,12954.0
2024,7,강원,3267.0,453.0,3720.0,10863.0,2091.0,12954.0
2024,8,강원,3267.0,453.0,3720.0,10863.0,2091.0,12954.0
2024,9,강원,3267.0,453.0,3720.0,10863.0,2091.0,12954.0
2024,10,강원,3267.0,453.0,3720.0,10863.0,2091.0,12954.0
2024,11,강원,3267.0,453.0,3720.0,10863.0,2091.0,12954.0
2024,12,강원,3267.0,453.0,3720.0,10863.0,2091.0,12954.0
2019,1,경기,2287.0,568.0,2855.0,2287.0,568.0,2855.0
2019,2,경기,2287.0,568.0,2855.0,2287.0,568.0,2855.0
2019,3,경기,2287.0,568.0,2855.0,2287.0,568.0,2855.0
2019,4,경기,2287.0,568.0,2855.0,2287.0,568.0,2855.0
2019,5,경기,2287.0,568.0,2855.0,2287.0,568.0,2855.0
2019,6,경기,2287.0,568.0,2855.0,2287.0,568.0,2855.0
2019,7,경기,2287.0,568.0,2855.0,2287.0,568.0,2855.0
2019,8,경기,2287.0,568.0,2855.0,2287.0,568.0,2855.0
2019,9,경기,2287.0,568.0,2855.0,2287.0,568.0,2855.0
2019,10,경기,2287.0,568.0,2855.0,2287.0,568.0,2855.0
2019,11,경기,2287.0,568.0,2855.0,2287.0,568.0,2855.0
2019,12,경기,2287.0,568.0,2855.0,2287.0,568.0,2855.0
2020,1,경기,2393.0,372.0,2765.0,4680.0,940.0,5620.0
2020,2,경기,2393.0,372.0,2765.0,4680.0,940.0,5620.0
2020,3,경기,2393.0,372.0,2765.0,4680.0,940.0,5620.0
2020,4,경기,2393.0,372.0,2765.0,4680.0,940.0,5620.0
2020,5,경기,2393.0,372.0,2765.0,4680.0,940.0,5620.0
2020,6,경기,2393.0,372.0,2765.0,4680.0,940.0,5620.0
2020,7,경기,2393.0,372.0,2765.0,4680.0,940.0,5620.0
2020,8,경기,2393.0,372.0,2765.0,4680.0,940.0,5620.0
2020,9,경기,2393.0,372.0,2765.0,4680.0,940.0,5620.0
2020,10,경기,2393.0,372.0,2765.0,4680.0,940.0,5620.0
2020,11,경기,2393.0,372.0,2765.0,4680.0,940.0,5620.0
2020,12,경기,2393.0,372.0,2765.0,4680.0,940.0,5620.0
2021,1,경기,6154.0,692.0,6846.0,10834.0,1632.0,12466.0
2021,2,경기,6154.0,692.0,6846.0,10834.0,1632.0,12466.0
2021,3,경기,6154.0,692.0,6846.0,10834.0,1632.0,12466.0
2021,4,경기,6154.0,692.0,6846.0,10834.0,1632.0,12466.0
2021,5,경기,6154.0,692.0,6846.0,10834.0,1632.0,12466.0
2021,6,경기,6154.0,692.0,6846.0,10834.0,1632.0,12466.0
2021,7,경기,6154.0,692.0,6846.0,10834.0,1632.0,12466.0
2021,8,경기,6154.0,692.0,6846.0,10834.0,1632.0,12466.0
2021,9,경기,6154.0,692.0,6846.0,10834.0,1632.0,12466.0
2021,10,경기,6154.0,692.0,6846.0,10834.0,1632.0,12466.0
2021,11,경기,6154.0,692.0,6846.0,10834.0,1632.0,12466.0
2021,12,경기,6154.0,692.0,6846.0,10834.0,1632.0,12466.0
2022,1,경기,25509.0,1457.0,26966.0,36343.0,3089.0,39432.0
2022,2,경기,25509.0,1457.0,26966.0,36343.0,3089.0,39432.0
2022,3,경기,25509.0,1457.0,26966.0,36343.0,3089.0,39432.0
2022,4,경기,25509.0,1457.0,26966.0,36343.0,3089.0,39432.0
2022,5,경기,25509.0,1457.0,26966.0,36343.0,3089.0,39432.0
2022,6,경기,25509.0,1457.0,26966.0,36343.0,3089.0,39432.0
2022,7,경기,25509.0,1457.0,26966.0,36343.0,3089.0,39432.0
2022,8,경기,25509.0,1457.0,26966.0,36343.0,3089.0,39432.0
2022,9,경기,25509.0,1457.0,26966.0,36343.0,3089.0,39432.0
2022,10,경기,25509.0,1457.0,26966.0,36343.0,3089.0,39432.0
2022,11,경기,25509.0,1457.0,26966.0,36343.0,3089.0,39432.0
2022,12,경기,25509.0,1457.0,26966.0,36343.0,3089.0,39432.0
2023,1,경기,29567.0,3995.0,33562.0,65910.0,7084.0,72994.0
2023,2,경기,29567.0,3995.0,33562.0,65910.0,7084.0,72994.0
2023,3,경기,29567.0,3995.0,33562.0,65910.0,7084.0,72994.0
2023,4,경기,29567.0,3995.0,33562.0,65910.0,7084.0,72994.0
2023,5,경기,29567.0,3995.0,33562.0,65910.0,7084.0,72994.0
2023,6,경기,29567.0,3995.0,33562.0,65910.0,7084.0,72994.0
2023,7,경기,29567.0,3995.0,33562.0,65910.0,7084.0,72994.0
2023,8,경기,29567.0,3995.0,33562.0,65910.0,7084.0,72994.0
2023,9,경기,29567.0,3995.0,33562.0,65910.0,7084.0,72994.0
2023,10,경기,29567.0,3995.0,33562.0,65910.0,7084.0,72994.0
2023,11,경기,29567.0,3995.0,33562.0,65910.0,7084.0,72994.0
2023,12,경기,29567.0,3995.0,33562.0,65910.0,7084.0,72994.0
2024,1,경기,33317.0,3032.0,36349.0,99227.0,10116.0,109343.0
2024,2,경기,33317.0,3032.0,36349.0,99227.0,10116.0,109343.0
2024,3,경기,33317.0,3032.0,36349.0,99227.0,10116.0,109343.0
2024,4,경기,33317.0,3032.0,36349.0,99227.0,10116.0,109343.0
2024,5,경기,33317.0,3032.0,36349.0,99227.0,10116.0,109343.0
2024,6,경기,33317.0,3032.0,36349.0,99227.0,10116.0,109343.0
2024,7,경기,33317.0,3032.0,36349.0,99227.0,10116.0,109343.0
2024,8,경기,33317.0,3032.0,36349.0,99227.0,10116.0,109343.0
2024,9,경기,33317.0,3032.0,36349.0,99227.0,10116.0,109343.0
2024,10,경기,33317.0,3032.0,36349.0,99227.0,10116.0,109343.0
2024,11,경기,33317.0,3032.0,36349.0,99227.0,10116.0,109343.0
2024,12,경기,33317.0,3032.0,36349.0,99227.0,10116.0,109343.0
2019,1,경남,781.0,164.0,945.0,781.0,164.0,945.0
2019,2,경남,781.0,164.0,945.0,781.0,164.0,945.0
2019,3,경남,781.0,164.0,945.0,781.0,164.0,945.0
2019,4,경남,781.0,164.0,945.0,781.0,164.0,945.0
2019,5,경남,781.0,164.0,945.0,781.0,164.0,945.0
2019,6,경남,781.0,164.0,945.0,781.0,164.0,945.0
2019,7,경남,781.0,164.0,945.0,781.0,164.0,945.0
2019,8,경남,781.0,164.0,945.0,781.0,164.0,945.0
2019,9,경남,781.0,164.0,945.0,781.0,164.0,945.0
2019,10,경남,781.0,164.0,945.0,781.0,164.0,945.0
2019,11,경남,781.0,164.0,945.0,781.0,164.0,945.0
2019,12,경남,781.0,164.0,945.0,781.0,164.0,945.0
2020,1,경남,738.0,162.0,900.0,1519.0,326.0,1845.0
2020,2,경남,738.0,162.0,900.0,1519.0,326.0,1845.0
2020,3,경남,738.0,162.0,900.0,1519.0,326.0,1845.0
2020,4,경남,738.0,162.0,900.0,1519.0,326.0,1845.0
2020,5,경남,738.0,162.0,900.0,1519.0,326.0,1845.0
2020,6,경남,738.0,162.0,900.0,1519.0,326.0,1845.0
2020,7,경남,738.0,162.0,900.0,1519.0,326.0,1845.0
2020,8,경남,738.0,162.0,900.0,1519.0,326.0,1845.0
2020,9,경남,738.0,162.0,900.0,1519.0,326.0,1845.0
2020,10,경남,738.0,162.0,900.0,1519.0,326.0,1845.0
2020,11,경남,738.0,162.0,900.0,1519.0,326.0,1845.0
2020,12,경남,738.0,162.0,900.0,1519.0,326.0,1845.0
2021,1,경남,1022.0,461.0,1483.0,2541.0,787.0,3328.0
2021,2,경남,1022.0,461.0,1483.0,2541.0,787.0,3328.0
2021,3,경남,1022.0,461.0,1483.0,2541.0,787.0,3328.0
2021,4,경남,1022.0,461.0,1483.0,2541.0,787.0,3328.0
2021,5,경남,1022.0,461.0,1483.0,2541.0,787.0,3328.0
2021,6,경남,1022.0,461.0,1483.0,2541.0,787.0,3328.0
2021,7,경남,1022.0,461.0,1483.0,2541.0,787.0,3328.0
2021,8,경남,1022.0,461.0,1483.0,2541.0,787.0,3328.0
2021,9,경남,1022.0,461.0,1483.0,2541.0,787.0,3328.0
2021,10,경남,1022.0,461.0,1483.0,2541.0,787.0,3328.0
2021,11,경남,1022.0,461.0,1483.0,2541.0,787.0,3328.0
2021,12,경남,1022.0,461.0,1483.0,2541.0,787.0,3328.0
2022,1,경남,4876.0,364.0,5240.0,7417.0,1151.0,8568.0
2022,2,경남,4876.0,364.0,5240.0,7417.0,1151.0,8568.0
2022,3,경남,4876.0,364.0,5240.0,7417.0,1151.0,8568.0
2022,4,경남,4876.0,364.0,5240.0,7417.0,1151.0,8568.0
2022,5,경남,4876.0,364.0,5240.0,7417.0,1151.0,8568.0
2022,6,경남,4876.0,364.0,5240.0,7417.0,1151.0,8568.0
2022,7,경남,4876.0,364.0,5240.0,7417.0,1151.0,8568.0
2022,8,경남,4876.0,364.0,5240.0,7417.0,1151.0,8568.0
2022,9,경남,4876.0,364.0,5240.0,7417.0,1151.0,8568.0
2022,10,경남,4876.0,364.0,5240.0,7417.0,1151.0,8568.0
2022,11,경남,4876.0,364.0,5240.0,7417.0,1151.0,8568.0
2022,12,경남,4876.0,364.0,5240.0,7417.0,1151.0,8568.0
2023,1,경남,5488.0,993.0,6481.0,12905.0,2144.0,15049.0
2023,2,경남,5488.0,993.0,6481.0,12905.0,2144.0,15049.0
2023,3,경남,5488.0,993.0,6481.0,12905.0,2144.0,15049.0
2023,4,경남,5488.0,993.0,6481.0,12905.0,2144.0,15049.0
2023,5,경남,5488.0,993.0,6481.0,12905.0,2144.0,15049.0
2023,6,경남,5488.0,993.0,6481.0,12905.0,2144.0,15049.0
2023,7,경남,5488.0,993.0,6481.0,12905.0,2144.0,15049.0
2023,8,경남,5488.0,993.0,6481.0,12905.0,2144.0,15049.0
2023,9,경남,5488.0,993.0,6481.0,12905.0,2144.0,15049.0
2023,10,경남,5488.0,993.0,6481.0,12905.0,2144.0,15049.0
2023,11,경남,5488.0,993.0,6481.0,12905.0,2144.0,15049.0
2023,12,경남,5488.0,993.0,6481.0,12905.0,2144.0,15049.0
2024,1,경남,5502.0,903.0,6405.0,18407.0,3047.0,21454.0
2024,2,경남,5502.0,903.0,6405.0,18407.0,3047.0,21454.0
2024,3,경남,5502.0,903.0,6405.0,18407.0,3047.0,21454.0
2024,4,경남,5502.0,903.0,6405.0,18407.0,3047.0,21454.0
2024,5,경남,5502.0,903.0,6405.0,18407.0,3047.0,21454.0
2024,6,경남,5502.0,903.0,6405.0,18407.0,3047.0,21454.0
2024,7,경남,5502.0,903.0,6405.0,18407.0,3047.0,21454.0
2024,8,경남,5502.0,903.0,6405.0,18407.0,3047.0,21454.0
2024,9,경남,5502.0,903.0,6405.0,18407.0,3047.0,21454.0
2024,10,경남,5502.0,903.0,6405.0,18407.0,3047.0,21454.0
2024,11,경남,5502.0,903.0,6405.0,18407.0,3047.0,21454.0
2024,12,경남,5502.0,903.0,6405.0,18407.0,3047.0,21454.0
2019,1,경북,478.0,232.0,710.0,478.0,232.0,710.0
2019,2,경북,478.0,232.0,710.0,478.0,232.0,710.0
2019,3,경북,478.0,232.0,710.0,478.0,232.0,710.0
2019,4,경북,478.0,232.0,710.0,478.0,232.0,710.0
2019,5,경북,478.0,232.0,710.0,478.0,232.0,710.0
2019,6,경북,478.0,232.0,710.0,478.0,232.0,710.0
2019,7,경북,478.0,232.0,710.0,478.0,232.0,710.0
2019,8,경북,478.0,232.0,710.0,478.0,232.0,710.0
2019,9,경북,478.0,232.0,710.0,478.0,232.0,710.0
2019,10,경북,478.0,232.0,710.0,478.0,232.0,710.0
2019,11,경북,478.0,232.0,710.0,478.0,232.0,710.0
2019,12,경북,478.0,232.0,710.0,478.0,232.0,710.0
2020,1,경북,557.0,263.0,820.0,1035.0,495.0,1530.0
2020,2,경북,557.0,263.0,820.0,1035.0,495.0,1530.0
2020,3,경북,557.0,263.0,820.0,1035.0,495.0,1530.0
2020,4,경북,557.0,263.0,820.0,1035.0,495.0,1530.0
2020,5,경북,557.0,263.0,820.0,1035.0,495.0,1530.0
2020,6,경북,557.0,263.0,820.0,1035.0,495.0,1530.0
2020,7,경북,557.0,263.0,820.0,1035.0,495.0,1530.0
2020,8,경북,557.0,263.0,820.0,1035.0,495.0,1530.0
2020,9,경북,557.0,263.0,820.0,1035.0,495.0,1530.0
2020,10,경북,557.0,263.0,820.0,1035.0,495.0,1530.0
2020,11,경북,557.0,263.0,820.0,1035.0,495.0,1530.0
2020,12,경북,557.0,263.0,820.0,1035.0,495.0,1530.0
2021,1,경북,1170.0,412.0,1582.0,2205.0,907.0,3112.0
2021,2,경북,1170.0,412.0,1582.0,2205.0,907.0,3112.0
2021,3,경북,1170.0,412.0,1582.0,2205.0,907.0,3112.0
2021,4,경북,1170.0,412.0,1582.0,2205.0,907.0,3112.0
2021,5,경북,1170.0,412.0,1582.0,2205.0,907.0,3112.0
2021,6,경북,1170.0,412.0,1582.0,2205.0,907.0,3112.0
2021,7,경북,1170.0,412.0,1582.0,2205.0,907.0,3112.0
2021,8,경북,1170.0,412.0,1582.0,2205.0,907.0,3112.0
2021,9,경북,1170.0,412.0,1582.0,2205.0,907.0,3112.0
2021,10,경북,1170.0,412.0,1582.0,2205.0,907.0,3112.0
2021,11,경북,1170.0,412.0,1582.0,2205.0,907.0,3112.0
2021,12,경북,1170.0,412.0,1582.0,2205.0,907.0,3112.0
2022,1,경북,3463.0,518.0,3981.0,5668.0,1425.0,7093.0
2022,2,경북,3463.0,518.0,3981.0,5668.0,1425.0,7093.0
2022,3,경북,3463.0,518.0,3981.0,5668.0,1425.0,7093.0
2022,4,경북,3463.0,518.0,3981.0,5668.0,1425.0,7093.0
2022,5,경북,3463.0,518.0,3981.0,5668.0,1425.0,7093.0
2022,6,경북,3463.0,518.0,3981.0,5668.0,1425.0,7093.0
2022,7,경북,3463.0,518.0,3981.0,5668.0,1425.0,7093.0
2022,8,경북,3463.0,518.0,3981.0,5668.0,1425.0,7093.0
2022,9,경북,3463.0,518.0,3981.0,5668.0,1425.0,7093.0
2022,10,경북,3463.0,518.0,3981.0,5668.0,1425.0,7093.0
2022,11,경북,3463.0,518.0,3981.0,5668.0,1425.0,7093.0
2022,12,경북,3463.0,518.0,3981.0,5668.0,1425.0,7093.0
2023,1,경북,3738.0,1192.0,4930.0,9406.0,2617.0,12023.0
2023,2,경북,3738.0,1192.0,4930.0,9406.0,2617.0,12023.0
2023,3,경북,3738.0,1192.0,4930.0,9406.0,2617.0,12023.0
2023,4,경북,3738.0,1192.0,4930.0,9406.0,2617.0,12023.0
2023,5,경북,3738.0,1192.0,4930.0,9406.0,2617.0,12023.0
2023,6,경북,3738.0,1192.0,4930.0,9406.0,2617.0,12023.0
2023,7,경북,3738.0,1192.0,4930.0,9406.0,2617.0,12023.0
2023,8,경북,3738.0,1192.0,4930.0,9406.0,2617.0,12023.0
2023,9,경북,3738.0,1192.0,4930.0,9406.0,2617.0,12023.0
2023,10,경북,3738.0,1192.0,4930.0,9406.0,2617.0,12023.0
2023,11,경북,3738.0,1192.0,4930.0,9406.0,2617.0,12023.0
2023,12,경북,3738.0,1192.0,4930.0,9406.0,2617.0,12023.0
2024,1,경북,4222.0,676.0,4898.0,13628.0,3293.0,16921.0
2024,2,경북,4222.0,676.0,4898.0,13628.0,3293.0,16921.0
2024,3,경북,4222.0,676.0,4898.0,13628.0,3293.0,16921.0
2024,4,경북,4222.0,676.0,4898.0,13628.0,3293.0,16921.0
2024,5,경북,4222.0,676.0,4898.0,13628.0,3293.0,16921.0
2024,6,경북,4222.0,676.0,4898.0,13628.0,3293.0,16921.0
2024,7,경북,4222.0,676.0,4898.0,13628.0,3293.0,16921.0
2024,8,경북,4222.0,676.0,4898.0,13628.0,3293.0,16921.0
2024,9,경북,4222.0,676.0,4898.0,13628.0,3293.0,16921.0
2024,10,경북,4222.0,676.0,4898.0,13628.0,3293.0,16921.0
2024,11,경북,4222.0,676.0,4898.0,13628.0,3293.0,16921.0
2024,12,경북,4222.0,676.0,4898.0,13628.0,3293.0,16921.0
2019,1,광주,390.0,66.0,456.0,390.0,66.0,456.0
2019,2,광주,390.0,66.0,456.0,390.0,66.0,456.0
2019,3,광주,390.0,66.0,456.0,390.0,66.0,456.0
2019,4,광주,390.0,66.0,456.0,390.0,66.0,456.0
2019,5,광주,390.0,66.0,456.0,390.0,66.0,456.0
2019,6,광주,390.0,66.0,456.0,390.0,66.0,456.0
2019,7,광주,390.0,66.0,456.0,390.0,66.0,456.0
2019,8,광주,390.0,66.0,456.0,390.0,66.0,456.0
2019,9,광주,390.0,66.0,456.0,390.0,66.0,456.0
2019,10,광주,390.0,66.0,456.0,390.0,66.0,456.0
2019,11,광주,390.0,66.0,456.0,390.0,66.0,456.0
2019,12,광주,390.0,66.0,456.0,390.0,66.0,456.0
2020,1,광주,341.0,56.0,397.0,731.0,122.0,853.0
2020,2,광주,341.0,56.0,397.0,731.0,122.0,853.0
2020,3,광주,341.0,56.0,397.0,731.0,122.0,853.0
2020,4,광주,341.0,56.0,397.0,731.0,122.0,853.0
2020,5,광주,341.0,56.0,397.0,731.0,122.0,853.0
2020,6,광주,341.0,56.0,397.0,731.0,122.0,853.0
2020,7,광주,341.0,56.0,397.0,731.0,122.0,853.0
2020,8,광주,341.0,56.0,397.0,731.0,122.0,853.0
2020,9,광주,341.0,56.0,397.0,731.0,122.0,853.0
2020,10,광주,341.0,56.0,397.0,731.0,122.0,853.0
2020,11,광주,341.0,56.0,397.0,731.0,122.0,853.0
2020,12,광주,341.0,56.0,397.0,731.0,122.0,853.0
2021,1,광주,669.0,103.0,772.0,1400.0,225.0,1625.0
2021,2,광주,669.0,103.0,772.0,1400.0,225.0,1625.0
2021,3,광주,669.0,103.0,772.0,1400.0,225.0,1625.0
2021,4,광주,669.0,103.0,772.0,1400.0,225.0,1625.0
2021,5,광주,669.0,103.0,772.0,1400.0,225.0,1625.0
2021,6,광주,669.0,103.0,772.0,1400.0,225.0,1625.0
2021,7,광주,669.0,103.0,772.0,1400.0,225.0,1625.0
2021,8,광주,669.0,103.0,772.0,1400.0,225.0,1625.0
2021,9,광주,669.0,103.0,772.0,1400.0,225.0,1625.0
2021,10,광주,669.0,103.0,772.0,1400.0,225.0,1625.0
2021,11,광주,669.0,103.0,772.0,1400.0,225.0,1625.0
2021,12,광주,669.0,103.0,772.0,1400.0,225.0,1625.0
2022,1,광주,2450.0,160.0,2610.0,3850.0,385.0,4235.0
2022,2,광주,2450.0,160.0,2610.0,3850.0,385.0,4235.0
2022,3,광주,2450.0,160.0,2610.0,3850.0,385.0,4235.0
2022,4,광주,2450.0,160.0,2610.0,3850.0,385.0,4235.0
2022,5,광주,2450.0,160.0,2610.0,3850.0,385.0,4235.0
2022,6,광주,2450.0,160.0,2610.0,3850.0,385.0,4235.0
2022,7,광주,2450.0,160.0,2610.0,3850.0,385.0,4235.0
2022,8,광주,2450.0,160.0,2610.0,3850.0,385.0,4235.0
2022,9,광주,2450.0,160.0,2610.0,3850.0,385.0,4235.0
2022,10,광주,2450.0,160.0,2610.0,3850.0,385.0,4235.0
2022,11,광주,2450.0,160.0,2610.0,3850.0,385.0,4235.0
2022,12,광주,2450.0,160.0,2610.0,3850.0,385.0,4235.0
2023,1,광주,3000.0,276.0,3276.0,6850.0,661.0,7511.0
2023,2,광주,3000.0,276.0,3276.0,6850.0,661.0,7511.0
2023,3,광주,3000.0,276.0,3276.0,6850.0,661.0,7511.0
2023,4,광주,3000.0,276.0,3276.0,6850.0,661.0,7511.0
2023,5,광주,3000.0,276.0,3276.0,6850.0,661.0,7511.0
2023,6,광주,3000.0,276.0,3276.0,6850.0,661.0,7511.0
2023,7,광주,3000.0,276.0,3276.0,6850.0,661.0,7511.0
2023,8,광주,3000.0,276.0,3276.0,6850.0,661.0,7511.0
2023,9,광주,3000.0,276.0,3276.0,6850.0,661.0,7511.0
2023,10,광주,3000.0,276.0,3276.0,6850.0,661.0,7511.0
2023,11,광주,3000.0,276.0,3276.0,6850.0,661.0,7511.0
2023,12,광주,3000.0,276.0,3276.0,6850.0,661.0,7511.0
2024,1,광주,3920.0,295.0,4215.0,10770.0,956.0,11726.0
2024,2,광주,3920.0,295.0,4215.0,10770.0,956.0,11726.0
2024,3,광주,3920.0,295.0,4215.0,10770.0,956.0,11726.0
2024,4,광주,3920.0,295.0,4215.0,10770.0,956.0,11726.0
2024,5,광주,3920.0,295.0,4215.0,10770.0,956.0,11726.0
2024,6,광주,3920.0,295.0,4215.0,10770.0,956.0,11726.0
2024,7,광주,3920.0,295.0,4215.0,10770.0,956.0,11726.0
2024,8,광주,3920.0,295.0,4215.0,10770.0,956.0,11726.0
2024,9,광주,3920.0,295.0,4215.0,10770.0,956.0,11726.0
2024,10,광주,3920.0,295.0,4215.0,10770.0,956.0,11726.0
2024,11,광주,3920.0,295.0,4215.0,10770.0,956.0,11726.0
2024,12,광주,3920.0,295.0,4215.0,10770.0,956.0,11726.0
2019,1,대구,506.0,105.0,611.0,506.0,105.0,611.0
2019,2,대구,506.0,105.0,611.0,506.0,105.0,611.0
2019,3,대구,506.0,105.0,611.0,506.0,105.0,611.0
2019,4,대구,506.0,105.0,611.0,506.0,105.0,611.0
2019,5,대구,506.0,105.0,611.0,506.0,105.0,611.0
2019,6,대구,506.0,105.0,611.0,506.0,105.0,611.0
2019,7,대구,506.0,105.0,611.0,506.0,105.0,611.0
2019,8,대구,506.0,105.0,611.0,506.0,105.0,611.0
2019,9,대구,506.0,105.0,611.0,506.0,105.0,611.0
2019,10,대구,506.0,105.0,611.0,506.0,105.0,611.0
2019,11,대구,506.0,105.0,611.0,506.0,105.0,611.0
2019,12,대구,506.0,105.0,611.0,506.0,105.0,611.0
2020,1,대구,402.0,144.0,546.0,908.0,249.0,1157.0
2020,2,대구,402.0,144.0,546.0,908.0,249.0,1157.0
2020,3,대구,402.0,144.0,546.0,908.0,249.0,1157.0
2020,4,대구,402.0,144.0,546.0,908.0,249.0,1157.0
2020,5,대구,402.0,144.0,546.0,908.0,249.0,1157.0
2020,6,대구,402.0,144.0,546.0,908.0,249.0,1157.0
2020,7,대구,402.0,144.0,546.0,908.0,249.0,1157.0
2020,8,대구,402.0,144.0,546.0,908.0,249.0,1157.0
2020,9,대구,402.0,144.0,546.0,908.0,249.0,1157.0
2020,10,대구,402.0,144.0,546.0,908.0,249.0,1157.0
2020,11,대구,402.0,144.0,546.0,908.0,249.0,1157.0
2020,12,대구,402.0,144.0,546.0,908.0,249.0,1157.0
2021,1,대구,1552.0,119.0,1671.0,2460.0,368.0,2828.0
2021,2,대구,1552.0,119.0,1671.0,2460.0,368.0,2828.0
2021,3,대구,1552.0,119.0,1671.0,2460.0,368.0,2828.0
2021,4,대구,1552.0,119.0,1671.0,2460.0,368.0,2828.0
2021,5,대구,1552.0,119.0,1671.0,2460.0,368.0,2828.0
2021,6,대구,1552.0,119.0,1671.0,2460.0,368.0,2828.0
2021,7,대구,1552.0,119.0,1671.0,2460.0,368.0,2828.0
2021,8,대구,1552.0,119.0,1671.0,2460.0,368.0,2828.0
2021,9,대구,1552.0,119.0,1671.0,2460.0,368.0,2828.0
2021,10,대구,1552.0,119.0,1671.0,2460.0,368.0,2828.0
2021,11,대구,1552.0,119.0,1671.0,2460.0,368.0,2828.0
2021,12,대구,1552.0,119.0,1671.0,2460.0,368.0,2828.0
2022,1,대구,4462.0,246.0,4708.0,6922.0,614.0,7536.0
2022,2,대구,4462.0,246.0,4708.0,6922.0,614.0,7536.0
2022,3,대구,4462.0,246.0,4708.0,6922.0,614.0,7536.0
2022,4,대구,4462.0,246.0,4708.0,6922.0,614.0,7536.0
2022,5,대구,4462.0,246.0,4708.0,6922.0,614.0,7536.0
2022,6,대구,4462.0,246.0,4708.0,6922.0,614.0,7536.0
2022,7,대구,4462.0,246.0,4708.0,6922.0,614.0,7536.0
2022,8,대구,4462.0,246.0,4708.0,6922.0,614.0,7536.0
2022,9,대구,4462.0,246.0,4708.0,6922.0,614.0,7536.0
2022,10,대구,4462.0,246.0,4708.0,6922.0,614.0,7536.0
2022,11,대구,4462.0,246.0,4708.0,6922.0,614.0,7536.0
2022,12,대구,4462.0,246.0,4708.0,6922.0,614.0,7536.0
2023,1,대구,4618.0,577.0,5195.0,11540.0,1191.0,12731.0
2023,2,대구,4618.0,577.0,5195.0,11540.0,1191.0,12731.0
2023,3,대구,4618.0,577.0,5195.0,11540.0,1191.0,12731.0
2023,4,대구,4618.0,577.0,5195.0,11540.0,1191.0,12731.0
2023,5,대구,4618.0,577.0,5195.0,11540.0,1191.0,12731.0
2023,6,대구,4618.0,577.0,5195.0,11540.0,1191.0,12731.0
2023,7,대구,4618.0,577.0,5195.0,11540.0,1191.0,12731.0
2023,8,대구,4618.0,577.0,5195.0,11540.0,1191.0,12731.0
2023,9,대구,4618.0,577.0,5195.0,11540.0,1191.0,12731.0
2023,10,대구,4618.0,577.0,5195.0,11540.0,1191.0,12731.0
2023,11,대구,4618.0,577.0,5195.0,11540.0,1191.0,12731.0
2023,12,대구,4618.0,577.0,5195.0,11540.0,1191.0,12731.0
2024,1,대구,4687.0,185.0,4872.0,16227.0,1376.0,17603.0
2024,2,대구,4687.0,185.0,4872.0,16227.0,1376.0,17603.0
2024,3,대구,4687.0,185.0,4872.0,16227.0,1376.0,17603.0
2024,4,대구,4687.0,185.0,4872.0,16227.0,1376.0,17603.0
2024,5,대구,4687.0,185.0,4872.0,16227.0,1376.0,17603.0
2024,6,대구,4687.0,185.0,4872.0,16227.0,1376.0,17603.0
2024,7,대구,4687.0,185.0,4872.0,16227.0,1376.0,17603.0
2024,8,대구,4687.0,185.0,4872.0,16227.0,1376.0,17603.0
2024,9,대구,4687.0,185.0,4872.0,16227.0,1376.0,17603.0
2024,10,대구,4687.0,185.0,4872.0,16227.0,1376.0,17603.0
2024,11,대구,4687.0,185.0,4872.0,16227.0,1376.0,17603.0
2024,12,대구,4687.0,185.0,4872.0,16227.0,1376.0,17603.0
2019,1,대전,373.0,77.0,450.0,373.0,77.0,450.0
2019,2,대전,373.0,77.0,450.0,373.0,77.0,450.0
2019,3,대전,373.0,77.0,450.0,373.0,77.0,450.0
2019,4,대전,373.0,77.0,450.0,373.0,77.0,450.0
2019,5,대전,373.0,77.0,450.0,373.0,77.0,450.0
2019,6,대전,373.0,77.0,450.0,373.0,77.0,450.0
2019,7,대전,373.0,77.0,450.0,373.0,77.0,450.0
2019,8,대전,373.0,77.0,450.0,373.0,77.0,450.0
2019,9,대전,373.0,77.0,450.0,373.0,77.0,450.0
2019,10,대전,373.0,77.0,450.0,373.0,77.0,450.0
2019,11,대전,373.0,77.0,450.0,373.0,77.0,450.0
2019,12,대전,373.0,77.0,450.0,373.0,77.0,450.0
2020,1,대전,222.0,51.0,273.0,595.0,128.0,723.0
2020,2,대전,222.0,51.0,273.0,595.0,128.0,723.0
2020,3,대전,222.0,51.0,273.0,595.0,128.0,723.0
2020,4,대전,222.0,51.0,273.0,595.0,128.0,723.0
2020,5,대전,222.0,51.0,273.0,595.0,128.0,723.0
2020,6,대전,222.0,51.0,273.0,595.0,128.0,723.0
2020,7,대전,222.0,51.0,273.0,595.0,128.0,723.0
2020,8,대전,222.0,51.0,273.0,595.0,128.0,723.0
2020,9,대전,222.0,51.0,273.0,595.0,128.0,723.0
2020,10,대전,222.0,51.0,273.0,595.0,128.0,723.0
2020,11,대전,222.0,51.0,273.0,595.0,128.0,723.0
2020,12,대전,222.0,51.0,273.0,595.0,128.0,723.0
2021,1,대전,729.0,132.0,861.0,1324.0,260.0,1584.0
2021,2,대전,729.0,132.0,861.0,1324.0,260.0,1584.0
2021,3,대전,729.0,132.0,861.0,1324.0,260.0,1584.0
2021,4,대전,729.0,132.0,861.0,1324.0,260.0,1584.0
2021,5,대전,729.0,132.0,861.0,1324.0,260.0,1584.0
2021,6,대전,729.0,132.0,861.0,1324.0,260.0,1584.0
2021,7,대전,729.0,132.0,861.0,1324.0,260.0,1584.0
2021,8,대전,729.0,132.0,861.0,1324.0,260.0,1584.0
2021,9,대전,729.0,132.0,861.0,1324.0,260.0,1584.0
2021,10,대전,729.0,132.0,861.0,1324.0,260.0,1584.0
2021,11,대전,729.0,132.0,861.0,1324.0,260.0,1584.0
2021,12,대전,729.0,132.0,861.0,1324.0,260.0,1584.0
2022,1,대전,2826.0,225.0,3051.0,4150.0,485.0,4635.0
2022,2,대전,2826.0,225.0,3051.0,4150.0,485.0,4635.0
2022,3,대전,2826.0,225.0,3051.0,4150.0,485.0,4635.0
2022,4,대전,2826.0,225.0,3051.0,4150.0,485.0,4635.0
2022,5,대전,2826.0,225.0,3051.0,4150.0,485.0,4635.0
2022,6,대전,2826.0,225.0,3051.0,4150.0,485.0,4635.0
2022,7,대전,2826.0,225.0,3051.0,4150.0,485.0,4635.0
2022,8,대전,2826.0,225.0,3051.0,4150.0,485.0,4635.0
2022,9,대전,2826.0,225.0,3051.0,4150.0,485.0,4635.0
2022,10,대전,2826.0,225.0,3051.0,4150.0,485.0,4635.0
2022,11,대전,2826.0,225.0,3051.0,4150.0,485.0,4635.0
2022,12,대전,2826.0,225.0,3051.0,4150.0,485.0,4635.0
2023,1,대전,3891.0,309.0,4200.0,8041.0,794.0,8835.0
2023,2,대전,3891.0,309.0,4200.0,8041.0,794.0,8835.0
2023,3,대전,3891.0,309.0,4200.0,8041.0,794.0,8835.0
2023,4,대전,3891.0,309.0,4200.0,8041.0,794.0,8835.0
2023,5,대전,3891.0,309.0,4200.0,8041.0,794.0,8835.0
2023,6,대전,3891.0,309.0,4200.0,8041.0,794.0,8835.0
2023,7,대전,3891.0,309.0,4200.0,8041.0,794.0,8835.0
2023,8,대전,3891.0,309.0,4200.0,8041.0,794.0,8835.0
2023,9,대전,3891.0,309.0,4200.0,8041.0,794.0,8835.0
2023,10,대전,3891.0,309.0,4200.0,8041.0,794.0,8835.0
2023,11,대전,3891.0,309.0,4200.0,8041.0,794.0,8835.0
2023,12,대전,3891.0,309.0,4200.0,8041.0,794.0,8835.0
2024,1,대전,2073.0,291.0,2364.0,10114.0,1085.0,11199.0
2024,2,대전,2073.0,291.0,2364.0,10114.0,1085.0,11199.0
2024,3,대전,2073.0,291.0,2364.0,10114.0,1085.0,11199.0
2024,4,대전,2073.0,291.0,2364.0,10114.0,1085.0,11199.0
2024,5,대전,2073.0,291.0,2364.0,10114.0,1085.0,11199.0
2024,6,대전,2073.0,291.0,2364.0,10114.0,1085.0,11199.0
2024,7,대전,2073.0,291.0,2364.0,10114.0,1085.0,11199.0
2024,8,대전,2073.0,291.0,2364.0,10114.0,1085.0,11199.0
2024,9,대전,2073.0,291.0,2364.0,10114.0,1085.0,11199.0
2024,10,대전,2073.0,291.0,2364.0,10114.0,1085.0,11199.0
2024,11,대전,2073.0,291.0,2364.0,10114.0,1085.0,11199.0
2024,12,대전,2073.0,291.0,2364.0,10114.0,1085.0,11199.0
2019,1,부산,846.0,62.0,908.0,846.0,62.0,908.0
2019,2,부산,846.0,62.0,908.0,846.0,62.0,908.0
2019,3,부산,846.0,62.0,908.0,846.0,62.0,908.0
2019,4,부산,846.0,62.0,908.0,846.0,62.0,908.0
2019,5,부산,846.0,62.0,908.0,846.0,62.0,908.0
2019,6,부산,846.0,62.0,908.0,846.0,62.0,908.0
2019,7,부산,846.0,62.0,908.0,846.0,62.0,908.0
2019,8,부산,846.0,62.0,908.0,846.0,62.0,908.0
2019,9,부산,846.0,62.0,908.0,846.0,62.0,908.0
2019,10,부산,846.0,62.0,908.0,846.0,62.0,908.0
2019,11,부산,846.0,62.0,908.0,846.0,62.0,908.0
2019,12,부산,846.0,62.0,908.0,846.0,62.0,908.0
2020,1,부산,448.0,48.0,496.0,1294.0,110.0,1404.0
2020,2,부산,448.0,48.0,496.0,1294.0,110.0,1404.0
2020,3,부산,448.0,48.0,496.0,1294.0,110.0,1404.0
2020,4,부산,448.0,48.0,496.0,1294.0,110.0,1404.0
2020,5,부산,448.0,48.0,496.0,1294.0,110.0,1404.0
2020,6,부산,448.0,48.0,496.0,1294.0,110.0,1404.0
2020,7,부산,448.0,48.0,496.0,1294.0,110.0,1404.0
2020,8,부산,448.0,48.0,496.0,1294.0,110.0,1404.0
2020,9,부산,448.0,48.0,496.0,1294.0,110.0,1404.0
2020,10,부산,448.0,48.0,496.0,1294.0,110.0,1404.0
2020,11,부산,448.0,48.0,496.0,1294.0,110.0,1404.0
2020,12,부산,448.0,48.0,496.0,1294.0,110.0,1404.0
2021,1,부산,1142.0,112.0,1254.0,2436.0,222.0,2658.0
2021,2,부산,1142.0,112.0,1254.0,2436.0,222.0,2658.0
2021,3,부산,1142.0,112.0,1254.0,2436.0,222.0,2658.0
2021,4,부산,1142.0,112.0,1254.0,2436.0,222.0,2658.0
2021,5,부산,1142.0,112.0,1254.0,2436.0,222.0,2658.0
2021,6,부산,1142.0,112.0,1254.0,2436.0,222.0,2658.0
2021,7,부산,1142.0,112.0,1254.0,2436.0,222.0,2658.0
2021,8,부산,1142.0,112.0,1254.0,2436.0,222.0,2658.0
2021,9,부산,1142.0,112.0,1254.0,2436.0,222.0,2658.0
2021,10,부산,1142.0,112.0,1254.0,2436.0,222.0,2658.0
2021,11,부산,1142.0,112.0,1254.0,2436.0,222.0,2658.0
2021,12,부산,1142.0,112.0,1254.0,2436.0,222.0,2658.0
2022,1,부산,6459.0,325.0,6784.0,8895.0,547.0,9442.0
2022,2,부산,6459.0,325.0,6784.0,8895.0,547.0,9442.0
2022,3,부산,6459.0,325.0,6784.0,8895.0,547.0,9442.0
2022,4,부산,6459.0,325.0,6784.0,8895.0,547.0,9442.0
2022,5,부산,6459.0,325.0,6784.0,8895.0,547.0,9442.0
2022,6,부산,6459.0,325.0,6784.0,8895.0,547.0,9442.0
2022,7,부산,6459.0,325.0,6784.0,8895.0,547.0,9442.0
2022,8,부산,6459.0,325.0,6784.0,8895.0,547.0,9442.0
2022,9,부산,6459.0,325.0,6784.0,8895.0,547.0,9442.0
2022,10,부산,6459.0,325.0,6784.0,8895.0,547.0,9442.0
2022,11,부산,6459.0,325.0,6784.0,8895.0,547.0,9442.0
2022,12,부산,6459.0,325.0,6784.0,8895.0,547.0,9442.0
2023,1,부산,8368.0,837.0,9205.0,17263.0,1384.0,18647.0
2023,2,부산,8368.0,837.0,9205.0,17263.0,1384.0,18647.0
2023,3,부산,8368.0,837.0,9205.0,17263.0,1384.0,18647.0
2023,4,부산,8368.0,837.0,9205.0,17263.0,1384.0,18647.0
2023,5,부산,8368.0,837.0,9205.0,17263.0,1384.0,18647.0
2023,6,부산,8368.0,837.0,9205.0,17263.0,1384.0,18647.0
2023,7,부산,8368.0,837.0,9205.0,17263.0,1384.0,18647.0
2023,8,부산,8368.0,837.0,9205.0,17263.0,1384.0,18647.0
2023,9,부산,8368.0,837.0,9205.0,17263.0,1384.0,18647.0
2023,10,부산,8368.0,837.0,9205.0,17263.0,1384.0,18647.0
2023,11,부산,8368.0,837.0,9205.0,17263.0,1384.0,18647.0
2023,12,부산,8368.0,837.0,9205.0,17263.0,1384.0,18647.0
2024,1,부산,4867.0,332.0,5199.0,22130.0,1716.0,23846.0
2024,2,부산,4867.0,332.0,5199.0,22130.0,1716.0,23846.0
2024,3,부산,4867.0,332.0,5199.0,22130.0,1716.0,23846.0
2024,4,부산,4867.0,332.0,5199.0,22130.0,1716.0,23846.0
2024,5,부산,4867.0,332.0,5199.0,22130.0,1716.0,23846.0
2024,6,부산,4867.0,332.0,5199.0,22130.0,1716.0,23846.0
2024,7,부산,4867.0,332.0,5199.0,22130.0,1716.0,23846.0
2024,8,부산,4867.0,332.0,5199.0,22130.0,1716.0,23846.0
2024,9,부산,4867.0,332.0,5199.0,22130.0,1716.0,23846.0
2024,10,부산,4867.0,332.0,5199.0,22130.0,1716.0,23846.0
2024,11,부산,4867.0,332.0,5199.0,22130.0,1716.0,23846.0
2024,12,부산,4867.0,332.0,5199.0,22130.0,1716.0,23846.0
2019,1,서울,1016.0,195.0,1211.0,1016.0,195.0,1211.0
2019,2,서울,1016.0,195.0,1211.0,1016.0,195.0,1211.0
2019,3,서울,1016.0,195.0,1211.0,1016.0,195.0,1211.0
2019,4,서울,1016.0,195.0,1211.0,1016.0,195.0,1211.0
2019,5,서울,1016.0,195.0,1211.0,1016.0,195.0,1211.0
2019,6,서울,1016.0,195.0,1211.0,1016.0,195.0,1211.0
2019,7,서울,1016.0,195.0,1211.0,1016.0,195.0,1211.0
2019,8,서울,1016.0,195.0,1211.0,1016.0,195.0,1211.0
2019,9,서울,1016.0,195.0,1211.0,1016.0,195.0,1211.0
2019,10,서울,1016.0,195.0,1211.0,1016.0,195.0,1211.0
2019,11,서울,1016.0,195.0,1211.0,1016.0,195.0,1211.0
2019,12,서울,1016.0,195.0,1211.0,1016.0,195.0,1211.0
2020,1,서울,1606.0,260.0,1866.0,2622.0,455.0,3077.0
2020,2,서울,1606.0,260.0,1866.0,2622.0,455.0,3077.0
2020,3,서울,1606.0,260.0,1866.0,2622.0,455.0,3077.0
2020,4,서울,1606.0,260.0,1866.0,2622.0,455.0,3077.0
2020,5,서울,1606.0,260.0,1866.0,2622.0,455.0,3077.0
2020,6,서울,1606.0,260.0,1866.0,2622.0,455.0,3077.0
2020,7,서울,1606.0,260.0,1866.0,2622.0,455.0,3077.0
2020,8,서울,1606.0,260.0,1866.0,2622.0,455.0,3077.0
2020,9,서울,1606.0,260.0,1866.0,2622.0,455.0,3077.0
2020,10,서울,1606.0,260.0,1866.0,2622.0,455.0,3077.0
2020,11,서울,1606.0,260.0,1866.0,2622.0,455.0,3077.0
2020,12,서울,1606.0,260.0,1866.0,2622.0,455.0,3077.0
2021,1,서울,6806.0,420.0,7226.0,9428.0,875.0,10303.0
2021,2,서울,6806.0,420.0,7226.0,9428.0,875.0,10303.0
2021,3,서울,6806.0,420.0,7226.0,9428.0,875.0,10303.0
2021,4,서울,6806.0,420.0,7226.0,9428.0,875.0,10303.0
2021,5,서울,6806.0,420.0,7226.0,9428.0,875.0,10303.0
2021,6,서울,6806.0,420.0,7226.0,9428.0,875.0,10303.0
2021,7,서울,6806.0,420.0,7226.0,9428.0,875.0,10303.0
2021,8,서울,6806.0,420.0,7226.0,9428.0,875.0,10303.0
2021,9,서울,6806.0,420.0,7226.0,9428.0,875.0,10303.0
2021,10,서울,6806.0,420.0,7226.0,9428.0,875.0,10303.0
2021,11,서울,6806.0,420.0,7226.0,9428.0,875.0,10303.0
2021,12,서울,6806.0,420.0,7226.0,9428.0,875.0,10303.0
2022,1,서울,17213.0,905.0,18118.0,26641.0,1780.0,28421.0
2022,2,서울,17213.0,905.0,18118.0,26641.0,1780.0,28421.0
2022,3,서울,17213.0,905.0,18118.0,26641.0,1780.0,28421.0
2022,4,서울,17213.0,905.0,18118.0,26641.0,1780.0,28421.0
2022,5,서울,17213.0,905.0,18118.0,26641.0,1780.0,28421.0
2022,6,서울,17213.0,905.0,18118.0,26641.0,1780.0,28421.0
2022,7,서울,17213.0,905.0,18118.0,26641.0,1780.0,28421.0
2022,8,서울,17213.0,905.0,18118.0,26641.0,1780.0,28421.0
2022,9,서울,17213.0,905.0,18118.0,26641.0,1780.0,28421.0
2022,10,서울,17213.0,905.0,18118.0,26641.0,1780.0,28421.0
2022,11,서울,17213.0,905.0,18118.0,26641.0,1780.0,28421.0
2022,12,서울,17213.0,905.0,18118.0,26641.0,1780.0,28421.0
2023,1,서울,13332.0,1627.0,14959.0,39973.0,3407.0,43380.0
2023,2,서울,13332.0,1627.0,14959.0,39973.0,3407.0,43380.0
2023,3,서울,13332.0,1627.0,14959.0,39973.0,3407.0,43380.0
2023,4,서울,13332.0,1627.0,14959.0,39973.0,3407.0,43380.0
2023,5,서울,13332.0,1627.0,14959.0,39973.0,3407.0,43380.0
2023,6,서울,13332.0,1627.0,14959.0,39973.0,3407.0,43380.0
2023,7,서울,13332.0,1627.0,14959.0,39973.0,3407.0,43380.0
2023,8,서울,13332.0,1627.0,14959.0,39973.0,3407.0,43380.0
2023,9,서울,13332.0,1627.0,14959.0,39973.0,3407.0,43380.0
2023,10,서울,13332.0,1627.0,14959.0,39973.0,3407.0,43380.0
2023,11,서울,13332.0,1627.0,14959.0,39973.0,3407.0,43380.0
2023,12,서울,13332.0,1627.0,14959.0,39973.0,3407.0,43380.0
2024,1,서울,13000.0,1046.0,14046.0,52973.0,4453.0,57426.0
2024,2,서울,13000.0,1046.0,14046.0,52973.0,4453.0,57426.0
2024,3,서울,13000.0,1046.0,14046.0,52973.0,4453.0,57426.0
2024,4,서울,13000.0,1046.0,14046.0,52973.0,4453.0,57426.0
2024,5,서울,13000.0,1046.0,14046.0,52973.0,4453.0,57426.0
2024,6,서울,13000.0,1046.0,14046.0,52973.0,4453.0,57426.0
2024,7,서울,13000.0,1046.0,14046.0,52973.0,4453.0,57426.0
2024,8,서울,13000.0,1046.0,14046.0,52973.0,4453.0,57426.0
2024,9,서울,13000.0,1046.0,14046.0,52973.0,4453.0,57426.0
2024,10,서울,13000.0,1046.0,14046.0,52973.0,4453.0,57426.0
2024,11,서울,13000.0,1046.0,14046.0,52973.0,4453.0,57426.0
2024,12,서울,13000.0,1046.0,14046.0,52973.0,4453.0,57426.0
2019,1,세종,92.0,25.0,117.0,92.0,25.0,117.0
2019,2,세종,92.0,25.0,117.0,92.0,25.0,117.0
2019,3,세종,92.0,25.0,117.0,92.0,25.0,117.0
2019,4,세종,92.0,25.0,117.0,92.0,25.0,117.0
2019,5,세종,92.0,25.0,117.0,92.0,25.0,117.0
2019,6,세종,92.0,25.0,117.0,92.0,25.0,117.0
2019,7,세종,92.0,25.0,117.0,92.0,25.0,117.0
2019,8,세종,92.0,25.0,117.0,92.0,25.0,117.0
2019,9,세종,92.0,25.0,117.0,92.0,25.0,117.0
2019,10,세종,92.0,25.0,117.0,92.0,25.0,117.0
2019,11,세종,92.0,25.0,117.0,92.0,25.0,117.0
2019,12,세종,92.0,25.0,117.0,92.0,25.0,117.0
2020,1,세종,101.0,15.0,116.0,193.0,40.0,233.0
2020,2,세종,101.0,15.0,116.0,193.0,40.0,233.0
2020,3,세종,101.0,15.0,116.0,193.0,40.0,233.0
2020,4,세종,101.0,15.0,116.0,193.0,40.0,233.0
2020,5,세종,101.0,15.0,116.0,193.0,40.0,233.0
2020,6,세종,101.0,15.0,116.0,193.0,40.0,233.0
2020,7,세종,101.0,15.0,116.0,193.0,40.0,233.0
2020,8,세종,101.0,15.0,116.0,193.0,40.0,233.0
2020,9,세종,101.0,15.0,116.0,193.0,40.0,233.0
2020,10,세종,101.0,15.0,116.0,193.0,40.0,233.0
2020,11,세종,101.0,15.0,116.0,193.0,40.0,233.0
2020,12,세종,101.0,15.0,116.0,193.0,40.0,233.0
2021,1,세종,264.0,46.0,310.0,457.0,86.0,543.0
2021,2,세종,264.0,46.0,310.0,457.0,86.0,543.0
2021,3,세종,264.0,46.0,310.0,457.0,86.0,543.0
2021,4,세종,264.0,46.0,310.0,457.0,86.0,543.0
2021,5,세종,264.0,46.0,310.0,457.0,86.0,543.0
2021,6,세종,264.0,46.0,310.0,457.0,86.0,543.0
2021,7,세종,264.0,46.0,310.0,457.0,86.0,543.0
2021,8,세종,264.0,46.0,310.0,457.0,86.0,543.0
2021,9,세종,264.0,46.0,310.0,457.0,86.0,543.0
2021,10,세종,264.0,46.0,310.0,457.0,86.0,543.0
2021,11,세종,264.0,46.0,310.0,457.0,86.0,543.0
2021,12,세종,264.0,46.0,310.0,457.0,86.0,543.0
2022,1,세종,1490.0,55.0,1545.0,1947.0,141.0,2088.0
2022,2,세종,1490.0,55.0,1545.0,1947.0,141.0,2088.0
2022,3,세종,1490.0,55.0,1545.0,1947.0,141.0,2088.0
2022,4,세종,1490.0,55.0,1545.0,1947.0,141.0,2088.0
2022,5,세종,1490.0,55.0,1545.0,1947.0,141.0,2088.0
2022,6,세종,1490.0,55.0,1545.0,1947.0,141.0,2088.0
2022,7,세종,1490.0,55.0,1545.0,1947.0,141.0,2088.0
2022,8,세종,1490.0,55.0,1545.0,1947.0,141.0,2088.0
2022,9,세종,1490.0,55.0,1545.0,1947.0,141.0,2088.0
2022,10,세종,1490.0,55.0,1545.0,1947.0,141.0,2088.0
2022,11,세종,1490.0,55.0,1545.0,1947.0,141.0,2088.0
2022,12,세종,1490.0,55.0,1545.0,1947.0,141.0,2088.0
2023,1,세종,1502.0,125.0,1627.0,3449.0,266.0,3715.0
2023,2,세종,1502.0,125.0,1627.0,3449.0,266.0,3715.0
2023,3,세종,1502.0,125.0,1627.0,3449.0,266.0,3715.0
2023,4,세종,1502.0,125.0,1627.0,3449.0,266.0,3715.0
2023,5,세종,1502.0,125.0,1627.0,3449.0,266.0,3715.0
2023,6,세종,1502.0,125.0,1627.0,3449.0,266.0,3715.0
2023,7,세종,1502.0,125.0,1627.0,3449.0,266.0,3715.0
2023,8,세종,1502.0,125.0,1627.0,3449.0,266.0,3715.0
2023,9,세종,1502.0,125.0,1627.0,3449.0,266.0,3715.0
2023,10,세종,1502.0,125.0,1627.0,3449.0,266.0,3715.0
2023,11,세종,1502.0,125.0,1627.0,3449.0,266.0,3715.0
2023,12,세종,1502.0,125.0,1627.0,3449.0,266.0,3715.0
2024,1,세종,816.0,82.0,898.0,4265.0,348.0,4613.0
2024,2,세종,816.0,82.0,898.0,4265.0,348.0,4613.0
2024,3,세종,816.0,82.0,898.0,4265.0,348.0,4613.0
2024,4,세종,816.0,82.0,898.0,4265.0,348.0,4613.0
2024,5,세종,816.0,82.0,898.0,4265.0,348.0,4613.0
2024,6,세종,816.0,82.0,898.0,4265.0,348.0,4613.0
2024,7,세종,816.0,82.0,898.0,4265.0,348.0,4613.0
2024,8,세종,816.0,82.0,898.0,4265.0,348.0,4613.0
2024,9,세종,816.0,82.0,898.0,4265.0,348.0,4613.0
2024,10,세종,816.0,82.0,898.0,4265.0,348.0,4613.0
2024,11,세종,816.0,82.0,898.0,4265.0,348.0,4613.0
2024,12,세종,816.0,82.0,898.0,4265.0,348.0,4613.0
2019,1,울산,195.0,75.0,270.0,195.0,75.0,270.0
2019,2,울산,195.0,75.0,270.0,195.0,75.0,270.0
2019,3,울산,195.0,75.0,270.0,195.0,75.0,270.0
2019,4,울산,195.0,75.0,270.0,195.0,75.0,270.0
2019,5,울산,195.0,75.0,270.0,195.0,75.0,270.0
2019,6,울산,195.0,75.0,270.0,195.0,75.0,270.0
2019,7,울산,195.0,75.0,270.0,195.0,75.0,270.0
2019,8,울산,195.0,75.0,270.0,195.0,75.0,270.0
2019,9,울산,195.0,75.0,270.0,195.0,75.0,270.0
2019,10,울산,195.0,75.0,270.0,195.0,75.0,270.0
2019,11,울산,195.0,75.0,270.0,195.0,75.0,270.0
2019,12,울산,195.0,75.0,270.0,195.0,75.0,270.0
2020,1,울산,209.0,57.0,266.0,404.0,132.0,536.0
2020,2,울산,209.0,57.0,266.0,404.0,132.0,536.0
2020,3,울산,209.0,57.0,266.0,404.0,132.0,536.0
2020,4,울산,209.0,57.0,266.0,404.0,132.0,536.0
2020,5,울산,209.0,57.0,266.0,404.0,132.0,536.0
2020,6,울산,209.0,57.0,266.0,404.0,132.0,536.0
2020,7,울산,209.0,57.0,266.0,404.0,132.0,536.0
2020,8,울산,209.0,57.0,266.0,404.0,132.0,536.0
2020,9,울산,209.0,57.0,266.0,404.0,132.0,536.0
2020,10,울산,209.0,57.0,266.0,404.0,132.0,536.0
2020,11,울산,209.0,57.0,266.0,404.0,132.0,536.0
2020,12,울산,209.0,57.0,266.0,404.0,132.0,536.0
2021,1,울산,349.0,74.0,423.0,753.0,206.0,959.0
2021,2,울산,349.0,74.0,423.0,753.0,206.0,959.0
2021,3,울산,349.0,74.0,423.0,753.0,206.0,959.0
2021,4,울산,349.0,74.0,423.0,753.0,206.0,959.0
2021,5,울산,349.0,74.0,423.0,753.0,206.0,959.0
2021,6,울산,349.0,74.0,423.0,753.0,206.0,959.0
2021,7,울산,349.0,74.0,423.0,753.0,206.0,959.0
2021,8,울산,349.0,74.0,423.0,753.0,206.0,959.0
2021,9,울산,349.0,74.0,423.0,753.0,206.0,959.0
2021,10,울산,349.0,74.0,423.0,753.0,206.0,959.0
2021,11,울산,349.0,74.0,423.0,753.0,206.0,959.0
2021,12,울산,349.0,74.0,423.0,753.0,206.0,959.0
2022,1,울산,1409.0,194.0,1603.0,2162.0,400.0,2562.0
2022,2,울산,1409.0,194.0,1603.0,2162.0,400.0,2562.0
2022,3,울산,1409.0,194.0,1603.0,2162.0,400.0,2562.0
2022,4,울산,1409.0,194.0,1603.0,2162.0,400.0,2562.0
2022,5,울산,1409.0,194.0,1603.0,2162.0,400.0,2562.0
2022,6,울산,1409.0,194.0,1603.0,2162.0,400.0,2562.0
2022,7,울산,1409.0,194.0,1603.0,2162.0,400.0,2562.0
2022,8,울산,1409.0,194.0,1603.0,2162.0,400.0,2562.0
2022,9,울산,1409.0,194.0,1603.0,2162.0,400.0,2562.0
2022,10,울산,1409.0,194.0,1603.0,2162.0,400.0,2562.0
2022,11,울산,1409.0,194.0,1603.0,2162.0,400.0,2562.0
2022,12,울산,1409.0,194.0,1603.0,2162.0,400.0,2562.0
2023,1,울산,2356.0,299.0,2655.0,4518.0,699.0,5217.0
2023,2,울산,2356.0,299.0,2655.0,4518.0,699.0,5217.0
2023,3,울산,2356.0,299.0,2655.0,4518.0,699.0,5217.0
2023,4,울산,2356.0,299.0,2655.0,4518.0,699.0,5217.0
2023,5,울산,2356.0,299.0,2655.0,4518.0,699.0,5217.0
2023,6,울산,2356.0,299.0,2655.0,4518.0,699.0,5217.0
2023,7,울산,2356.0,299.0,2655.0,4518.0,699.0,5217.0
2023,8,울산,2356.0,299.0,2655.0,4518.0,699.0,5217.0
2023,9,울산,2356.0,299.0,2655.0,4518.0,699.0,5217.0
2023,10,울산,2356.0,299.0,2655.0,4518.0,699.0,5217.0
2023,11,울산,2356.0,299.0,2655.0,4518.0,699.0,5217.0
2023,12,울산,2356.0,299.0,2655.0,4518.0,699.0,5217.0
2024,1,울산,1959.0,174.0,2133.0,6477.0,873.0,7350.0
2024,2,울산,1959.0,174.0,2133.0,6477.0,873.0,7350.0
2024,3,울산,1959.0,174.0,2133.0,6477.0,873.0,7350.0
2024,4,울산,1959.0,174.0,2133.0,6477.0,873.0,7350.0
2024,5,울산,1959.0,174.0,2133.0,6477.0,873.0,7350.0
2024,6,울산,1959.0,174.0,2133.0,6477.0,873.0,7350.0
2024,7,울산,1959.0,174.0,2133.0,6477.0,873.0,7350.0
2024,8,울산,1959.0,174.0,2133.0,6477.0,873.0,7350.0
2024,9,울산,1959.0,174.0,2133.0,6477.0,873.0,7350.0
2024,10,울산,1959.0,174.0,2133.0,6477.0,873.0,7350.0
2024,11,울산,1959.0,174.0,2133.0,6477.0,873.0,7350.0
2024,12,울산,1959.0,174.0,2133.0,6477.0,873.0,7350.0
2019,1,인천,260.0,101.0,361.0,260.0,101.0,361.0
2019,2,인천,260.0,101.0,361.0,260.0,101.0,361.0
2019,3,인천,260.0,101.0,361.0,260.0,101.0,361.0
2019,4,인천,260.0,101.0,361.0,260.0,101.0,361.0
2019,5,인천,260.0,101.0,361.0,260.0,101.0,361.0
2019,6,인천,260.0,101.0,361.0,260.0,101.0,361.0
2019,7,인천,260.0,101.0,361.0,260.0,101.0,361.0
2019,8,인천,260.0,101.0,361.0,260.0,101.0,361.0
2019,9,인천,260.0,101.0,361.0,260.0,101.0,361.0
2019,10,인천,260.0,101.0,361.0,260.0,101.0,361.0
2019,11,인천,260.0,101.0,361.0,260.0,101.0,361.0
2019,12,인천,260.0,101.0,361.0,260.0,101.0,361.0
2020,1,인천,410.0,88.0,498.0,670.0,189.0,859.0
2020,2,인천,410.0,88.0,498.0,670.0,189.0,859.0
2020,3,인천,410.0,88.0,498.0,670.0,189.0,859.0
2020,4,인천,410.0,88.0,498.0,670.0,189.0,859.0
2020,5,인천,410.0,88.0,498.0,670.0,189.0,859.0
2020,6,인천,410.0,88.0,498.0,670.0,189.0,859.0
2020,7,인천,410.0,88.0,498.0,670.0,189.0,859.0
2020,8,인천,410.0,88.0,498.0,670.0,189.0,859.0
2020,9,인천,410.0,88.0,498.0,670.0,189.0,859.0
2020,10,인천,410.0,88.0,498.0,670.0,189.0,859.0
2020,11,인천,410.0,88.0,498.0,670.0,189.0,859.0
2020,12,인천,410.0,88.0,498.0,670.0,189.0,859.0
2021,1,인천,1208.0,156.0,1364.0,1878.0,345.0,2223.0
2021,2,인천,1208.0,156.0,1364.0,1878.0,345.0,2223.0
2021,3,인천,1208.0,156.0,1364.0,1878.0,345.0,2223.0
2021,4,인천,1208.0,156.0,1364.0,1878.0,345.0,2223.0
2021,5,인천,1208.0,156.0,1364.0,1878.0,345.0,2223.0
2021,6,인천,1208.0,156.0,1364.0,1878.0,345.0,2223.0
2021,7,인천,1208.0,156.0,1364.0,1878.0,345.0,2223.0
2021,8,인천,1208.0,156.0,1364.0,1878.0,345.0,2223.0
2021,9,인천,1208.0,156.0,1364.0,1878.0,345.0,2223.0
2021,10,인천,1208.0,156.0,1364.0,1878.0,345.0,2223.0
2021,11,인천,1208.0,156.0,1364.0,1878.0,345.0,2223.0
2021,12,인천,1208.0,156.0,1364.0,1878.0,345.0,2223.0
2022,1,인천,5145.0,329.0,5474.0,7023.0,674.0,7697.0
2022,2,인천,5145.0,329.0,5474.0,7023.0,674.0,7697.0
2022,3,인천,5145.0,329.0,5474.0,7023.0,674.0,7697.0
2022,4,인천,5145.0,329.0,5474.0,7023.0,674.0,7697.0
2022,5,인천,5145.0,329.0,5474.0,7023.0,674.0,7697.0
2022,6,인천,5145.0,329.0,5474.0,7023.0,674.0,7697.0
2022,7,인천,5145.0,329.0,5474.0,7023.0,674.0,7697.0
2022,8,인천,5145.0,329.0,5474.0,7023.0,674.0,7697.0
2022,9,인천,5145.0,329.0,5474.0,7023.0,674.0,7697.0
2022,10,인천,5145.0,329.0,5474.0,7023.0,674.0,7697.0
2022,11,인천,5145.0,329.0,5474.0,7023.0,674.0,7697.0
2022,12,인천,5145.0,329.0,5474.0,7023.0,674.0,7697.0
2023,1,인천,6289.0,484.0,6773.0,13312.0,1158.0,14470.0
2023,2,인천,6289.0,484.0,6773.0,13312.0,1158.0,14470.0
2023,3,인천,6289.0,484.0,6773.0,13312.0,1158.0,14470.0
2023,4,인천,6289.0,484.0,6773.0,13312.0,1158.0,14470.0
2023,5,인천,6289.0,484.0,6773.0,13312.0,1158.0,14470.0
2023,6,인천,6289.0,484.0,6773.0,13312.0,1158.0,14470.0
2023,7,인천,6289.0,484.0,6773.0,13312.0,1158.0,14470.0
2023,8,인천,6289.0,484.0,6773.0,13312.0,1158.0,14470.0
2023,9,인천,6289.0,484.0,6773.0,13312.0,1158.0,14470.0
2023,10,인천,6289.0,484.0,6773.0,13312.0,1158.0,14470.0
2023,11,인천,6289.0,484.0,6773.0,13312.0,1158.0,14470.0
2023,12,인천,6289.0,484.0,6773.0,13312.0,1158.0,14470.0
2024,1,인천,6838.0,518.0,7356.0,20150.0,1676.0,21826.0
2024,2,인천,6838.0,518.0,7356.0,20150.0,1676.0,21826.0
2024,3,인천,6838.0,518.0,7356.0,20150.0,1676.0,21826.0
2024,4,인천,6838.0,518.0,7356.0,20150.0,1676.0,21826.0
2024,5,인천,6838.0,518.0,7356.0,20150.0,1676.0,21826.0
2024,6,인천,6838.0,518.0,7356.0,20150.0,1676.0,21826.0
2024,7,인천,6838.0,518.0,7356.0,20150.0,1676.0,21826.0
2024,8,인천,6838.0,518.0,7356.0,20150.0,1676.0,21826.0
2024,9,인천,6838.0,518.0,7356.0,20150.0,1676.0,21826.0
2024,10,인천,6838.0,518.0,7356.0,20150.0,1676.0,21826.0
2024,11,인천,6838.0,518.0,7356.0,20150.0,1676.0,21826.0
2024,12,인천,6838.0,518.0,7356.0,20150.0,1676.0,21826.0
2019,1,전국,9731.0,2645.0,12376.0,9731.0,2645.0,12376.0
2019,2,전국,9731.0,2645.0,12376.0,9731.0,2645.0,12376.0
2019,3,전국,9731.0,2645.0,12376.0,9731.0,2645.0,12376.0
2019,4,전국,9731.0,2645.0,12376.0,9731.0,2645.0,12376.0
2019,5,전국,9731.0,2645.0,12376.0,9731.0,2645.0,12376.0
2019,6,전국,9731.0,2645.0,12376.0,9731.0,2645.0,12376.0
2019,7,전국,9731.0,2645.0,12376.0,9731.0,2645.0,12376.0
2019,8,전국,9731.0,2645.0,12376.0,9731.0,2645.0,12376.0
2019,9,전국,9731.0,2645.0,12376.0,9731.0,2645.0,12376.0
2019,10,전국,9731.0,2645.0,12376.0,9731.0,2645.0,12376.0
2019,11,전국,9731.0,2645.0,12376.0,9731.0,2645.0,12376.0
2019,12,전국,9731.0,2645.0,12376.0,9731.0,2645.0,12376.0
2020,1,전국,10122.0,2529.0,12651.0,19853.0,5174.0,25027.0
2020,2,전국,10122.0,2529.0,12651.0,19853.0,5174.0,25027.0
2020,3,전국,10122.0,2529.0,12651.0,19853.0,5174.0,25027.0
2020,4,전국,10122.0,2529.0,12651.0,19853.0,5174.0,25027.0
2020,5,전국,10122.0,2529.0,12651.0,19853.0,5174.0,25027.0
2020,6,전국,10122.0,2529.0,12651.0,19853.0,5174.0,25027.0
2020,7,전국,10122.0,2529.0,12651.0,19853.0,5174.0,25027.0
2020,8,전국,10122.0,2529.0,12651.0,19853.0,5174.0,25027.0
2020,9,전국,10122.0,2529.0,12651.0,19853.0,5174.0,25027.0
2020,10,전국,10122.0,2529.0,12651.0,19853.0,5174.0,25027.0
2020,11,전국,10122.0,2529.0,12651.0,19853.0,5174.0,25027.0
2020,12,전국,10122.0,2529.0,12651.0,19853.0,5174.0,25027.0
2021,1,전국,24702.0,4312.0,29014.0,44555.0,9486.0,54041.0
2021,2,전국,24702.0,4312.0,29014.0,44555.0,9486.0,54041.0
2021,3,전국,24702.0,4312.0,29014.0,44555.0,9486.0,54041.0
2021,4,전국,24702.0,4312.0,29014.0,44555.0,9486.0,54041.0
2021,5,전국,24702.0,4312.0,29014.0,44555.0,9486.0,54041.0
2021,6,전국,24702.0,4312.0,29014.0,44555.0,9486.0,54041.0
2021,7,전국,24702.0,4312.0,29014.0,44555.0,9486.0,54041.0
2021,8,전국,24702.0,4312.0,29014.0,44555.0,9486.0,54041.0
2021,9,전국,24702.0,4312.0,29014.0,44555.0,9486.0,54041.0
2021,10,전국,24702.0,4312.0,29014.0,44555.0,9486.0,54041.0
2021,11,전국,24702.0,4312.0,29014.0,44555.0,9486.0,54041.0
2021,12,전국,24702.0,4312.0,29014.0,44555.0,9486.0,54041.0
2022,1,전국,90549.0,6848.0,97397.0,135104.0,16334.0,151438.0
2022,2,전국,90549.0,6848.0,97397.0,135104.0,16334.0,151438.0
2022,3,전국,90549.0,6848.0,97397.0,135104.0,16334.0,151438.0
2022,4,전국,90549.0,6848.0,97397.0,135104.0,16334.0,151438.0
2022,5,전국,90549.0,6848.0,97397.0,135104.0,16334.0,151438.0
2022,6,전국,90549.0,6848.0,97397.0,135104.0,16334.0,151438.0
2022,7,전국,90549.0,6848.0,97397.0,135104.0,16334.0,151438.0
2022,8,전국,90549.0,6848.0,97397.0,135104.0,16334.0,151438.0
2022,9,전국,90549.0,6848.0,97397.0,135104.0,16334.0,151438.0
2022,10,전국,90549.0,6848.0,97397.0,135104.0,16334.0,151438.0
2022,11,전국,90549.0,6848.0,97397.0,135104.0,16334.0,151438.0
2022,12,전국,90549.0,6848.0,97397.0,135104.0,16334.0,151438.0
2023,1,전국,100877.0,14737.0,115614.0,235981.0,31071.0,267052.0
2023,2,전국,100877.0,14737.0,115614.0,235981.0,31071.0,267052.0
2023,3,전국,100877.0,14737.0,115614.0,235981.0,31071.0,267052.0
2023,4,전국,100877.0,14737.0,115614.0,235981.0,31071.0,267052.0
2023,5,전국,100877.0,14737.0,115614.0,235981.0,31071.0,267052.0
2023,6,전국,100877.0,14737.0,115614.0,235981.0,31071.0,267052.0
2023,7,전국,100877.0,14737.0,115614.0,235981.0,31071.0,267052.0
2023,8,전국,100877.0,14737.0,115614.0,235981.0,31071.0,267052.0
2023,9,전국,100877.0,14737.0,115614.0,235981.0,31071.0,267052.0
2023,10,전국,100877.0,14737.0,115614.0,235981.0,31071.0,267052.0
2023,11,전국,100877.0,14737.0,115614.0,235981.0,31071.0,267052.0
2023,12,전국,100877.0,14737.0,115614.0,235981.0,31071.0,267052.0
2024,1,전국,100001.0,10601.0,110602.0,335982.0,41672.0,377654.0
2024,2,전국,100001.0,10601.0,110602.0,335982.0,41672.0,377654.0
2024,3,전국,100001.0,10601.0,110602.0,335982.0,41672.0,377654.0
2024,4,전국,100001.0,10601.0,110602.0,335982.0,41672.0,377654.0
2024,5,전국,100001.0,10601.0,110602.0,335982.0,41672.0,377654.0
2024,6,전국,100001.0,10601.0,110602.0,335982.0,41672.0,377654.0
2024,7,전국,100001.0,10601.0,110602.0,335982.0,41672.0,377654.0
2024,8,전국,100001.0,10601.0,110602.0,335982.0,41672.0,377654.0
2024,9,전국,100001.0,10601.0,110602.0,335982.0,41672.0,377654.0
2024,10,전국,100001.0,10601.0,110602.0,335982.0,41672.0,377654.0
2024,11,전국,100001.0,10601.0,110602.0,335982.0,41672.0,377654.0
2024,12,전국,100001.0,10601.0,110602.0,335982.0,41672.0,377654.0
2019,1,전남,331.0,174.0,505.0,331.0,174.0,505.0
2019,2,전남,331.0,174.0,505.0,331.0,174.0,505.0
2019,3,전남,331.0,174.0,505.0,331.0,174.0,505.0
2019,4,전남,331.0,174.0,505.0,331.0,174.0,505.0
2019,5,전남,331.0,174.0,505.0,331.0,174.0,505.0
2019,6,전남,331.0,174.0,505.0,331.0,174.0,505.0
2019,7,전남,331.0,174.0,505.0,331.0,174.0,505.0
2019,8,전남,331.0,174.0,505.0,331.0,174.0,505.0
2019,9,전남,331.0,174.0,505.0,331.0,174.0,505.0
2019,10,전남,331.0,174.0,505.0,331.0,174.0,505.0
2019,11,전남,331.0,174.0,505.0,331.0,174.0,505.0
2019,12,전남,331.0,174.0,505.0,331.0,174.0,505.0
2020,1,전남,526.0,184.0,710.0,857.0,358.0,1215.0
2020,2,전남,526.0,184.0,710.0,857.0,358.0,1215.0
2020,3,전남,526.0,184.0,710.0,857.0,358.0,1215.0
2020,4,전남,526.0,184.0,710.0,857.0,358.0,1215.0
2020,5,전남,526.0,184.0,710.0,857.0,358.0,1215.0
2020,6,전남,526.0,184.0,710.0,857.0,358.0,1215.0
2020,7,전남,526.0,184.0,710.0,857.0,358.0,1215.0
2020,8,전남,526.0,184.0,710.0,857.0,358.0,1215.0
2020,9,전남,526.0,184.0,710.0,857.0,358.0,1215.0
2020,10,전남,526.0,184.0,710.0,857.0,358.0,1215.0
2020,11,전남,526.0,184.0,710.0,857.0,358.0,1215.0
2020,12,전남,526.0,184.0,710.0,857.0,358.0,1215.0
2021,1,전남,513.0,262.0,775.0,1370.0,620.0,1990.0
2021,2,전남,513.0,262.0,775.0,1370.0,620.0,1990.0
2021,3,전남,513.0,262.0,775.0,1370.0,620.0,1990.0
2021,4,전남,513.0,262.0,775.0,1370.0,620.0,1990.0
2021,5,전남,513.0,262.0,775.0,1370.0,620.0,1990.0
2021,6,전남,513.0,262.0,775.0,1370.0,620.0,1990.0
2021,7,전남,513.0,262.0,775.0,1370.0,620.0,1990.0
2021,8,전남,513.0,262.0,775.0,1370.0,620.0,1990.0
2021,9,전남,513.0,262.0,775.0,1370.0,620.0,1990.0
2021,10,전남,513.0,262.0,775.0,1370.0,620.0,1990.0
2021,11,전남,513.0,262.0,775.0,1370.0,620.0,1990.0
2021,12,전남,513.0,262.0,775.0,1370.0,620.0,1990.0
2022,1,전남,2128.0,267.0,2395.0,3498.0,887.0,4385.0
2022,2,전남,2128.0,267.0,2395.0,3498.0,887.0,4385.0
2022,3,전남,2128.0,267.0,2395.0,3498.0,887.0,4385.0
2022,4,전남,2128.0,267.0,2395.0,3498.0,887.0,4385.0
2022,5,전남,2128.0,267.0,2395.0,3498.0,887.0,4385.0
2022,6,전남,2128.0,267.0,2395.0,3498.0,887.0,4385.0
2022,7,전남,2128.0,267.0,2395.0,3498.0,887.0,4385.0
2022,8,전남,2128.0,267.0,2395.0,3498.0,887.0,4385.0
2022,9,전남,2128.0,267.0,2395.0,3498.0,887.0,4385.0
2022,10,전남,2128.0,267.0,2395.0,3498.0,887.0,4385.0
2022,11,전남,2128.0,267.0,2395.0,3498.0,887.0,4385.0
2022,12,전남,2128.0,267.0,2395.0,3498.0,887.0,4385.0
2023,1,전남,3463.0,685.0,4148.0,6961.0,1572.0,8533.0
2023,2,전남,3463.0,685.0,4148.0,6961.0,1572.0,8533.0
2023,3,전남,3463.0,685.0,4148.0,6961.0,1572.0,8533.0
2023,4,전남,3463.0,685.0,4148.0,6961.0,1572.0,8533.0
2023,5,전남,3463.0,685.0,4148.0,6961.0,1572.0,8533.0
2023,6,전남,3463.0,685.0,4148.0,6961.0,1572.0,8533.0
2023,7,전남,3463.0,685.0,4148.0,6961.0,1572.0,8533.0
2023,8,전남,3463.0,685.0,4148.0,6961.0,1572.0,8533.0
2023,9,전남,3463.0,685.0,4148.0,6961.0,1572.0,8533.0
2023,10,전남,3463.0,685.0,4148.0,6961.0,1572.0,8533.0
2023,11,전남,3463.0,685.0,4148.0,6961.0,1572.0,8533.0
2023,12,전남,3463.0,685.0,4148.0,6961.0,1572.0,8533.0
2024,1,전남,3520.0,467.0,3987.0,10481.0,2039.0,12520.0
2024,2,전남,3520.0,467.0,3987.0,10481.0,2039.0,12520.0
2024,3,전남,3520.0,467.0,3987.0,10481.0,2039.0,12520.0
2024,4,전남,3520.0,467.0,3987.0,10481.0,2039.0,12520.0
2024,5,전남,3520.0,467.0,3987.0,10481.0,2039.0,12520.0
2024,6,전남,3520.0,467.0,3987.0,10481.0,2039.0,12520.0
2024,7,전남,3520.0,467.0,3987.0,10481.0,2039.0,12520.0
2024,8,전남,3520.0,467.0,3987.0,10481.0,2039.0,12520.0
2024,9,전남,3520.0,467.0,3987.0,10481.0,2039.0,12520.0
2024,10,전남,3520.0,467.0,3987.0,10481.0,2039.0,12520.0
2024,11,전남,3520.0,467.0,3987.0,10481.0,2039.0,12520.0
2024,12,전남,3520.0,467.0,3987.0,10481.0,2039.0,12520.0
2019,1,전북,250.0,106.0,356.0,250.0,106.0,356.0
2019,2,전북,250.0,106.0,356.0,250.0,106.0,356.0
2019,3,전북,250.0,106.0,356.0,250.0,106.0,356.0
2019,4,전북,250.0,106.0,356.0,250.0,106.0,356.0
2019,5,전북,250.0,106.0,356.0,250.0,106.0,356.0
2019,6,전북,250.0,106.0,356.0,250.0,106.0,356.0
2019,7,전북,250.0,106.0,356.0,250.0,106.0,356.0
2019,8,전북,250.0,106.0,356.0,250.0,106.0,356.0
2019,9,전북,250.0,106.0,356.0,250.0,106.0,356.0
2019,10,전북,250.0,106.0,356.0,250.0,106.0,356.0
2019,11,전북,250.0,106.0,356.0,250.0,106.0,356.0
2019,12,전북,250.0,106.0,356.0,250.0,106.0,356.0
2020,1,전북,463.0,230.0,693.0,713.0,336.0,1049.0
2020,2,전북,463.0,230.0,693.0,713.0,336.0,1049.0
2020,3,전북,463.0,230.0,693.0,713.0,336.0,1049.0
2020,4,전북,463.0,230.0,693.0,713.0,336.0,1049.0
2020,5,전북,463.0,230.0,693.0,713.0,336.0,1049.0
2020,6,전북,463.0,230.0,693.0,713.0,336.0,1049.0
2020,7,전북,463.0,230.0,693.0,713.0,336.0,1049.0
2020,8,전북,463.0,230.0,693.0,713.0,336.0,1049.0
2020,9,전북,463.0,230.0,693.0,713.0,336.0,1049.0
2020,10,전북,463.0,230.0,693.0,713.0,336.0,1049.0
2020,11,전북,463.0,230.0,693.0,713.0,336.0,1049.0
2020,12,전북,463.0,230.0,693.0,713.0,336.0,1049.0
2021,1,전북,570.0,249.0,819.0,1283.0,585.0,1868.0
2021,2,전북,570.0,249.0,819.0,1283.0,585.0,1868.0
2021,3,전북,570.0,249.0,819.0,1283.0,585.0,1868.0
2021,4,전북,570.0,249.0,819.0,1283.0,585.0,1868.0
2021,5,전북,570.0,249.0,819.0,1283.0,585.0,1868.0
2021,6,전북,570.0,249.0,819.0,1283.0,585.0,1868.0
2021,7,전북,570.0,249.0,819.0,1283.0,585.0,1868.0
2021,8,전북,570.0,249.0,819.0,1283.0,585.0,1868.0
2021,9,전북,570.0,249.0,819.0,1283.0,585.0,1868.0
2021,10,전북,570.0,249.0,819.0,1283.0,585.0,1868.0
2021,11,전북,570.0,249.0,819.0,1283.0,585.0,1868.0
2021,12,전북,570.0,249.0,819.0,1283.0,585.0,1868.0
2022,1,전북,2865.0,306.0,3171.0,4148.0,891.0,5039.0
2022,2,전북,2865.0,306.0,3171.0,4148.0,891.0,5039.0
2022,3,전북,2865.0,306.0,3171.0,4148.0,891.0,5039.0
2022,4,전북,2865.0,306.0,3171.0,4148.0,891.0,5039.0
2022,5,전북,2865.0,306.0,3171.0,4148.0,891.0,5039.0
2022,6,전북,2865.0,306.0,3171.0,4148.0,891.0,5039.0
2022,7,전북,2865.0,306.0,3171.0,4148.0,891.0,5039.0
2022,8,전북,2865.0,306.0,3171.0,4148.0,891.0,5039.0
2022,9,전북,2865.0,306.0,3171.0,4148.0,891.0,5039.0
2022,10,전북,2865.0,306.0,3171.0,4148.0,891.0,5039.0
2022,11,전북,2865.0,306.0,3171.0,4148.0,891.0,5039.0
2022,12,전북,2865.0,306.0,3171.0,4148.0,891.0,5039.0
2023,1,전북,3070.0,870.0,3940.0,7218.0,1761.0,8979.0
2023,2,전북,3070.0,870.0,3940.0,7218.0,1761.0,8979.0
2023,3,전북,3070.0,870.0,3940.0,7218.0,1761.0,8979.0
2023,4,전북,3070.0,870.0,3940.0,7218.0,1761.0,8979.0
2023,5,전북,3070.0,870.0,3940.0,7218.0,1761.0,8979.0
2023,6,전북,3070.0,870.0,3940.0,7218.0,1761.0,8979.0
2023,7,전북,3070.0,870.0,3940.0,7218.0,1761.0,8979.0
2023,8,전북,3070.0,870.0,3940.0,7218.0,1761.0,8979.0
2023,9,전북,3070.0,870.0,3940.0,7218.0,1761.0,8979.0
2023,10,전북,3070.0,870.0,3940.0,7218.0,1761.0,8979.0
2023,11,전북,3070.0,870.0,3940.0,7218.0,1761.0,8979.0
2023,12,전북,3070.0,870.0,3940.0,7218.0,1761.0,8979.0
2024,1,전북,3678.0,626.0,4304.0,10896.0,2387.0,13283.0
2024,2,전북,3678.0,626.0,4304.0,10896.0,2387.0,13283.0
2024,3,전북,3678.0,626.0,4304.0,10896.0,2387.0,13283.0
2024,4,전북,3678.0,626.0,4304.0,10896.0,2387.0,13283.0
2024,5,전북,3678.0,626.0,4304.0,10896.0,2387.0,13283.0
2024,6,전북,3678.0,626.0,4304.0,10896.0,2387.0,13283.0
2024,7,전북,3678.0,626.0,4304.0,10896.0,2387.0,13283.0
2024,8,전북,3678.0,626.0,4304.0,10896.0,2387.0,13283.0
2024,9,전북,3678.0,626.0,4304.0,10896.0,2387.0,13283.0
2024,10,전북,3678.0,626.0,4304.0,10896.0,2387.0,13283.0
2024,11,전북,3678.0,626.0,4304.0,10896.0,2387.0,13283.0
2024,12,전북,3678.0,626.0,4304.0,10896.0,2387.0,13283.0
2019,1,제주,572.0,193.0,765.0,572.0,193.0,765.0
2019,2,제주,572.0,193.0,765.0,572.0,193.0,765.0
2019,3,제주,572.0,193.0,765.0,572.0,193.0,765.0
2019,4,제주,572.0,193.0,765.0,572.0,193.0,765.0
2019,5,제주,572.0,193.0,765.0,572.0,193.0,765.0
2019,6,제주,572.0,193.0,765.0,572.0,193.0,765.0
2019,7,제주,572.0,193.0,765.0,572.0,193.0,765.0
2019,8,제주,572.0,193.0,765.0,572.0,193.0,765.0
2019,9,제주,572.0,193.0,765.0,572.0,193.0,765.0
2019,10,제주,572.0,193.0,765.0,572.0,193.0,765.0
2019,11,제주,572.0,193.0,765.0,572.0,193.0,765.0
2019,12,제주,572.0,193.0,765.0,572.0,193.0,765.0
2020,1,제주,575.0,246.0,821.0,1147.0,439.0,1586.0
2020,2,제주,575.0,246.0,821.0,1147.0,439.0,1586.0
2020,3,제주,575.0,246.0,821.0,1147.0,439.0,1586.0
2020,4,제주,575.0,246.0,821.0,1147.0,439.0,1586.0
2020,5,제주,575.0,246.0,821.0,1147.0,439.0,1586.0
2020,6,제주,575.0,246.0,821.0,1147.0,439.0,1586.0
2020,7,제주,575.0,246.0,821.0,1147.0,439.0,1586.0
2020,8,제주,575.0,246.0,821.0,1147.0,439.0,1586.0
2020,9,제주,575.0,246.0,821.0,1147.0,439.0,1586.0
2020,10,제주,575.0,246.0,821.0,1147.0,439.0,1586.0
2020,11,제주,575.0,246.0,821.0,1147.0,439.0,1586.0
2020,12,제주,575.0,246.0,821.0,1147.0,439.0,1586.0
2021,1,제주,544.0,343.0,887.0,1691.0,782.0,2473.0
2021,2,제주,544.0,343.0,887.0,1691.0,782.0,2473.0
2021,3,제주,544.0,343.0,887.0,1691.0,782.0,2473.0
2021,4,제주,544.0,343.0,887.0,1691.0,782.0,2473.0
2021,5,제주,544.0,343.0,887.0,1691.0,782.0,2473.0
2021,6,제주,544.0,343.0,887.0,1691.0,782.0,2473.0
2021,7,제주,544.0,343.0,887.0,1691.0,782.0,2473.0
2021,8,제주,544.0,343.0,887.0,1691.0,782.0,2473.0
2021,9,제주,544.0,343.0,887.0,1691.0,782.0,2473.0
2021,10,제주,544.0,343.0,887.0,1691.0,782.0,2473.0
2021,11,제주,544.0,343.0,887.0,1691.0,782.0,2473.0
2021,12,제주,544.0,343.0,887.0,1691.0,782.0,2473.0
2022,1,제주,1048.0,458.0,1506.0,2739.0,1240.0,3979.0
2022,2,제주,1048.0,458.0,1506.0,2739.0,1240.0,3979.0
2022,3,제주,1048.0,458.0,1506.0,2739.0,1240.0,3979.0
2022,4,제주,1048.0,458.0,1506.0,2739.0,1240.0,3979.0
2022,5,제주,1048.0,458.0,1506.0,2739.0,1240.0,3979.0
2022,6,제주,1048.0,458.0,1506.0,2739.0,1240.0,3979.0
2022,7,제주,1048.0,458.0,1506.0,2739.0,1240.0,3979.0
2022,8,제주,1048.0,458.0,1506.0,2739.0,1240.0,3979.0
2022,9,제주,1048.0,458.0,1506.0,2739.0,1240.0,3979.0
2022,10,제주,1048.0,458.0,1506.0,2739.0,1240.0,3979.0
2022,11,제주,1048.0,458.0,1506.0,2739.0,1240.0,3979.0
2022,12,제주,1048.0,458.0,1506.0,2739.0,1240.0,3979.0
2023,1,제주,1384.0,337.0,1721.0,4123.0,1577.0,5700.0
2023,2,제주,1384.0,337.0,1721.0,4123.0,1577.0,5700.0
2023,3,제주,1384.0,337.0,1721.0,4123.0,1577.0,5700.0
2023,4,제주,1384.0,337.0,1721.0,4123.0,1577.0,5700.0
2023,5,제주,1384.0,337.0,1721.0,4123.0,1577.0,5700.0
2023,6,제주,1384.0,337.0,1721.0,4123.0,1577.0,5700.0
2023,7,제주,1384.0,337.0,1721.0,4123.0,1577.0,5700.0
2023,8,제주,1384.0,337.0,1721.0,4123.0,1577.0,5700.0
2023,9,제주,1384.0,337.0,1721.0,4123.0,1577.0,5700.0
2023,10,제주,1384.0,337.0,1721.0,4123.0,1577.0,5700.0
2023,11,제주,1384.0,337.0,1721.0,4123.0,1577.0,5700.0
2023,12,제주,1384.0,337.0,1721.0,4123.0,1577.0,5700.0
2024,1,제주,1198.0,278.0,1476.0,5321.0,1855.0,7176.0
2024,2,제주,1198.0,278.0,1476.0,5321.0,1855.0,7176.0
2024,3,제주,1198.0,278.0,1476.0,5321.0,1855.0,7176.0
2024,4,제주,1198.0,278.0,1476.0,5321.0,1855.0,7176.0
2024,5,제주,1198.0,278.0,1476.0,5321.0,1855.0,7176.0
2024,6,제주,1198.0,278.0,1476.0,5321.0,1855.0,7176.0
2024,7,제주,1198.0,278.0,1476.0,5321.0,1855.0,7176.0
2024,8,제주,1198.0,278.0,1476.0,5321.0,1855.0,7176.0
2024,9,제주,1198.0,278.0,1476.0,5321.0,1855.0,7176.0
2024,10,제주,1198.0,278.0,1476.0,5321.0,1855.0,7176.0
2024,11,제주,1198.0,278.0,1476.0,5321.0,1855.0,7176.0
2024,12,제주,1198.0,278.0,1476.0,5321.0,1855.0,7176.0
2019,1,충남,632.0,219.0,851.0,632.0,219.0,851.0
2019,2,충남,632.0,219.0,851.0,632.0,219.0,851.0
2019,3,충남,632.0,219.0,851.0,632.0,219.0,851.0
2019,4,충남,632.0,219.0,851.0,632.0,219.0,851.0
2019,5,충남,632.0,219.0,851.0,632.0,219.0,851.0
2019,6,충남,632.0,219.0,851.0,632.0,219.0,851.0
2019,7,충남,632.0,219.0,851.0,632.0,219.0,851.0
2019,8,충남,632.0,219.0,851.0,632.0,219.0,851.0
2019,9,충남,632.0,219.0,851.0,632.0,219.0,851.0
2019,10,충남,632.0,219.0,851.0,632.0,219.0,851.0
2019,11,충남,632.0,219.0,851.0,632.0,219.0,851.0
2019,12,충남,632.0,219.0,851.0,632.0,219.0,851.0
2020,1,충남,410.0,124.0,534.0,1042.0,343.0,1385.0
2020,2,충남,410.0,124.0,534.0,1042.0,343.0,1385.0
2020,3,충남,410.0,124.0,534.0,1042.0,343.0,1385.0
2020,4,충남,410.0,124.0,534.0,1042.0,343.0,1385.0
2020,5,충남,410.0,124.0,534.0,1042.0,343.0,1385.0
2020,6,충남,410.0,124.0,534.0,1042.0,343.0,1385.0
2020,7,충남,410.0,124.0,534.0,1042.0,343.0,1385.0
2020,8,충남,410.0,124.0,534.0,1042.0,343.0,1385.0
2020,9,충남,410.0,124.0,534.0,1042.0,343.0,1385.0
2020,10,충남,410.0,124.0,534.0,1042.0,343.0,1385.0
2020,11,충남,410.0,124.0,534.0,1042.0,343.0,1385.0
2020,12,충남,410.0,124.0,534.0,1042.0,343.0,1385.0
2021,1,충남,813.0,312.0,1125.0,1855.0,655.0,2510.0
2021,2,충남,813.0,312.0,1125.0,1855.0,655.0,2510.0
2021,3,충남,813.0,312.0,1125.0,1855.0,655.0,2510.0
2021,4,충남,813.0,312.0,1125.0,1855.0,655.0,2510.0
2021,5,충남,813.0,312.0,1125.0,1855.0,655.0,2510.0
2021,6,충남,813.0,312.0,1125.0,1855.0,655.0,2510.0
2021,7,충남,813.0,312.0,1125.0,1855.0,655.0,2510.0
2021,8,충남,813.0,312.0,1125.0,1855.0,655.0,2510.0
2021,9,충남,813.0,312.0,1125.0,1855.0,655.0,2510.0
2021,10,충남,813.0,312.0,1125.0,1855.0,655.0,2510.0
2021,11,충남,813.0,312.0,1125.0,1855.0,655.0,2510.0
2021,12,충남,813.0,312.0,1125.0,1855.0,655.0,2510.0
2022,1,충남,3435.0,334.0,3769.0,5290.0,989.0,6279.0
2022,2,충남,3435.0,334.0,3769.0,5290.0,989.0,6279.0
2022,3,충남,3435.0,334.0,3769.0,5290.0,989.0,6279.0
2022,4,충남,3435.0,334.0,3769.0,5290.0,989.0,6279.0
2022,5,충남,3435.0,334.0,3769.0,5290.0,989.0,6279.0
2022,6,충남,3435.0,334.0,3769.0,5290.0,989.0,6279.0
2022,7,충남,3435.0,334.0,3769.0,5290.0,989.0,6279.0
2022,8,충남,3435.0,334.0,3769.0,5290.0,989.0,6279.0
2022,9,충남,3435.0,334.0,3769.0,5290.0,989.0,6279.0
2022,10,충남,3435.0,334.0,3769.0,5290.0,989.0,6279.0
2022,11,충남,3435.0,334.0,3769.0,5290.0,989.0,6279.0
2022,12,충남,3435.0,334.0,3769.0,5290.0,989.0,6279.0
2023,1,충남,4182.0,773.0,4955.0,9472.0,1762.0,11234.0
2023,2,충남,4182.0,773.0,4955.0,9472.0,1762.0,11234.0
2023,3,충남,4182.0,773.0,4955.0,9472.0,1762.0,11234.0
2023,4,충남,4182.0,773.0,4955.0,9472.0,1762.0,11234.0
2023,5,충남,4182.0,773.0,4955.0,9472.0,1762.0,11234.0
2023,6,충남,4182.0,773.0,4955.0,9472.0,1762.0,11234.0
2023,7,충남,4182.0,773.0,4955.0,9472.0,1762.0,11234.0
2023,8,충남,4182.0,773.0,4955.0,9472.0,1762.0,11234.0
2023,9,충남,4182.0,773.0,4955.0,9472.0,1762.0,11234.0
2023,10,충남,4182.0,773.0,4955.0,9472.0,1762.0,11234.0
2023,11,충남,4182.0,773.0,4955.0,9472.0,1762.0,11234.0
2023,12,충남,4182.0,773.0,4955.0,9472.0,1762.0,11234.0
2024,1,충남,4090.0,752.0,4842.0,13562.0,2514.0,16076.0
2024,2,충남,4090.0,752.0,4842.0,13562.0,2514.0,16076.0
2024,3,충남,4090.0,752.0,4842.0,13562.0,2514.0,16076.0
2024,4,충남,4090.0,752.0,4842.0,13562.0,2514.0,16076.0
2024,5,충남,4090.0,752.0,4842.0,13562.0,2514.0,16076.0
2024,6,충남,4090.0,752.0,4842.0,13562.0,2514.0,16076.0
2024,7,충남,4090.0,752.0,4842.0,13562.0,2514.0,16076.0
2024,8,충남,4090.0,752.0,4842.0,13562.0,2514.0,16076.0
2024,9,충남,4090.0,752.0,4842.0,13562.0,2514.0,16076.0
2024,10,충남,4090.0,752.0,4842.0,13562.0,2514.0,16076.0
2024,11,충남,4090.0,752.0,4842.0,13562.0,2514.0,16076.0
2024,12,충남,4090.0,752.0,4842.0,13562.0,2514.0,16076.0
2019,1,충북,496.0,137.0,633.0,496.0,137.0,633.0
2019,2,충북,496.0,137.0,633.0,496.0,137.0,633.0
2019,3,충북,496.0,137.0,633.0,496.0,137.0,633.0
2019,4,충북,496.0,137.0,633.0,496.0,137.0,633.0
2019,5,충북,496.0,137.0,633.0,496.0,137.0,633.0
2019,6,충북,496.0,137.0,633.0,496.0,137.0,633.0
2019,7,충북,496.0,137.0,633.0,496.0,137.0,633.0
2019,8,충북,496.0,137.0,633.0,496.0,137.0,633.0
2019,9,충북,496.0,137.0,633.0,496.0,137.0,633.0
2019,10,충북,496.0,137.0,633.0,496.0,137.0,633.0
2019,11,충북,496.0,137.0,633.0,496.0,137.0,633.0
2019,12,충북,496.0,137.0,633.0,496.0,137.0,633.0
2020,1,충북,289.0,88.0,377.0,785.0,225.0,1010.0
2020,2,충북,289.0,88.0,377.0,785.0,225.0,1010.0
2020,3,충북,289.0,88.0,377.0,785.0,225.0,1010.0
2020,4,충북,289.0,88.0,377.0,785.0,225.0,1010.0
2020,5,충북,289.0,88.0,377.0,785.0,225.0,1010.0
2020,6,충북,289.0,88.0,377.0,785.0,225.0,1010.0
2020,7,충북,289.0,88.0,377.0,785.0,225.0,1010.0
2020,8,충북,289.0,88.0,377.0,785.0,225.0,1010.0
2020,9,충북,289.0,88.0,377.0,785.0,225.0,1010.0
2020,10,충북,289.0,88.0,377.0,785.0,225.0,1010.0
2020,11,충북,289.0,88.0,377.0,785.0,225.0,1010.0
2020,12,충북,289.0,88.0,377.0,785.0,225.0,1010.0
2021,1,충북,608.0,200.0,808.0,1393.0,425.0,1818.0
2021,2,충북,608.0,200.0,808.0,1393.0,425.0,1818.0
2021,3,충북,608.0,200.0,808.0,1393.0,425.0,1818.0
2021,4,충북,608.0,200.0,808.0,1393.0,425.0,1818.0
2021,5,충북,608.0,200.0,808.0,1393.0,425.0,1818.0
2021,6,충북,608.0,200.0,808.0,1393.0,425.0,1818.0
2021,7,충북,608.0,200.0,808.0,1393.0,425.0,1818.0
2021,8,충북,608.0,200.0,808.0,1393.0,425.0,1818.0
2021,9,충북,608.0,200.0,808.0,1393.0,425.0,1818.0
2021,10,충북,608.0,200.0,808.0,1393.0,425.0,1818.0
2021,11,충북,608.0,200.0,808.0,1393.0,425.0,1818.0
2021,12,충북,608.0,200.0,808.0,1393.0,425.0,1818.0
2022,1,충북,2943.0,314.0,3257.0,4336.0,739.0,5075.0
2022,2,충북,2943.0,314.0,3257.0,4336.0,739.0,5075.0
2022,3,충북,2943.0,314.0,3257.0,4336.0,739.0,5075.0
2022,4,충북,2943.0,314.0,3257.0,4336.0,739.0,5075.0
2022,5,충북,2943.0,314.0,3257.0,4336.0,739.0,5075.0
2022,6,충북,2943.0,314.0,3257.0,4336.0,739.0,5075.0
2022,7,충북,2943.0,314.0,3257.0,4336.0,739.0,5075.0
2022,8,충북,2943.0,314.0,3257.0,4336.0,739.0,5075.0
2022,9,충북,2943.0,314.0,3257.0,4336.0,739.0,5075.0
2022,10,충북,2943.0,314.0,3257.0,4336.0,739.0,5075.0
2022,11,충북,2943.0,314.0,3257.0,4336.0,739.0,5075.0
2022,12,충북,2943.0,314.0,3257.0,4336.0,739.0,5075.0
2023,1,충북,3108.0,617.0,3725.0,7444.0,1356.0,8800.0
2023,2,충북,3108.0,617.0,3725.0,7444.0,1356.0,8800.0
2023,3,충북,3108.0,617.0,3725.0,7444.0,1356.0,8800.0
2023,4,충북,3108.0,617.0,3725.0,7444.0,1356.0,8800.0
2023,5,충북,3108.0,617.0,3725.0,7444.0,1356.0,8800.0
2023,6,충북,3108.0,617.0,3725.0,7444.0,1356.0,8800.0
2023,7,충북,3108.0,617.0,3725.0,7444.0,1356.0,8800.0
2023,8,충북,3108.0,617.0,3725.0,7444.0,1356.0,8800.0
2023,9,충북,3108.0,617.0,3725.0,7444.0,1356.0,8800.0
2023,10,충북,3108.0,617.0,3725.0,7444.0,1356.0,8800.0
2023,11,충북,3108.0,617.0,3725.0,7444.0,1356.0,8800.0
2023,12,충북,3108.0,617.0,3725.0,7444.0,1356.0,8800.0
2024,1,충북,3047.0,491.0,3538.0,10491.0,1847.0,12338.0
2024,2,충북,3047.0,491.0,3538.0,10491.0,1847.0,12338.0
2024,3,충북,3047.0,491.0,3538.0,10491.0,1847.0,12338.0
2024,4,충북,3047.0,491.0,3538.0,10491.0,1847.0,12338.0
2024,5,충북,3047.0,491.0,3538.0,10491.0,1847.0,12338.0
2024,6,충북,3047.0,491.0,3538.0,10491.0,1847.0,12338.0
2024,7,충북,3047.0,491.0,3538.0,10491.0,1847.0,12338.0
2024,8,충북,3047.0,491.0,3538.0,10491.0,1847.0,12338.0
2024,9,충북,3047.0,491.0,3538.0,10491.0,1847.0,12338.0
2024,10,충북,3047.0,491.0,3538.0,10491.0,1847.0,12338.0
2024,11,충북,3047.0,491.0,3538.0,10491.0,1847.0,12338.0
2024,12,충북,3047.0,491.0,3538.0,10491.0,1847.0,12338.0
