일시,시도,평균기온(°C),평균최고기온(°C),평균최저기온(°C),월합강수량(00~24h만)(mm)
2020-01,강원,0.7285714285714285,5.821428571428571,-3.3285714285714287,85.33571428571429
2020-01,경기,0.6,6.0600000000000005,-3.8600000000000003,70.28
2020-01,경남,3.9785714285714286,9.385714285714286,-0.2785714285714285,106.49285714285715
2020-01,경북,2.7785714285714285,7.642857142857143,-1.2142857142857142,90.41428571428571
2020-01,광주,4.6,9.0,1.2,74.9
2020-01,대구,3.8,8.4,0.1,70.4
2020-01,대전,2.7,7.8,-1.2,78.5
2020-01,부산,6.4,10.9,3.1,127.7
2020-01,서울,1.6,5.9,-1.7,60.5
2020-01,세종,2.1,7.1,-1.7,81.3
2020-01,울산,5.2,9.5,1.8,178.7
2020-01,인천,1.7666666666666666,5.166666666666667,-1.0666666666666667,50.96666666666667
2020-01,전남,4.6692307692307695,8.653846153846153,1.2153846153846155,80.53076923076924
2020-01,전북,2.58,7.390000000000001,-1.34,74.0
2020-01,제주,8.725,11.2,6.375,99.325
2020-01,충남,1.8833333333333335,7.133333333333333,-2.3666666666666667,64.75
2020-01,충북,1.0,6.2,-3.2399999999999998,66.62
2020-02,강원,1.7214285714285713,7.114285714285714,-3.2357142857142853,54.207142857142856
2020-02,경기,1.7,7.38,-3.22,55.58
2020-02,경남,5.1571428571428575,11.135714285714286,-0.12142857142857143,58.457142857142856
2020-02,경북,3.492857142857143,9.142857142857142,-1.5857142857142856,69.98571428571428
2020-02,광주,5.3,10.6,0.8,47.8
2020-02,대구,4.9,10.4,0.2,40.2
2020-02,대전,3.6,9.3,-1.2,91.2
2020-02,부산,7.1,11.8,3.1,94.9
2020-02,서울,2.5,7.2,-1.3,53.1
2020-02,세종,2.9,8.3,-1.9,89.7
2020-02,울산,6.0,11.0,1.4,53.6
2020-02,인천,2.2333333333333334,5.933333333333334,-1.2,40.4
2020-02,전남,5.123076923076923,10.076923076923077,0.49230769230769234,40.23846153846154
2020-02,전북,3.34,9.040000000000001,-1.5899999999999999,58.31
2020-02,제주,9.025,12.4,5.6,66.4
2020-02,충남,2.6,8.433333333333334,-2.6166666666666667,78.7
2020-02,충북,2.02,7.76,-3.2,66.2
2020-03,강원,6.521428571428571,12.85,0.1785714285714286,27.978571428571428
2020-03,경기,6.9,13.88,0.2,17.479999999999997
2020-03,경남,9.214285714285714,15.592857142857143,3.0785714285714287,42.44285714285714
2020-03,경북,7.8999999999999995,14.4,1.5785714285714287,22.5
2020-03,광주,9.0,15.2,3.8,43.5
2020-03,대구,9.5,15.8,3.6,24.5
2020-03,대전,8.5,15.0,2.3,24.4
2020-03,부산,10.4,15.0,6.4,58.8
2020-03,서울,7.7,13.3,2.6,16.3
2020-03,세종,7.8,14.3,1.7,22.6
2020-03,울산,9.6,14.9,4.6,41.6
2020-03,인천,6.533333333333334,10.733333333333334,2.3333333333333335,8.1
2020-03,전남,8.323076923076924,13.953846153846154,2.8230769230769233,40.41538461538461
2020-03,전북,7.2700000000000005,13.819999999999999,1.15,35.61
2020-03,제주,11.325,14.8,7.75,96.425
2020-03,충남,6.933333333333334,13.483333333333334,0.46666666666666673,22.316666666666666
2020-03,충북,7.0,13.919999999999998,-0.040000000000000036,20.52
2020-04,강원,9.62857142857143,16.021428571428572,3.2142857142857144,35.90714285714286
2020-04,경기,10.32,17.44,3.4,19.7
2020-04,경남,11.807142857142859,18.52857142857143,5.3500000000000005,62.121428571428574
2020-04,경북,11.0,17.742857142857144,4.378571428571428,37.76428571428572
2020-04,광주,11.5,18.0,6.2,55.3
2020-04,대구,12.6,19.0,6.5,32.4
2020-04,대전,11.5,18.7,5.2,17.8
2020-04,부산,12.6,17.5,8.9,83.5
2020-04,서울,11.1,16.6,6.3,16.9
2020-04,세종,10.8,17.9,4.3,17.6
2020-04,울산,12.3,18.0,7.0,73.2
2020-04,인천,9.9,13.9,5.933333333333334,14.933333333333332
2020-04,전남,10.846153846153847,16.646153846153847,5.300000000000001,65.74615384615385
2020-04,전북,9.760000000000002,16.56,3.3899999999999997,36.27
2020-04,제주,13.0,16.875,9.425,70.9
2020-04,충남,9.950000000000001,16.783333333333335,3.0666666666666664,19.900000000000002
2020-04,충북,10.16,17.28,2.92,29.22
2020-05,강원,16.742857142857144,22.464285714285715,11.728571428571428,119.49285714285715
2020-05,경기,17.34,23.439999999999998,12.26,116.42
2020-05,경남,18.321428571428573,24.099999999999998,13.221428571428572,86.34285714285714
2020-05,경북,17.585714285714285,23.464285714285715,12.135714285714286,79.29285714285713
2020-05,광주,18.8,24.4,14.2,96.8
2020-05,대구,19.4,25.7,14.0,38.1
2020-05,대전,18.8,24.4,13.9,80.4
2020-05,부산,17.9,21.8,15.0,96.2
2020-05,서울,18.0,23.3,13.7,112.4
2020-05,세종,18.2,24.0,13.0,91.6
2020-05,울산,18.1,23.3,13.9,51.5
2020-05,인천,15.5,19.666666666666668,12.066666666666668,149.53333333333333
2020-05,전남,17.346153846153847,22.13076923076923,13.107692307692307,170.7
2020-05,전북,17.630000000000003,23.419999999999998,12.55,89.25
2020-05,제주,18.275,22.2,15.175,150.325
2020-05,충남,17.366666666666664,23.2,12.233333333333334,93.39999999999999
2020-05,충북,17.619999999999997,23.56,12.02,91.9
2020-06,강원,22.42142857142857,27.92142857142857,17.571428571428573,121.77857142857142
2020-06,경기,22.96,28.6,18.2,110.25999999999999
2020-06,경남,23.150000000000002,28.928571428571427,18.49285714285714,244.70714285714286
2020-06,경북,22.642857142857142,28.285714285714285,17.592857142857145,145.92142857142858
2020-06,광주,23.6,28.8,19.6,199.9
2020-06,대구,24.5,30.5,19.3,185.3
2020-06,대전,24.1,29.0,20.0,192.5
2020-06,부산,22.4,26.6,19.5,321.1
2020-06,서울,23.9,29.0,19.9,139.6
2020-06,세종,23.2,28.5,18.9,214.2
2020-06,울산,22.7,27.6,18.5,218.6
2020-06,인천,20.633333333333333,24.8,17.233333333333334,124.0
2020-06,전남,22.115384615384617,26.676923076923078,18.346153846153847,308.1
2020-06,전북,22.54,27.919999999999998,18.3,172.77
2020-06,제주,22.025,25.3,19.425,311.175
2020-06,충남,22.416666666666668,27.683333333333334,18.183333333333334,169.95000000000002
2020-06,충북,22.98,28.54,18.16,138.12
2020-07,강원,21.771428571428572,26.057142857142857,18.307142857142857,271.6357142857143
2020-07,경기,23.22,27.52,19.7,292.36
2020-07,경남,22.735714285714288,26.45,20.114285714285717,569.3428571428572
2020-07,경북,21.8,25.564285714285713,18.885714285714283,411.0571428571429
2020-07,광주,23.4,26.8,20.8,533.3
2020-07,대구,23.2,26.8,20.2,330.5
2020-07,대전,23.6,27.2,20.7,544.9
2020-07,부산,22.1,24.8,20.3,796.8
2020-07,서울,24.1,28.0,21.1,270.4
2020-07,세종,23.2,27.1,20.1,436.4
2020-07,울산,22.1,25.3,19.8,498.3
2020-07,인천,22.233333333333334,25.633333333333336,19.599999999999998,247.9
2020-07,전남,22.692307692307693,25.915384615384614,20.407692307692308,385.0230769230769
2020-07,전북,22.830000000000002,26.54,20.119999999999997,520.48
2020-07,제주,23.55,26.325,21.4,283.15
2020-07,충남,22.983333333333334,26.900000000000002,19.933333333333334,417.65000000000003
2020-07,충북,22.66,26.52,19.419999999999998,411.28000000000003
2020-08,강원,25.057142857142857,29.00714285714286,22.2,508.10714285714283
2020-08,경기,25.78,29.560000000000002,23.14,668.1
2020-08,경남,27.3,31.735714285714288,24.135714285714283,354.1642857142857
2020-08,경북,26.3,30.87142857142857,22.928571428571427,273.8
2020-08,광주,27.6,31.6,24.8,738.1
2020-08,대구,28.6,33.3,24.8,322.7
2020-08,대전,27.5,31.5,24.6,361.6
2020-08,부산,27.2,30.4,24.8,399.2
2020-08,서울,26.5,29.3,24.4,675.7
2020-08,세종,26.8,31.0,23.9,501.1
2020-08,울산,27.6,31.8,24.4,137.1
2020-08,인천,25.0,27.400000000000002,23.166666666666668,422.8999999999999
2020-08,전남,27.184615384615384,30.915384615384614,24.384615384615383,244.44615384615386
2020-08,전북,26.910000000000004,31.21,23.82,550.51
2020-08,제주,28.099999999999998,30.95,25.85,171.375
2020-08,충남,26.5,30.433333333333334,23.599999999999998,400.1333333333334
2020-08,충북,25.880000000000003,30.28,22.740000000000002,499.7
2020-09,강원,18.678571428571427,23.457142857142856,14.864285714285714,304.64285714285717
2020-09,경기,19.94,25.3,15.86,164.16
2020-09,경남,20.842857142857145,25.707142857142856,17.0,286.62857142857143
2020-09,경북,19.585714285714285,24.592857142857145,15.62857142857143,175.56428571428572
2020-09,광주,21.3,25.7,17.9,178.3
2020-09,대구,21.2,26.0,17.1,161.0
2020-09,대전,21.2,25.9,17.4,173.6
2020-09,부산,21.9,25.6,19.2,230.5
2020-09,서울,21.4,25.6,18.0,181.5
2020-09,세종,20.5,25.4,16.8,171.3
2020-09,울산,21.1,25.0,18.0,243.0
2020-09,인천,20.633333333333333,24.133333333333336,17.633333333333333,205.4
2020-09,전남,21.26153846153846,25.638461538461538,17.746153846153845,224.2923076923077
2020-09,전북,20.27,25.39,16.4,201.82
2020-09,제주,22.475,25.450000000000003,19.9,356.875
2020-09,충남,20.333333333333332,25.349999999999998,16.316666666666666,204.88333333333333
2020-09,충북,19.32,24.619999999999997,15.080000000000002,166.02
2020-10,강원,11.87142857142857,18.464285714285715,6.471428571428571,3.2785714285714285
2020-10,경기,12.4,19.619999999999997,6.279999999999999,7.9799999999999995
2020-10,경남,15.049999999999999,21.72142857142857,9.885714285714286,21.814285714285713
2020-10,경북,13.5,19.978571428571428,8.142857142857142,9.464285714285714
2020-10,광주,15.7,21.2,11.2,12.1
2020-10,대구,15.4,21.3,10.1,13.1
2020-10,대전,14.2,20.6,8.9,3.2
2020-10,부산,17.3,22.2,13.8,26.4
2020-10,서울,14.3,19.5,9.6,0.0
2020-10,세종,13.4,19.8,8.2,6.4
2020-10,울산,15.9,20.8,11.9,18.9
2020-10,인천,14.366666666666667,18.333333333333332,10.233333333333333,9.266666666666667
2020-10,전남,15.538461538461538,21.138461538461538,10.86153846153846,22.792307692307695
2020-10,전북,13.7,20.22,8.15,7.67
2020-10,제주,18.15,21.3,15.35,40.5
2020-10,충남,13.1,19.900000000000002,7.233333333333333,12.616666666666667
2020-10,충북,12.120000000000001,19.1,6.14,7.38
2020-11,강원,6.985714285714286,12.728571428571428,1.8714285714285714,38.707142857142856
2020-11,경기,6.640000000000001,12.76,1.1800000000000002,58.5
2020-11,경남,9.864285714285714,16.142857142857142,4.485714285714286,46.23571428571428
2020-11,경북,8.357142857142858,14.321428571428571,3.0285714285714285,39.050000000000004
2020-11,광주,10.5,15.6,6.4,28.3
2020-11,대구,9.7,15.3,4.5,23.9
2020-11,대전,8.6,14.4,3.8,41.8
2020-11,부산,12.4,17.2,8.5,36.3
2020-11,서울,8.0,12.6,4.0,120.1
2020-11,세종,8.0,13.4,3.3,50.1
2020-11,울산,11.0,15.9,6.5,37.7
2020-11,인천,8.200000000000001,11.966666666666667,4.566666666666666,54.699999999999996
2020-11,전남,10.853846153846153,15.73076923076923,6.276923076923077,18.338461538461537
2020-11,전북,8.559999999999999,14.309999999999999,3.55,57.25
2020-11,제주,14.2,17.4,11.075,18.55
2020-11,충남,7.8500000000000005,13.733333333333334,2.6,46.449999999999996
2020-11,충북,6.88,12.940000000000001,1.46,31.939999999999998
2020-12,강원,-1.542857142857143,3.957142857142857,-6.378571428571428,4.05
2020-12,경기,-1.7600000000000002,3.88,-6.68,4.159999999999999
2020-12,경남,2.042857142857143,8.3,-2.9285714285714284,7.714285714285714
2020-12,경북,0.3071428571428572,6.207142857142857,-4.728571428571429,9.707142857142857
2020-12,광주,2.7,7.8,-1.1,18.7
2020-12,대구,1.6,7.2,-3.1,2.8
2020-12,대전,0.5,6.1,-3.8,4.1
2020-12,부산,4.3,9.3,0.5,10.2
2020-12,서울,-0.3,3.9,-4.2,4.6
2020-12,세종,-0.1,5.0,-4.3,3.5
2020-12,울산,3.4,8.5,-0.9,5.7
2020-12,인천,0.4666666666666666,4.033333333333334,-3.0,7.633333333333333
2020-12,전남,3.0076923076923077,8.276923076923076,-1.5769230769230769,15.63076923076923
2020-12,전북,0.64,6.18,-3.8899999999999997,18.3
2020-12,제주,7.625,10.775,4.65,41.05
2020-12,충남,0.01666666666666668,5.583333333333333,-4.666666666666667,7.05
2020-12,충북,-1.8,4.08,-6.8,7.040000000000001
2021-01,강원,-3.435714285714286,2.164285714285714,-8.842857142857143,10.221428571428572
2021-01,경기,-3.6799999999999997,2.2199999999999998,-9.4,18.46
2021-01,경남,1.1928571428571428,7.135714285714286,-4.1,17.678571428571427
2021-01,경북,-1.1642857142857144,4.635714285714286,-6.45,18.99285714285714
2021-01,광주,1.4,6.4,-2.6,33.0
2021-01,대구,0.5,5.9,-4.3,11.9
2021-01,대전,-1.0,4.6,-6.0,23.6
2021-01,부산,3.3,7.9,-0.8,25.8
2021-01,서울,-2.4,2.2,-6.8,18.9
2021-01,세종,-1.7,3.3,-6.6,22.0
2021-01,울산,2.1,6.8,-2.6,20.6
2021-01,인천,-2.1,1.7666666666666666,-6.033333333333334,33.13333333333333
2021-01,전남,1.9076923076923078,6.9692307692307685,-2.707692307692308,32.76153846153846
2021-01,전북,-0.64,4.71,-5.76,34.489999999999995
2021-01,제주,6.7,9.825,3.45,84.225
2021-01,충남,-1.7666666666666666,3.8000000000000003,-7.25,26.55
2021-01,충북,-3.0,2.9,-8.64,16.5
2021-02,강원,1.7571428571428573,7.821428571428571,-4.042857142857143,4.964285714285714
2021-02,경기,1.6199999999999999,8.120000000000001,-4.46,9.12
2021-02,경남,5.242857142857143,11.692857142857141,-0.5357142857142857,37.74285714285714
2021-02,경북,3.3714285714285714,9.807142857142859,-2.5357142857142856,16.685714285714287
2021-02,광주,5.1,10.7,0.4,31.1
2021-02,대구,4.8,11.1,-0.6,19.2
2021-02,대전,4.0,10.0,-1.6,14.1
2021-02,부산,7.2,11.9,3.2,49.5
2021-02,서울,2.7,7.9,-2.2,7.1
2021-02,세종,3.2,9.0,-2.2,14.4
2021-02,울산,6.5,11.9,1.6,28.8
2021-02,인천,1.8333333333333333,6.2,-2.3666666666666667,7.666666666666667
2021-02,전남,5.253846153846154,10.661538461538461,0.4153846153846154,33.05384615384615
2021-02,전북,3.45,9.42,-1.92,28.03
2021-02,제주,9.3,13.0,6.025,54.650000000000006
2021-02,충남,2.8333333333333335,8.733333333333333,-2.8000000000000003,14.566666666666668
2021-02,충북,2.08,8.440000000000001,-4.0600000000000005,12.18
2021-03,강원,7.292857142857143,13.450000000000001,1.7142857142857142,101.2
2021-03,경기,7.9,14.88,1.8399999999999999,106.24000000000001
2021-03,경남,10.25,16.485714285714284,4.578571428571428,148.6
2021-03,경북,8.52142857142857,14.450000000000001,2.7714285714285714,97.32142857142857
2021-03,광주,10.6,17.0,5.6,122.4
2021-03,대구,10.2,16.1,4.7,95.2
2021-03,대전,9.6,15.9,4.0,95.2
2021-03,부산,11.4,15.9,7.7,127.5
2021-03,서울,9.0,14.8,4.3,110.9
2021-03,세종,8.8,15.1,3.2,99.8
2021-03,울산,10.5,15.4,5.9,138.9
2021-03,인천,6.8999999999999995,11.433333333333332,3.033333333333333,87.93333333333334
2021-03,전남,9.76923076923077,15.307692307692308,4.746153846153846,137.6153846153846
2021-03,전북,8.540000000000001,15.190000000000001,2.84,95.77000000000001
2021-03,제주,12.525,16.175,9.0,140.825
2021-03,충남,8.016666666666667,14.766666666666666,2.0,91.39999999999999
2021-03,충북,8.02,14.5,1.8399999999999999,86.8
2021-04,강원,11.921428571428573,18.014285714285712,5.95,102.7
2021-04,경기,13.16,19.78,6.88,100.52000000000001
2021-04,경남,14.092857142857143,20.75,7.8999999999999995,78.77857142857144
2021-04,경북,12.549999999999999,18.82857142857143,6.3999999999999995,81.67142857142858
2021-04,광주,14.9,20.9,9.7,34.2
2021-04,대구,14.5,20.6,8.8,43.0
2021-04,대전,14.7,20.9,8.9,47.4
2021-04,부산,14.7,19.7,10.8,107.1
2021-04,서울,14.2,19.5,9.5,124.1
2021-04,세종,13.9,20.1,8.1,56.0
2021-04,울산,13.8,19.0,9.1,73.9
2021-04,인천,12.166666666666666,16.566666666666666,8.200000000000001,97.23333333333333
2021-04,전남,13.707692307692307,19.207692307692305,8.46923076923077,66.72307692307692
2021-04,전북,13.26,19.759999999999998,7.220000000000001,38.96
2021-04,제주,15.35,19.225,11.975,109.175
2021-04,충남,13.1,19.53333333333333,6.8,60.53333333333333
2021-04,충북,12.98,19.380000000000003,6.5,62.02
2021-05,강원,15.5,21.142857142857142,10.242857142857144,159.42857142857142
2021-05,경기,16.06,21.98,10.76,192.9
2021-05,경남,17.764285714285712,23.47142857142857,12.471428571428572,133.97857142857143
2021-05,경북,16.164285714285715,21.942857142857143,10.757142857142856,132.7642857142857
2021-05,광주,18.4,24.0,13.4,139.4
2021-05,대구,18.3,24.3,12.8,90.9
2021-05,대전,17.7,23.1,12.8,134.2
2021-05,부산,17.7,21.5,14.7,139.2
2021-05,서울,17.1,21.9,12.8,183.1
2021-05,세종,16.8,22.4,11.7,141.9
2021-05,울산,17.8,22.7,13.1,120.4
2021-05,인천,15.466666666666667,19.766666666666666,11.466666666666667,166.5666666666667
2021-05,전남,17.46153846153846,22.607692307692307,12.561538461538463,117.9
2021-05,전북,16.830000000000002,22.669999999999998,11.190000000000001,109.72
2021-05,제주,18.575,22.625,15.15,136.54999999999998
2021-05,충남,16.333333333333332,22.099999999999998,11.066666666666668,136.58333333333334
2021-05,충북,16.04,21.880000000000003,10.4,158.56
2021-06,강원,20.571428571428573,25.728571428571428,16.3,78.69285714285715
2021-06,경기,21.84,27.380000000000003,17.32,64.86
2021-06,경남,22.3,27.485714285714288,18.014285714285712,119.68571428571428
2021-06,경북,21.157142857142855,26.2,16.757142857142856,57.807142857142864
2021-06,광주,23.3,28.3,19.2,118.1
2021-06,대구,23.2,28.5,18.9,55.1
2021-06,대전,23.5,28.5,19.1,105.9
2021-06,부산,21.9,25.4,19.3,232.3
2021-06,서울,22.8,27.6,18.9,104.6
2021-06,세종,22.6,27.8,18.2,67.8
2021-06,울산,21.7,25.8,18.2,93.8
2021-06,인천,20.333333333333332,24.433333333333334,17.099999999999998,95.06666666666666
2021-06,전남,22.241666666666664,26.825,18.458333333333332,115.20769230769231
2021-06,전북,22.16,27.589999999999996,17.73,123.08
2021-06,제주,22.75,26.075000000000003,20.225,172.075
2021-06,충남,22.0,27.21666666666667,17.633333333333333,70.11666666666666
2021-06,충북,21.82,27.28,17.06,83.0
2021-07,강원,25.307142857142857,30.592857142857145,21.17142857142857,144.65714285714287
2021-07,경기,26.619999999999997,31.82,22.46,118.04
2021-07,경남,26.32857142857143,31.135714285714283,22.664285714285715,367.5785714285715
2021-07,경북,25.285714285714285,30.3,21.307142857142857,191.02142857142854
2021-07,광주,27.0,31.4,23.6,227.6
2021-07,대구,26.9,32.1,22.9,153.3
2021-07,대전,27.8,32.3,24.0,151.8
2021-07,부산,26.3,29.5,24.0,399.9
2021-07,서울,28.1,32.2,24.6,168.3
2021-07,세종,26.9,31.7,23.0,180.7
2021-07,울산,25.9,29.8,22.8,189.3
2021-07,인천,25.766666666666666,29.46666666666667,22.7,69.26666666666667
2021-07,전남,26.253846153846155,30.22307692307692,23.015384615384615,405.0153846153846
2021-07,전북,26.22,31.15,22.28,224.89000000000001
2021-07,제주,26.925,29.675,24.8,201.65
2021-07,충남,26.433333333333334,31.45,22.383333333333336,162.25
2021-07,충북,26.02,31.2,21.78,210.58
2021-08,강원,23.45,27.87857142857143,20.207142857142856,247.79999999999998
2021-08,경기,24.66,29.4,21.04,168.82
2021-08,경남,25.864285714285717,30.67142857142857,22.514285714285712,353.5142857142857
2021-08,경북,24.057142857142857,28.457142857142856,20.87857142857143,295.17857142857144
2021-08,광주,25.8,30.3,22.5,338.7
2021-08,대구,25.7,30.5,22.4,256.3
2021-08,대전,25.8,29.9,22.6,289.2
2021-08,부산,26.2,29.4,23.8,481.2
2021-08,서울,25.9,29.7,22.8,211.2
2021-08,세종,25.1,29.5,21.8,232.1
2021-08,울산,25.3,29.2,22.5,443.9
2021-08,인천,24.53333333333333,28.0,21.766666666666666,256.0
2021-08,전남,25.984615384615385,30.161538461538463,22.815384615384616,275.90769230769234
2021-08,전북,25.09,29.97,21.630000000000003,346.12
2021-08,제주,26.65,29.45,24.45,290.175
2021-08,충남,24.933333333333334,29.483333333333334,21.46666666666667,251.1833333333333
2021-08,충북,24.16,28.619999999999997,20.759999999999998,241.86000000000004
2021-09,강원,19.900000000000002,24.785714285714285,15.978571428571428,135.3
2021-09,경기,21.220000000000002,26.6,16.880000000000003,145.84
2021-09,경남,22.071428571428573,26.52857142857143,18.692857142857143,125.07857142857142
2021-09,경북,20.45,25.0,16.8,157.59285714285716
2021-09,광주,22.9,27.2,19.5,131.1
2021-09,대구,22.1,26.4,18.7,84.1
2021-09,대전,22.4,26.8,18.9,161.2
2021-09,부산,22.9,26.4,20.5,164.7
2021-09,서울,22.6,26.9,18.8,131.0
2021-09,세종,21.8,26.4,18.2,184.6
2021-09,울산,22.1,25.6,19.5,125.2
2021-09,인천,21.8,25.433333333333337,18.633333333333336,142.0
2021-09,전남,22.63076923076923,26.523076923076925,19.476923076923075,116.23076923076923
2021-09,전북,21.89,26.55,18.06,134.0
2021-09,제주,24.475,27.325,22.125,491.3
2021-09,충남,21.650000000000002,26.5,17.666666666666668,211.98333333333335
2021-09,충북,20.68,25.52,16.419999999999998,191.57999999999998
2021-10,강원,13.578571428571427,19.414285714285715,9.1,91.05
2021-10,경기,14.14,20.32,9.22,53.160000000000004
2021-10,경남,16.428571428571427,22.964285714285715,11.514285714285714,38.56428571428571
2021-10,경북,14.6,20.87142857142857,9.964285714285714,89.5
2021-10,광주,17.2,22.7,12.8,35.3
2021-10,대구,16.5,22.7,11.5,57.8
2021-10,대전,15.7,21.9,10.8,40.8
2021-10,부산,18.7,23.3,15.2,18.2
2021-10,서울,15.6,20.5,11.6,57.0
2021-10,세종,15.0,21.0,10.3,36.4
2021-10,울산,17.1,22.1,13.0,49.0
2021-10,인천,15.5,19.3,11.933333333333332,47.26666666666667
2021-10,전남,16.96153846153846,22.50769230769231,12.438461538461537,29.299999999999997
2021-10,전북,15.180000000000001,21.669999999999998,10.03,43.35
2021-10,제주,20.0,23.475,17.0,46.625
2021-10,충남,14.833333333333334,21.25,9.799999999999999,44.583333333333336
2021-10,충북,13.76,20.240000000000002,8.82,35.260000000000005
2021-11,강원,6.914285714285714,12.885714285714286,1.9857142857142858,37.19285714285714
2021-11,경기,6.7,13.180000000000001,1.44,64.76
2021-11,경남,9.435714285714285,16.435714285714287,4.0285714285714285,56.59285714285714
2021-11,경북,8.142857142857142,14.692857142857141,2.957142857142857,39.82142857142857
2021-11,광주,10.2,15.8,5.8,85.8
2021-11,대구,9.5,15.7,4.4,43.1
2021-11,대전,8.9,14.9,4.0,41.7
2021-11,부산,12.5,17.4,8.6,57.9
2021-11,서울,8.2,13.1,4.0,62.4
2021-11,세종,8.2,14.3,3.3,60.9
2021-11,울산,11.1,16.6,6.1,49.7
2021-11,인천,8.700000000000001,12.9,4.833333333333333,57.26666666666667
2021-11,전남,10.307692307692308,16.123076923076923,5.5,56.57692307692308
2021-11,전북,8.29,14.61,3.4,84.78
2021-11,제주,13.8,17.775,10.475,58.65
2021-11,충남,7.983333333333333,14.383333333333333,2.8666666666666667,90.26666666666667
2021-11,충북,6.8,13.26,1.5999999999999999,47.8
2021-12,강원,0.042857142857142795,5.25,-4.878571428571428,16.72142857142857
2021-12,경기,-0.5599999999999999,5.04,-5.5200000000000005,7.960000000000001
2021-12,경남,3.5142857142857147,9.785714285714286,-1.9000000000000001,2.4857142857142853
2021-12,경북,1.992857142857143,7.95,-3.185714285714286,13.5
2021-12,광주,4.1,9.4,0.0,7.1
2021-12,대구,3.1,8.9,-2.1,0.1
2021-12,대전,1.9,7.6,-3.0,4.4
2021-12,부산,6.0,10.8,1.9,4.5
2021-12,서울,0.6,5.1,-3.5,7.9
2021-12,세종,1.2,6.4,-3.4,8.0
2021-12,울산,4.7,9.8,-0.1,3.5
2021-12,인천,1.5666666666666667,5.566666666666666,-2.3,9.0
2021-12,전남,4.315384615384615,9.646153846153847,-0.3153846153846154,6.076923076923077
2021-12,전북,2.19,7.779999999999999,-2.56,12.919999999999998
2021-12,제주,8.8,12.25,5.875,23.625
2021-12,충남,1.4000000000000001,7.116666666666667,-3.5,11.716666666666667
2021-12,충북,0.09999999999999998,5.720000000000001,-5.0,5.08
2022-01,강원,-2.9285714285714284,2.9071428571428575,-8.421428571428573,3.3000000000000003
2022-01,경기,-3.3600000000000003,2.8,-9.26,5.38
2022-01,경남,1.3714285714285714,7.9071428571428575,-4.007142857142857,0.03636363636363637
2022-01,경북,-0.48571428571428577,5.571428571428571,-5.857142857142857,7.033333333333332
2022-01,광주,1.6,6.7,-2.3,0.3
2022-01,대구,0.9,6.8,-4.1,0.0
2022-01,대전,-0.8,5.2,-5.9,1.2
2022-01,부산,4.0,9.2,0.0,0.0
2022-01,서울,-2.2,2.6,-6.2,5.5
2022-01,세종,-1.4,4.2,-6.6,2.7
2022-01,울산,2.6,8.0,-1.7,0.9
2022-01,인천,-1.7666666666666668,2.1,-5.466666666666666,8.6
2022-01,전남,1.8692307692307693,6.776923076923077,-2.292307692307692,2.423076923076923
2022-01,전북,-0.7899999999999999,4.75,-5.71,2.9899999999999998
2022-01,제주,6.325,9.25,3.95,31.8
2022-01,충남,-1.7833333333333332,4.166666666666667,-7.383333333333333,5.083333333333333
2022-01,충북,-2.66,3.2399999999999998,-8.42,2.82
2022-02,강원,-1.8928571428571428,4.021428571428571,-7.514285714285714,5.45
2022-02,경기,-1.98,4.38,-7.9799999999999995,5.14
2022-02,경남,1.9928571428571427,8.142857142857142,-3.6285714285714286,0.17500000000000002
2022-02,경북,0.12142857142857141,6.0928571428571425,-5.292857142857143,6.4071428571428575
2022-02,광주,1.8,7.2,-2.4,2.7
2022-02,대구,1.6,7.4,-3.4,0.1
2022-02,대전,0.1,6.1,-5.2,1.4
2022-02,부산,3.6,8.8,-0.5,0.0
2022-02,서울,-1.1,3.8,-5.3,4.7
2022-02,세종,-0.4,5.2,-5.6,2.2
2022-02,울산,2.7,7.7,-1.8,2.2
2022-02,인천,-1.0666666666666667,2.733333333333333,-4.766666666666667,3.6
2022-02,전남,2.0,7.084615384615384,-2.6769230769230767,1.5307692307692307
2022-02,전북,-0.26999999999999996,5.38,-5.5200000000000005,6.890000000000001
2022-02,제주,5.4,8.525,2.475,20.75
2022-02,충남,-0.75,5.083333333333333,-6.233333333333333,3.983333333333333
2022-02,충북,-1.6,4.36,-7.340000000000001,4.02
2022-03,강원,6.242857142857143,12.042857142857143,0.6785714285714286,88.67857142857143
2022-03,경기,6.6,13.080000000000002,0.78,92.44
2022-03,경남,9.357142857142858,15.785714285714286,3.2857142857142856,103.57857142857142
2022-03,경북,7.685714285714285,13.892857142857142,1.7285714285714284,73.47142857142856
2022-03,광주,9.6,15.6,4.5,105.2
2022-03,대구,9.7,15.9,3.8,34.3
2022-03,대전,8.3,14.5,2.5,74.0
2022-03,부산,10.5,14.8,6.8,127.4
2022-03,서울,7.7,12.7,3.2,102.6
2022-03,세종,7.7,13.9,1.9,77.1
2022-03,울산,9.9,15.0,4.9,55.5
2022-03,인천,6.066666666666666,10.133333333333335,2.3333333333333335,83.23333333333333
2022-03,전남,8.723076923076924,14.430769230769231,3.4846153846153842,124.08461538461539
2022-03,전북,7.470000000000001,13.930000000000001,1.47,83.22999999999999
2022-03,제주,11.45,15.3,7.875,115.625
2022-03,충남,6.883333333333333,13.133333333333333,0.7999999999999999,71.11666666666666
2022-03,충북,6.8,13.080000000000002,0.6799999999999999,79.32000000000001
2022-04,강원,13.214285714285714,19.8,6.5928571428571425,39.84285714285714
2022-04,경기,13.440000000000001,20.84,6.859999999999999,35.32
2022-04,경남,14.664285714285715,21.42142857142857,8.528571428571428,91.7
2022-04,경북,13.885714285714286,20.807142857142857,6.95,41.93571428571429
2022-04,광주,15.5,22.6,9.8,49.4
2022-04,대구,15.9,22.7,9.4,38.5
2022-04,대전,14.9,21.9,8.3,69.7
2022-04,부산,14.9,19.1,11.4,130.6
2022-04,서울,14.8,20.6,10.0,20.4
2022-04,세종,14.2,21.6,7.7,53.7
2022-04,울산,14.7,20.1,9.8,81.0
2022-04,인천,11.866666666666667,16.366666666666667,7.8,13.966666666666669
2022-04,전남,13.907692307692308,20.069230769230767,8.384615384615385,82.74615384615385
2022-04,전북,13.37,20.47,7.05,59.779999999999994
2022-04,제주,15.425,19.3,11.95,99.6
2022-04,충남,12.950000000000001,20.0,6.366666666666666,55.416666666666664
2022-04,충북,13.38,20.76,5.9799999999999995,49.92
2022-05,강원,17.271428571428572,23.900000000000002,10.542857142857143,9.314285714285715
2022-05,경기,17.66,24.78,10.84,11.6
2022-05,경남,19.099999999999998,26.114285714285717,12.478571428571428,3.75
2022-05,경북,18.442857142857143,25.407142857142855,11.357142857142858,4.478571428571429
2022-05,광주,19.3,26.1,13.8,0.4
2022-05,대구,20.7,27.4,14.1,4.2
2022-05,대전,19.4,26.3,12.7,8.1
2022-05,부산,19.0,23.4,15.3,5.4
2022-05,서울,19.1,25.0,13.9,7.5
2022-05,세종,18.4,25.3,11.7,9.4
2022-05,울산,19.2,24.9,13.8,6.1
2022-05,인천,15.933333333333332,20.433333333333334,11.733333333333334,7.033333333333334
2022-05,전남,17.823076923076922,24.092307692307692,12.046153846153846,2.9692307692307693
2022-05,전북,17.54,24.490000000000002,10.889999999999999,3.7299999999999995
2022-05,제주,18.875,22.775,15.4,17.05
2022-05,충남,17.349999999999998,24.0,10.816666666666668,5.25
2022-05,충북,17.740000000000002,24.84,10.48,7.1
2022-06,강원,21.27857142857143,26.150000000000002,17.02857142857143,267.00714285714287
2022-06,경기,22.22,27.119999999999997,18.02,430.46000000000004
2022-06,경남,22.692857142857143,27.57857142857143,18.8,135.65714285714287
2022-06,경북,22.3,27.678571428571427,17.535714285714285,103.97142857142856
2022-06,광주,23.8,29.0,20.1,131.7
2022-06,대구,24.3,29.7,19.8,81.8
2022-06,대전,24.1,29.4,19.8,117.6
2022-06,부산,21.7,24.9,19.4,152.0
2022-06,서울,23.3,27.5,19.8,393.8
2022-06,세종,23.3,28.7,19.0,118.5
2022-06,울산,22.4,26.6,19.1,147.1
2022-06,인천,20.766666666666666,24.366666666666664,17.866666666666664,330.0
2022-06,전남,22.353846153846156,26.515384615384615,19.153846153846153,91.76153846153846
2022-06,전북,22.84,27.839999999999996,18.830000000000002,178.45999999999998
2022-06,제주,22.65,25.65,20.275,197.475
2022-06,충남,22.650000000000002,27.400000000000002,18.566666666666666,200.96666666666667
2022-06,충북,22.5,27.860000000000003,17.66,163.85999999999999
2022-07,강원,24.77857142857143,29.407142857142855,21.464285714285715,212.42857142857142
2022-07,경기,26.1,30.580000000000002,22.54,274.08000000000004
2022-07,경남,26.642857142857142,31.32857142857143,22.92142857142857,159.5
2022-07,경북,25.571428571428573,30.2,22.02857142857143,135.2642857142857
2022-07,광주,27.0,31.1,23.8,169.0
2022-07,대구,27.5,32.4,23.7,88.8
2022-07,대전,27.0,31.5,23.4,195.0
2022-07,부산,26.2,29.7,23.7,145.0
2022-07,서울,27.3,31.0,24.2,252.3
2022-07,세종,26.4,30.9,22.9,239.5
2022-07,울산,26.0,30.0,22.9,125.0
2022-07,인천,25.133333333333336,28.633333333333336,22.400000000000002,230.20000000000002
2022-07,전남,26.338461538461537,30.215384615384615,23.22307692307692,207.27692307692308
2022-07,전북,26.080000000000002,30.46,22.48,143.62
2022-07,제주,27.3,30.35,24.825,226.325
2022-07,충남,26.116666666666664,30.45,22.53333333333333,151.46666666666667
2022-07,충북,25.74,30.2,22.14,236.53999999999996
2022-08,강원,24.021428571428572,27.942857142857143,20.835714285714285,404.39285714285717
2022-08,경기,24.7,28.6,21.66,592.4
2022-08,경남,26.192857142857143,30.335714285714285,22.928571428571427,183.32142857142858
2022-08,경북,25.00714285714286,29.24285714285714,21.585714285714285,218.42857142857142
2022-08,광주,26.9,30.6,24.1,106.4
2022-08,대구,26.9,31.4,23.4,143.3
2022-08,대전,25.7,29.6,22.7,496.1
2022-08,부산,26.4,29.7,24.0,176.7
2022-08,서울,25.7,28.9,23.1,564.8
2022-08,세종,25.3,29.2,22.3,421.0
2022-08,울산,26.4,30.2,23.4,138.5
2022-08,인천,24.266666666666666,27.233333333333334,21.733333333333334,359.6333333333334
2022-08,전남,26.284615384615385,29.884615384615383,23.361538461538462,129.54615384615383
2022-08,전북,25.630000000000003,29.5,22.509999999999998,184.57999999999998
2022-08,제주,28.1,31.099999999999998,25.625,191.10000000000002
2022-08,충남,25.099999999999998,28.78333333333333,21.916666666666668,479.73333333333335
2022-08,충북,24.64,28.419999999999998,21.419999999999998,425.3
2022-09,강원,19.37142857142857,25.314285714285713,14.757142857142856,197.92142857142858
2022-09,경기,20.5,26.660000000000004,15.719999999999999,191.24
2022-09,경남,21.821428571428573,27.057142857142857,17.692857142857143,185.27142857142857
2022-09,경북,20.214285714285715,25.599999999999998,15.871428571428572,131.14285714285714
2022-09,광주,23.1,28.0,19.1,89.2
2022-09,대구,21.9,26.8,17.7,114.2
2022-09,대전,21.8,27.5,17.4,90.2
2022-09,부산,22.9,26.9,20.2,162.4
2022-09,서울,22.4,27.2,18.2,201.5
2022-09,세종,21.8,27.2,17.3,138.8
2022-09,울산,21.7,25.6,18.4,284.8
2022-09,인천,20.900000000000002,25.0,17.333333333333332,150.93333333333334
2022-09,전남,22.161538461538463,26.700000000000003,18.476923076923075,158.59230769230768
2022-09,전북,21.41,26.99,16.880000000000003,82.34
2022-09,제주,23.975,26.9,21.65,306.275
2022-09,충남,21.116666666666667,26.900000000000002,16.366666666666667,115.23333333333333
2022-09,충북,20.32,26.2,15.5,100.1
2022-10,강원,12.264285714285714,18.27857142857143,7.664285714285714,173.65
2022-10,경기,12.86,19.419999999999998,7.74,124.0
2022-10,경남,15.421428571428573,22.035714285714285,10.0,19.099999999999998
2022-10,경북,13.62857142857143,19.95,8.385714285714286,79.05714285714285
2022-10,광주,16.0,21.6,11.4,38.3
2022-10,대구,15.5,21.6,10.1,25.6
2022-10,대전,14.3,20.7,9.1,89.3
2022-10,부산,17.6,22.7,14.0,9.7
2022-10,서울,14.6,19.7,10.3,124.1
2022-10,세종,13.9,20.0,9.0,100.7
2022-10,울산,16.0,21.0,11.8,30.4
2022-10,인천,13.700000000000001,17.766666666666666,10.066666666666668,122.60000000000001
2022-10,전남,15.484615384615385,21.115384615384617,10.746153846153845,26.200000000000003
2022-10,전북,13.830000000000002,20.46,8.34,52.470000000000006
2022-10,제주,18.325,21.525,15.425,19.625
2022-10,충남,13.516666666666666,19.833333333333332,8.133333333333333,114.53333333333335
2022-10,충북,12.819999999999999,19.22,7.26,88.34
2022-11,강원,8.207142857142857,14.914285714285715,2.657142857142857,57.43571428571429
2022-11,경기,8.16,15.12,2.38,64.38
2022-11,경남,11.0,18.392857142857142,5.064285714285715,56.449999999999996
2022-11,경북,9.435714285714285,16.735714285714288,3.492857142857143,72.27142857142857
2022-11,광주,11.8,18.1,6.8,46.7
2022-11,대구,11.0,17.7,5.2,46.6
2022-11,대전,9.5,16.6,3.8,45.8
2022-11,부산,14.4,19.8,10.4,61.3
2022-11,서울,10.0,15.4,5.6,84.5
2022-11,세종,9.4,16.1,3.9,39.8
2022-11,울산,12.7,18.3,7.7,44.9
2022-11,인천,9.533333333333333,13.866666666666667,5.633333333333333,74.13333333333334
2022-11,전남,11.476923076923075,17.83076923076923,6.092307692307693,53.61538461538461
2022-11,전북,9.51,16.86,3.5100000000000002,72.99
2022-11,제주,15.475,19.275,12.1,102.475
2022-11,충남,8.933333333333334,16.2,3.016666666666667,47.26666666666667
2022-11,충북,7.9,15.2,1.8,54.96
2022-12,강원,-3.585714285714286,1.792857142857143,-8.414285714285715,6.423076923076923
2022-12,경기,-4.6,0.9400000000000001,-9.5,13.12
2022-12,경남,1.0642857142857143,6.728571428571429,-3.7214285714285715,9.535714285714286
2022-12,경북,-1.0142857142857142,4.285714285714286,-5.7,14.257142857142856
2022-12,광주,1.1,5.5,-2.6,30.6
2022-12,대구,0.4,5.4,-4.0,3.6
2022-12,대전,-2.0,3.3,-6.4,14.7
2022-12,부산,3.3,8.1,-0.3,21.4
2022-12,서울,-2.8,1.7,-6.6,13.6
2022-12,세종,-2.4,2.6,-6.7,19.0
2022-12,울산,2.0,6.8,-2.1,9.7
2022-12,인천,-2.2333333333333334,1.4000000000000001,-5.8,17.2
2022-12,전남,1.9769230769230768,6.515384615384615,-2.1076923076923078,15.961538461538462
2022-12,전북,-1.21,4.029999999999999,-5.87,39.910000000000004
2022-12,제주,6.8,9.75,4.025,34.324999999999996
2022-12,충남,-2.1999999999999997,3.0666666666666664,-6.933333333333334,23.116666666666664
2022-12,충북,-3.9,1.46,-8.860000000000001,17.580000000000002
2023-01,강원,-2.6785714285714284,2.9499999999999997,-8.007142857142856,49.857142857142854
2023-01,경기,-3.12,2.58,-8.52,43.8
2023-01,경남,1.45,7.857142857142857,-4.107142857142857,62.19285714285714
2023-01,경북,-0.38571428571428573,5.578571428571428,-5.571428571428571,35.01428571428571
2023-01,광주,1.7,6.7,-2.5,26.8
2023-01,대구,0.9,6.7,-4.3,11.5
2023-01,대전,-0.9,5.3,-5.9,28.4
2023-01,부산,3.8,8.9,-0.2,79.2
2023-01,서울,-1.5,3.2,-5.7,47.9
2023-01,세종,-1.2,4.4,-6.1,26.3
2023-01,울산,2.6,7.9,-2.1,41.3
2023-01,인천,-1.6000000000000003,2.1666666666666665,-5.2,43.56666666666666
2023-01,전남,2.1076923076923078,7.376923076923077,-2.6846153846153844,57.49230769230769
2023-01,전북,-0.32999999999999996,5.3100000000000005,-5.61,27.0
2023-01,제주,6.7,10.3,3.45,59.7
2023-01,충남,-1.2333333333333334,4.55,-6.516666666666667,29.433333333333334
2023-01,충북,-2.48,3.38,-7.92,26.860000000000003
2023-02,강원,0.9571428571428572,6.742857142857143,-4.3428571428571425,15.992857142857144
2023-02,경기,1.02,7.359999999999999,-4.5200000000000005,0.72
2023-02,경남,4.421428571428572,10.964285714285714,-1.2428571428571427,26.435714285714287
2023-02,경북,2.8428571428571425,9.042857142857143,-2.628571428571429,19.67142857142857
2023-02,광주,4.2,10.1,-0.5,14.8
2023-02,대구,4.4,10.4,-0.7,11.2
2023-02,대전,2.4,8.8,-2.9,5.4
2023-02,부산,6.8,11.8,2.9,30.0
2023-02,서울,2.3,7.3,-1.9,1.0
2023-02,세종,2.0,8.1,-3.2,4.1
2023-02,울산,5.2,10.4,0.6,28.0
2023-02,인천,1.3,5.066666666666667,-2.1333333333333333,0.9666666666666668
2023-02,전남,3.9923076923076923,9.569230769230769,-0.7692307692307693,31.607692307692307
2023-02,전북,1.9,8.21,-3.55,10.53
2023-02,제주,7.95,11.275,4.925,78.175
2023-02,충남,1.4833333333333334,7.783333333333334,-4.166666666666667,2.8333333333333335
2023-02,충북,1.26,7.42,-4.44,4.359999999999999
2023-03,강원,8.25,15.299999999999999,1.4142857142857141,13.12142857142857
2023-03,경기,8.379999999999999,16.380000000000003,1.1,9.68
2023-03,경남,10.728571428571428,18.02857142857143,4.257142857142857,48.99285714285714
2023-03,경북,9.721428571428572,17.07857142857143,2.7857142857142856,35.871428571428574
2023-03,광주,11.2,18.2,5.1,34.8
2023-03,대구,11.8,18.8,5.4,27.3
2023-03,대전,10.2,17.8,3.0,23.8
2023-03,부산,12.3,17.0,8.5,76.2
2023-03,서울,9.8,16.2,4.2,10.5
2023-03,세종,9.6,17.1,2.6,18.5
2023-03,울산,11.4,17.2,6.3,68.3
2023-03,인천,7.066666666666666,11.766666666666666,2.766666666666667,6.266666666666667
2023-03,전남,9.792307692307691,16.353846153846153,3.9692307692307693,38.815384615384616
2023-03,전북,8.879999999999999,16.57,1.8399999999999999,29.95
2023-03,제주,12.4,16.1,8.75,52.625
2023-03,충남,8.416666666666666,16.116666666666667,0.9666666666666667,11.483333333333334
2023-03,충북,8.76,16.6,1.04,21.36
2023-04,강원,12.178571428571429,18.185714285714287,6.178571428571429,57.5
2023-04,경기,12.78,19.119999999999997,6.6,78.9
2023-04,경남,14.042857142857143,20.207142857142856,8.007142857142856,87.68571428571428
2023-04,경북,12.985714285714286,19.292857142857144,6.507142857142857,48.135714285714286
2023-04,광주,14.7,20.8,9.4,66.5
2023-04,대구,14.8,20.9,8.8,30.8
2023-04,대전,13.7,19.9,7.6,54.5
2023-04,부산,14.6,19.0,11.0,101.6
2023-04,서울,13.8,19.0,8.8,96.9
2023-04,세종,13.3,19.4,7.3,48.8
2023-04,울산,14.1,18.8,9.2,57.7
2023-04,인천,11.666666666666666,15.966666666666667,7.5,77.43333333333334
2023-04,전남,13.261538461538462,18.7,7.776923076923077,101.79230769230769
2023-04,전북,12.99,19.369999999999997,6.62,54.58
2023-04,제주,15.225,18.775,11.75,134.75
2023-04,충남,12.85,19.316666666666666,6.333333333333333,46.01666666666667
2023-04,충북,12.74,19.1,5.94,41.32
2023-05,강원,17.192857142857143,23.42142857142857,11.007142857142856,112.0
2023-05,경기,18.119999999999997,24.68,11.959999999999999,146.16
2023-05,경남,18.12142857142857,23.792857142857144,12.978571428571428,279.3357142857143
2023-05,경북,17.692857142857143,23.62142857142857,11.692857142857141,146.82142857142858
2023-05,광주,19.4,25.0,14.9,190.1
2023-05,대구,19.3,25.1,13.8,200.0
2023-05,대전,19.0,25.0,13.2,192.9
2023-05,부산,17.9,21.6,14.9,290.7
2023-05,서울,19.5,25.0,14.6,155.6
2023-05,세종,18.5,24.4,12.8,194.2
2023-05,울산,17.8,22.5,13.3,195.2
2023-05,인천,16.599999999999998,21.166666666666668,12.666666666666666,139.53333333333333
2023-05,전남,17.73076923076923,22.638461538461538,13.338461538461539,256.10769230769233
2023-05,전북,18.18,24.14,12.87,219.16
2023-05,제주,18.45,21.9,15.5,408.075
2023-05,충남,18.05,24.166666666666668,12.283333333333333,173.20000000000002
2023-05,충북,18.0,24.240000000000002,11.58,156.9
2023-06,강원,21.62142857142857,27.107142857142858,16.842857142857145,196.6357142857143
2023-06,경기,22.380000000000003,27.560000000000002,17.84,175.8
2023-06,경남,22.87142857142857,28.27857142857143,18.428571428571427,225.53571428571428
2023-06,경북,22.292857142857144,27.82857142857143,17.57857142857143,202.00714285714284
2023-06,광주,23.4,28.8,19.5,441.2
2023-06,대구,24.0,29.6,19.3,178.7
2023-06,대전,23.6,29.2,18.9,147.5
2023-06,부산,22.5,26.0,19.9,153.9
2023-06,서울,23.4,27.9,19.7,195.6
2023-06,세종,23.1,28.5,18.3,112.6
2023-06,울산,22.3,26.9,18.4,141.4
2023-06,인천,20.733333333333334,24.566666666666666,17.53333333333333,126.76666666666667
2023-06,전남,22.123076923076926,26.576923076923077,18.553846153846152,211.77692307692308
2023-06,전북,22.4,27.99,17.91,219.59
2023-06,제주,22.375,25.275,19.8,292.325
2023-06,충남,22.483333333333334,27.816666666666666,17.983333333333334,138.58333333333334
2023-06,충북,22.54,28.02,17.68,199.12
2023-07,강원,25.157142857142855,29.900000000000002,21.678571428571427,277.9714285714286
2023-07,경기,25.639999999999997,29.9,22.32,472.12
2023-07,경남,25.8,29.914285714285715,22.764285714285712,495.95714285714286
2023-07,경북,25.25,29.835714285714285,21.785714285714285,388.1642857142857
2023-07,광주,26.3,30.3,23.4,684.6
2023-07,대구,26.7,31.1,23.1,298.7
2023-07,대전,25.8,30.2,22.6,776.3
2023-07,부산,25.5,28.5,23.3,701.7
2023-07,서울,26.7,30.2,23.9,459.9
2023-07,세종,25.6,29.9,22.7,866.5
2023-07,울산,25.8,29.8,22.5,266.9
2023-07,인천,24.8,27.900000000000002,22.3,297.96666666666664
2023-07,전남,25.4,28.700000000000003,22.876923076923074,550.3461538461538
2023-07,전북,25.755555555555556,29.88888888888889,22.677777777777777,669.85
2023-07,제주,26.625,29.1,24.575,291.75
2023-07,충남,25.650000000000002,29.599999999999998,22.75,653.5166666666667
2023-07,충북,25.380000000000003,29.839999999999996,22.080000000000002,609.04
2023-08,강원,24.99285714285714,29.585714285714285,21.635714285714283,324.99285714285713
2023-08,경기,26.04,30.52,22.520000000000003,233.2
2023-08,경남,27.37857142857143,32.00714285714286,23.928571428571427,438.9571428571429
2023-08,경북,26.221428571428568,30.771428571428572,22.75714285714286,286.45714285714286
2023-08,광주,27.3,32.0,24.0,341.2
2023-08,대구,27.5,31.9,24.0,312.8
2023-08,대전,27.0,31.7,23.2,326.9
2023-08,부산,27.8,31.0,25.5,299.9
2023-08,서울,27.2,30.8,24.3,298.1
2023-08,세종,26.7,31.6,23.1,301.6
2023-08,울산,26.5,30.2,23.6,403.3
2023-08,인천,25.46666666666667,28.766666666666666,22.8,249.23333333333335
2023-08,전남,26.930769230769233,31.376923076923074,23.446153846153848,231.1846153846154
2023-08,전북,26.669999999999998,31.6,23.009999999999998,245.99
2023-08,제주,27.95,30.875,25.5,196.175
2023-08,충남,26.55,31.3,22.916666666666668,212.96666666666667
2023-08,충북,26.18,30.919999999999998,22.5,263.5
2023-09,강원,21.021428571428572,25.900000000000002,17.37142857142857,178.16428571428574
2023-09,경기,22.2,27.2,18.28,107.25999999999999
2023-09,경남,23.592857142857145,28.37142857142857,20.207142857142856,240.2785714285714
2023-09,경북,22.150000000000002,26.62142857142857,18.707142857142856,215.2642857142857
2023-09,광주,23.8,28.3,20.4,152.5
2023-09,대구,23.5,27.9,20.0,123.6
2023-09,대전,22.8,27.5,19.2,310.2
2023-09,부산,24.5,28.2,21.9,322.7
2023-09,서울,23.7,27.6,20.2,134.5
2023-09,세종,22.7,27.4,19.2,373.1
2023-09,울산,22.9,26.5,20.2,276.7
2023-09,인천,22.433333333333334,26.066666666666666,19.3,76.19999999999999
2023-09,전남,23.653846153846153,28.1,20.299999999999997,153.42307692307693
2023-09,전북,22.78,27.79,19.04,170.48
2023-09,제주,25.4,28.349999999999998,22.9,126.6
2023-09,충남,22.55,27.28333333333333,18.816666666666666,237.5666666666667
2023-09,충북,22.0,26.78,18.18,238.14000000000001
2023-10,강원,13.178571428571429,19.7,8.064285714285715,26.342857142857145
2023-10,경기,13.64,20.4,8.34,42.68
2023-10,경남,15.821428571428571,22.72142857142857,10.5,6.05
2023-10,경북,14.278571428571428,21.107142857142858,8.864285714285714,12.764285714285716
2023-10,광주,16.6,22.0,12.2,11.5
2023-10,대구,15.9,22.4,10.5,5.7
2023-10,대전,15.0,21.4,9.8,12.2
2023-10,부산,18.3,23.3,14.9,4.2
2023-10,서울,15.8,21.0,11.5,31.0
2023-10,세종,14.8,21.2,9.9,5.3
2023-10,울산,16.4,21.9,11.7,4.3
2023-10,인천,15.700000000000001,19.866666666666667,12.0,32.1
2023-10,전남,16.515384615384615,22.27692307692308,11.63846153846154,7.230769230769231
2023-10,전북,14.809999999999999,21.43,9.48,14.030000000000001
2023-10,제주,19.174999999999997,22.925,16.1,21.3
2023-10,충남,14.566666666666668,21.15,9.200000000000001,20.966666666666665
2023-10,충북,13.36,20.2,7.74,21.839999999999996
2023-11,강원,6.307142857142857,11.814285714285715,1.157142857142857,66.67142857142856
2023-11,경기,5.86,11.459999999999999,0.8800000000000001,90.58
2023-11,경남,9.592857142857142,15.857142857142858,4.021428571428571,60.94285714285714
2023-11,경북,7.921428571428572,13.885714285714286,2.521428571428572,37.82857142857143
2023-11,광주,9.9,14.9,5.4,71.9
2023-11,대구,9.2,15.1,4.1,31.6
2023-11,대전,7.6,13.2,2.6,40.3
2023-11,부산,11.8,16.7,7.9,28.5
2023-11,서울,6.8,11.5,2.9,81.9
2023-11,세종,7.6,13.0,2.8,40.0
2023-11,울산,10.4,16.1,5.2,33.1
2023-11,인천,6.866666666666667,10.633333333333333,3.3333333333333335,85.63333333333333
2023-11,전남,10.192307692307692,15.261538461538462,5.484615384615385,85.75384615384615
2023-11,전북,8.23,13.709999999999999,3.11,85.88
2023-11,제주,13.725,17.35,10.3,55.75
2023-11,충남,7.55,12.883333333333333,2.6166666666666667,76.51666666666667
2023-11,충북,6.340000000000001,12.16,0.86,43.660000000000004
2023-12,강원,-0.028571428571428532,4.835714285714286,-4.6571428571428575,129.77142857142857
2023-12,경기,-0.06,5.0,-4.74,85.47999999999999
2023-12,경남,4.15,9.921428571428573,-0.6928571428571428,90.02142857142857
2023-12,경북,2.2,7.492857142857143,-2.564285714285714,117.34285714285714
2023-12,광주,4.8,9.0,1.2,80.2
2023-12,대구,3.5,8.6,-1.3,89.9
2023-12,대전,2.2,7.3,-2.0,124.1
2023-12,부산,6.4,10.8,2.7,102.8
2023-12,서울,1.1,5.2,-2.5,85.9
2023-12,세종,2.3,6.7,-1.6,112.3
2023-12,울산,4.9,9.6,0.6,126.7
2023-12,인천,1.1,4.333333333333333,-2.2333333333333334,79.89999999999999
2023-12,전남,5.1,9.776923076923076,0.8615384615384616,66.91538461538461
2023-12,전북,3.12,7.82,-0.99,122.91
2023-12,제주,9.4,12.7,6.525,73.95
2023-12,충남,2.15,6.833333333333333,-2.066666666666667,115.18333333333334
2023-12,충북,0.7,5.68,-3.9,104.85999999999999
2024-01,강원,-1.3285714285714287,3.5214285714285714,-5.742857142857143,19.228571428571428
2024-01,경기,-1.56,3.22,-5.9,17.880000000000003
2024-01,경남,2.8000000000000003,8.542857142857143,-2.0142857142857142,33.464285714285715
2024-01,경북,1.0142857142857142,6.0,-3.4499999999999997,30.964285714285715
2024-01,광주,3.0,7.3,-0.5,31.1
2024-01,대구,2.3,7.6,-2.1,21.4
2024-01,대전,0.3,5.3,-3.9,47.8
2024-01,부산,5.1,9.8,1.3,40.6
2024-01,서울,-0.5,3.6,-3.9,18.9
2024-01,세종,0.1,4.8,-3.8,42.5
2024-01,울산,3.4,8.3,-0.7,42.3
2024-01,인천,-0.5,2.8000000000000003,-3.766666666666667,15.200000000000001
2024-01,전남,3.423076923076923,7.838461538461539,-0.6,46.36923076923077
2024-01,전북,1.32,6.05,-2.82,50.89
2024-01,제주,7.825,10.85,4.775,72.15
2024-01,충남,0.23333333333333336,4.95,-4.016666666666667,39.31666666666666
2024-01,충북,-0.7,3.84,-4.840000000000001,34.64
2024-02,강원,1.7,6.528571428571429,-2.4214285714285713,93.22857142857143
2024-02,경기,2.8,8.0,-1.6199999999999999,72.5
2024-02,경남,5.714285714285714,10.714285714285714,1.5285714285714285,137.45
2024-02,경북,3.8857142857142857,8.642857142857142,-0.12142857142857141,84.68571428571428
2024-02,광주,6.1,10.6,2.3,111.3
2024-02,대구,5.4,10.4,1.5,56.8
2024-02,대전,4.3,9.1,0.2,93.9
2024-02,부산,7.4,11.5,4.2,137.1
2024-02,서울,3.8,8.2,0.2,74.7
2024-02,세종,4.0,8.7,-0.1,104.0
2024-02,울산,6.0,10.0,2.5,105.4
2024-02,인천,2.6333333333333333,6.033333333333334,-0.5,65.06666666666666
2024-02,전남,6.061538461538461,10.323076923076922,2.3076923076923075,145.73846153846154
2024-02,전북,4.6899999999999995,9.45,0.47000000000000003,113.14000000000001
2024-02,제주,9.675,12.425,7.25,192.35
2024-02,충남,3.716666666666667,8.483333333333333,-0.6166666666666667,105.43333333333334
2024-02,충북,3.1199999999999997,7.859999999999999,-1.06,84.84
2024-03,강원,5.0928571428571425,10.835714285714285,-0.5285714285714286,50.114285714285714
2024-03,경기,5.9799999999999995,12.34,0.18,30.839999999999996
2024-03,경남,8.435714285714285,14.321428571428571,2.814285714285714,103.44285714285715
2024-03,경북,6.864285714285714,12.564285714285715,1.3071428571428572,65.26428571428572
2024-03,광주,8.2,14.1,3.4,79.5
2024-03,대구,8.5,14.3,3.2,70.9
2024-03,대전,7.2,13.1,1.8,57.9
2024-03,부산,9.6,14.1,5.6,102.0
2024-03,서울,7.0,12.0,2.4,29.9
2024-03,세종,7.0,12.8,1.6,48.8
2024-03,울산,8.6,13.3,3.6,80.2
2024-03,인천,5.8,10.033333333333333,1.8333333333333333,24.166666666666668
2024-03,전남,8.03076923076923,13.315384615384614,3.076923076923077,80.8076923076923
2024-03,전북,6.76,12.72,1.21,68.97999999999999
2024-03,제주,10.675,14.25,7.225,116.02499999999999
2024-03,충남,6.483333333333333,12.483333333333334,0.7000000000000001,43.43333333333334
2024-03,충북,6.26,12.22,0.24,51.44
2024-04,강원,14.085714285714285,20.571428571428573,8.121428571428572,38.35
2024-04,경기,15.1,22.259999999999998,8.959999999999999,44.06
2024-04,경남,15.507142857142856,21.77857142857143,10.135714285714286,141.34285714285713
2024-04,경북,14.721428571428572,20.935714285714287,9.021428571428572,58.871428571428574
2024-04,광주,16.6,22.5,11.6,79.6
2024-04,대구,16.3,22.5,10.8,60.6
2024-04,대전,16.1,22.6,10.3,32.7
2024-04,부산,15.9,20.2,12.6,166.8
2024-04,서울,16.3,22.4,11.5,33.2
2024-04,세종,15.8,22.1,10.1,43.3
2024-04,울산,14.9,20.2,10.6,99.1
2024-04,인천,13.266666666666666,18.400000000000002,9.0,44.800000000000004
2024-04,전남,14.86923076923077,20.376923076923074,10.015384615384615,147.25384615384615
2024-04,전북,14.919999999999998,21.43,9.2,67.55
2024-04,제주,16.175,19.525000000000002,13.175,174.075
2024-04,충남,14.766666666666666,21.416666666666668,8.733333333333333,51.75
2024-04,충북,15.219999999999999,21.74,9.040000000000001,51.58
2024-05,강원,17.007142857142856,23.599999999999998,10.664285714285715,93.64999999999999
2024-05,경기,17.34,23.64,11.559999999999999,117.38
2024-05,경남,18.62857142857143,25.385714285714283,12.364285714285714,149.37857142857143
2024-05,경북,17.521428571428572,24.192857142857143,11.042857142857143,92.01428571428572
2024-05,광주,19.2,25.3,14.0,102.0
2024-05,대구,19.4,26.2,12.9,59.8
2024-05,대전,18.5,24.8,12.4,126.8
2024-05,부산,18.6,23.3,14.7,148.4
2024-05,서울,18.5,23.7,13.8,125.1
2024-05,세종,17.9,24.4,12.1,128.8
2024-05,울산,17.9,23.5,12.4,69.3
2024-05,인천,15.966666666666667,20.099999999999998,12.133333333333333,109.23333333333333
2024-05,전남,17.9,23.715384615384615,12.63076923076923,162.2076923076923
2024-05,전북,17.72222222222222,24.2,11.8,98.76
2024-05,제주,18.65,22.375,15.15,128.8
2024-05,충남,17.233333333333334,23.483333333333334,11.366666666666667,128.20000000000002
2024-05,충북,17.5,24.1,11.120000000000001,117.4
2024-06,강원,22.307142857142857,28.50714285714286,16.62857142857143,122.41428571428571
2024-06,경기,22.96,29.46,17.04,120.1
2024-06,경남,23.05,28.835714285714285,18.164285714285715,183.09285714285713
2024-06,경북,22.7,28.714285714285715,17.192857142857143,91.41428571428571
2024-06,광주,23.8,29.3,19.4,149.1
2024-06,대구,24.6,30.4,19.4,98.3
2024-06,대전,24.0,30.0,18.5,76.9
2024-06,부산,22.6,26.4,19.7,173.7
2024-06,서울,24.6,30.1,19.9,115.9
2024-06,세종,23.3,29.4,17.6,104.3
2024-06,울산,22.6,27.4,18.4,124.6
2024-06,인천,21.53333333333333,26.066666666666666,17.533333333333335,71.89999999999999
2024-06,전남,22.323076923076922,27.200000000000003,18.23076923076923,196.90769230769232
2024-06,전북,22.64,28.560000000000002,17.47,114.6
2024-06,제주,22.25,25.275,19.725,432.775
2024-06,충남,22.733333333333334,28.816666666666666,17.099999999999998,107.81666666666666
2024-06,충북,22.8,29.04,16.880000000000003,109.6
2024-07,강원,25.62142857142857,29.585714285714285,22.50714285714286,333.88571428571424
2024-07,경기,25.78,29.5,22.9,533.5
2024-07,경남,26.792857142857144,30.635714285714283,23.92142857142857,278.3357142857143
2024-07,경북,26.307142857142857,30.27857142857143,22.978571428571428,316.1714285714285
2024-07,광주,26.9,30.5,24.3,250.4
2024-07,대구,27.8,31.7,24.5,372.2
2024-07,대전,26.6,30.4,23.7,485.1
2024-07,부산,26.0,29.0,23.8,362.4
2024-07,서울,26.6,29.6,24.1,557.3
2024-07,세종,26.2,29.9,23.4,542.1
2024-07,울산,26.9,30.6,23.8,209.2
2024-07,인천,24.633333333333336,27.46666666666667,22.5,377.1666666666667
2024-07,전남,26.415384615384614,29.753846153846155,23.884615384615383,296.95384615384614
2024-07,전북,26.75,30.51,23.84,368.79
2024-07,제주,27.375,29.9,25.325,172.75
2024-07,충남,26.266666666666666,29.849999999999998,23.400000000000002,525.1833333333333
2024-07,충북,25.939999999999998,29.880000000000003,22.9,489.8
2024-08,강원,26.978571428571428,32.107142857142854,23.064285714285713,95.27142857142857
2024-08,경기,27.839999999999996,32.760000000000005,24.259999999999998,121.12
2024-08,경남,28.585714285714285,34.01428571428571,24.692857142857143,83.75714285714285
2024-08,경북,27.52857142857143,32.92857142857143,23.364285714285717,59.32142857142857
2024-08,광주,28.5,33.5,24.9,132.1
2024-08,대구,29.1,34.4,25.0,118.3
2024-08,대전,28.7,33.5,25.0,87.3
2024-08,부산,29.1,32.9,26.3,86.5
2024-08,서울,29.3,33.3,26.3,72.8
2024-08,세종,28.1,33.1,24.4,70.7
2024-08,울산,28.0,32.3,24.5,89.1
2024-08,인천,27.400000000000002,31.033333333333335,24.666666666666668,129.96666666666667
2024-08,전남,28.415384615384614,33.39230769230769,24.692307692307693,61.56153846153846
2024-08,전북,28.060000000000002,33.45,24.16,85.78
2024-08,제주,29.325,32.475,26.65,78.225
2024-08,충남,28.183333333333334,33.13333333333333,24.433333333333334,103.45
2024-08,충북,27.6,32.68,23.54,70.36
2024-09,강원,22.357142857142858,27.335714285714285,18.557142857142857,289.02142857142854
2024-09,경기,23.96,29.04,20.080000000000002,199.36
2024-09,경남,25.82857142857143,31.042857142857144,22.057142857142857,316.09999999999997
2024-09,경북,23.99285714285714,29.0,20.192857142857143,225.68571428571428
2024-09,광주,26.3,31.0,22.5,181.4
2024-09,대구,25.4,30.4,21.6,151.5
2024-09,대전,25.8,31.0,22.0,204.6
2024-09,부산,26.7,30.8,23.9,420.3
2024-09,서울,25.5,29.8,22.0,143.9
2024-09,세종,25.2,30.4,21.6,232.1
2024-09,울산,24.7,29.0,21.5,237.0
2024-09,인천,23.900000000000002,27.53333333333333,20.833333333333332,102.5
2024-09,전남,26.04615384615385,30.923076923076923,22.376923076923074,285.1923076923077
2024-09,전북,25.5,30.910000000000004,21.35,201.07
2024-09,제주,27.4,30.65,24.700000000000003,126.75
2024-09,충남,25.183333333333334,30.349999999999998,21.233333333333334,277.9166666666667
2024-09,충북,24.16,29.439999999999998,20.18,220.88000000000002
2024-10,강원,14.321428571428571,19.92142857142857,9.971428571428572,121.3
2024-10,경기,14.860000000000003,20.740000000000002,10.24,89.9
2024-10,경남,17.54285714285714,23.0,13.342857142857143,165.47142857142856
2024-10,경북,15.864285714285714,21.099999999999998,11.678571428571429,99.7
2024-10,광주,17.7,22.6,13.7,98.2
2024-10,대구,17.0,21.8,13.0,94.9
2024-10,대전,16.3,21.5,12.1,109.2
2024-10,부산,19.5,23.8,16.4,208.8
2024-10,서울,16.7,21.4,12.7,74.0
2024-10,세종,15.7,20.7,11.9,97.1
2024-10,울산,17.8,21.9,14.3,174.3
2024-10,인천,16.066666666666666,20.133333333333333,12.433333333333332,79.26666666666667
2024-10,전남,17.876923076923077,22.76923076923077,13.899999999999999,135.3923076923077
2024-10,전북,16.240000000000002,21.869999999999997,11.6,92.42999999999999
2024-10,제주,20.925,23.975,18.225,130.2
2024-10,충남,15.766666666666666,21.333333333333332,11.15,97.93333333333334
2024-10,충북,14.88,20.34,10.4,104.78
2024-11,강원,8.164285714285715,14.221428571428572,3.164285714285714,36.028571428571425
2024-11,경기,8.1,14.64,2.7600000000000002,62.739999999999995
2024-11,경남,11.078571428571427,16.985714285714288,6.3999999999999995,90.84285714285714
2024-11,경북,9.585714285714285,15.428571428571429,4.778571428571429,51.714285714285715
2024-11,광주,11.5,16.5,7.5,66.5
2024-11,대구,10.7,16.3,6.0,50.4
2024-11,대전,9.7,16.1,4.6,34.6
2024-11,부산,13.7,18.3,10.4,99.1
2024-11,서울,9.7,14.9,5.5,60.0
2024-11,세종,9.5,15.7,4.7,43.1
2024-11,울산,11.8,16.4,7.8,67.5
2024-11,인천,9.666666666666666,13.700000000000001,5.833333333333333,57.03333333333333
2024-11,전남,11.815384615384614,16.93076923076923,7.407692307692307,101.13076923076923
2024-11,전북,9.67,15.86,4.61,57.42999999999999
2024-11,제주,15.1,18.325,12.275,298.875
2024-11,충남,9.233333333333333,15.716666666666667,3.8000000000000003,47.0
2024-11,충북,8.36,14.66,2.96,38.64
2024-12,강원,-0.3714285714285715,4.864285714285714,-5.1571428571428575,6.007142857142857
2024-12,경기,-0.9199999999999999,4.66,-5.88,5.68
2024-12,경남,3.6714285714285713,9.478571428571428,-1.2071428571428573,0.325
2024-12,경북,2.1357142857142857,7.242857142857143,-2.435714285714286,12.635714285714286
2024-12,광주,3.8,7.9,0.4,9.8
2024-12,대구,3.5,8.3,-0.8,1.3
2024-12,대전,1.8,6.7,-2.3,3.7
2024-12,부산,5.7,10.5,2.0,0.0
2024-12,서울,0.8,5.3,-2.9,5.7
2024-12,세종,1.3,5.9,-2.7,6.0
2024-12,울산,4.1,8.8,0.0,0.0
2024-12,인천,1.1333333333333335,4.8,-2.2666666666666666,9.766666666666667
2024-12,전남,4.315384615384615,9.092307692307692,0.16153846153846158,7.238461538461538
2024-12,전북,2.0300000000000002,6.69,-2.0300000000000002,20.09
2024-12,제주,8.375,11.575,5.6,5.875
2024-12,충남,1.4000000000000001,6.383333333333333,-3.0666666666666664,14.316666666666668
2024-12,충북,0.04000000000000002,4.9,-4.6,6.04
2020-01,전국,3.2417614738202976,7.838461538461538,-0.44143395819866404,85.92442900237018
2020-02,전국,4.041931695755225,9.236261581555699,-0.5633656539538893,62.29285067873303
2020-03,전국,8.260026933850463,14.17255117431588,2.6187524240465416,33.264028226675286
2020-04,전국,11.104227537168713,17.26337319543202,5.339873949579832,40.53896143072614
2020-05,전국,17.819283559577677,23.208588666235727,13.188141564318034,100.80334733893558
2020-06,전국,22.840274725274725,27.92093945270416,18.659115492350786,195.17542016806723
2020-07,전국,22.833889248006898,26.4367733247145,20.052245205774618,424.7340465416936
2020-08,전국,26.81245636716225,30.66252962723551,23.98032751562163,425.2197597500539
2020-09,전국,20.702373410902823,25.225819866408102,17.10758888170653,213.4991973712562
2020-10,전국,14.470385692738635,20.30447532859298,9.555776772247361,13.109575522516698
2020-11,전국,9.211234647705236,14.496095669036846,4.534959060547296,43.99537168713639
2020-12,전국,1.241362852833441,6.416051497522085,-3.1117237664296487,10.113854772678302
2021-01,전국,-0.22271277741865975,4.895683042447748,-5.025522516698987,26.400748761042877
2021-02,전국,4.131878905408318,9.788017668605903,-1.0400333979745744,22.521178625296272
2021-03,전국,9.284422538246067,15.108141564318036,4.1037513466925235,110.80030273647921
2021-04,전국,13.705214393449687,19.51444408532644,8.305542986425339,75.5302790346908
2021-05,전국,17.058535875888815,22.358029519500107,12.198017668605905,140.82655462184874
2021-06,전국,22.127857142857145,26.947899159663866,18.141064425770306,103.36421999569059
2021-07,전국,26.4741338073691,30.941959706959704,22.909504417151478,209.75583494936436
2021-08,전국,25.246041801335917,29.446589097177334,22.11345399698341,292.8916989872872
2021-09,전국,21.974541047188108,26.26268799827623,18.519608920491272,166.63561947856064
2021-10,전국,15.928353803059686,21.541923076923077,11.471786252962724,47.83289915966387
2021-11,전국,9.15728722258134,14.943864468864469,4.428613445378152,58.54161172161172
2021-12,전국,2.6448265460030167,7.888541262658911,-1.9696864899806077,8.50504309416074
2022-01,전국,0.02890433096315453,5.421723766429649,-4.686354234001293,4.709771013300425
2022-02,전국,0.6032212885154061,6.000201465201465,-4.275155138978668,4.190955613014436
2022-03,전국,8.275223012281836,13.953462615815557,2.983282697694462,87.69871687136393
2022-04,전국,14.176684981684982,20.496145227321698,8.403688860159448,59.61929756517992
2022-05,전국,18.402099762982115,24.66070997629821,12.463807369101486,6.66914242620125
2022-06,전국,22.655996552467144,27.29171730230554,18.866850894203836,190.7128776125835
2022-07,전국,26.30595992243051,30.495554837319546,23.009158586511525,187.72361452273216
2022-08,전국,25.720159448394742,29.449571213100626,22.739796380090496,306.7785692738634
2022-09,전국,21.61119694031459,26.61890756302521,17.561667744020685,158.83233462615814
2022-10,전국,14.69120986856281,20.4061570782159,9.968303167420814,72.80443977591037
2022-11,전국,10.49596746390864,16.84678194354665,5.243917259211377,60.328089851325146
2022-12,전국,-0.5471837965955613,4.315834949364361,-4.7989258780435256,17.88406701141995
2023-01,전국,0.22529842706313294,5.597017884076708,-4.558058608058609,40.95979961215255
2023-02,전국,3.201592329239388,8.84319004524887,-1.6805009696186166,16.81133484162896
2023-03,전국,9.923273001508294,16.62319543201896,3.7641004093945267,31.033299935358762
2023-04,전국,13.51296164619694,19.166708683473388,7.959594914889033,69.70080801551389
2023-05,전국,18.208112475759535,23.668677009265245,13.139825468648997,203.2937157940099
2023-06,전국,22.59532105149752,27.52467894850248,18.4794419306184,197.5906173238526
2023-07,전국,25.756335200746967,29.68111111111111,22.78283954607484,515.3695496660202
2023-08,전국,26.728252531781944,30.995463262227965,23.453779357897005,292.14451519069166
2023-09,전국,23.04008618832148,27.403697478991596,19.658963585434176,202.15746390864038
2023-10,전국,15.520330747683689,21.46924477483301,10.731001939237233,16.44144580909287
2023-11,전국,8.581494290023702,13.853843999138117,3.8343891402714934,59.79510019392372
2023-12,전국,3.1194957983193277,7.74079939668175,-1.021043956043956,100.4843783667313
2024-01,전국,1.542772031889679,6.136043956043956,-2.4691456582633053,35.570767076061195
2024-02,전국,4.764502262443439,9.232968110321051,0.9421611721611721,104.56663219133807
2024-03,전국,7.4401152768799825,12.869616461969404,2.3328302090066795,64.924360051713
2024-04,전국,15.325402930402928,21.23142964878259,10.170722904546434,78.52547834518423
2024-05,전국,17.96878618113912,23.88189937513467,12.478364576599871,115.13081663434605
2024-06,전국,22.988052143934496,28.43973389355742,18.168518638224523,140.78945809092866
2024-07,전국,26.404812540400776,29.94473604826546,23.632750484809307,380.6609825468649
2024-08,전국,28.277445593622065,32.99846907993967,24.701396250808017,90.9184238310709
2024-09,전국,25.172238741650506,29.919116569704805,21.56827838827839,224.42800689506572
2024-10,전국,16.767283990519285,21.69896035337212,12.767128851540617,116.05139625080801
2024-11,전국,10.433762120232709,15.921655893126482,5.911110751993105,74.27263628528334
2024-12,전국,2.5182018961430725,7.24037384184443,-1.5989291101055807,6.733803059685412
