년도,월,차종,차량전체_등록수,차량전체_순증가량,수소차_등록수,수소차_순증가량,하이브리드차_등록수,하이브리드차_순증,휘발유차_등록수,휘발유차_순증가량,경유차_등록수,경유차_순증가량
2020,01,소계,94921144,211680,20668,336,2053876,29688,43959824,116708,39885680,55508
2020,01,승용,76897048,186980,20608,336,2052532,29688,43886696,112404,23303400,35696
2020,01,승합,3243076,-4120,60,0,1344,0,18612,64,2754104,-2220
2020,01,특수,383912,2056,0,0,0,0,236,-4,376316,2052
2020,01,화물,14397108,26764,0,0,0,0,54280,4244,13451860,19980
2020,02,소계,94973564,52420,22232,1564,2072880,19004,44017708,57884,39854256,-31424
2020,02,승용,76951320,54272,22172,1564,2071536,19004,43942700,56004,23278404,-24996
2020,02,승합,3233512,-9564,60,0,1344,0,18660,48,2745120,-8984
2020,02,특수,386016,2104,0,0,0,0,236,0,378400,2084
2020,02,화물,14402716,5608,0,0,0,0,56112,1832,13452332,472
2020,03,소계,95188332,214768,24500,2268,2111472,38592,44191696,173988,39822968,-31288
2020,03,승용,77178728,227408,24440,2268,2110132,38596,44115308,172608,23271080,-7324
2020,03,승합,3222136,-11376,60,0,1340,-4,18712,52,2733508,-11612
2020,03,특수,387992,1976,0,0,0,0,240,4,380136,1736
2020,03,화물,14399476,-3240,0,0,0,0,57436,1324,13438244,-14088
2020,04,소계,95436372,248040,28132,3632,2160556,49084,44392636,200940,39797456,-25512
2020,04,승용,77439304,260576,28072,3632,2159216,49084,44314540,199232,23268704,-2376
2020,04,승합,3212488,-9648,60,0,1340,0,18772,60,2723352,-10156
2020,04,특수,390960,2968,0,0,0,0,256,16,382432,2296
2020,04,화물,14393620,-5856,0,0,0,0,59068,1632,13422968,-15276
2020,05,소계,95704312,267940,29256,1124,2217520,56964,44614228,221592,39777740,-19716
2020,05,승용,77712308,273004,29196,1124,2216180,56964,44534104,219564,23262624,-6080
2020,05,승합,3203576,-8912,60,0,1340,0,18828,56,2714600,-8752
2020,05,특수,394376,3416,0,0,0,0,264,8,385088,2656
2020,05,화물,14394052,432,0,0,0,0,61032,1964,13415428,-7540
2020,06,소계,96092332,388020,30728,1472,2282024,64504,44880776,266548,39810692,32952
2020,06,승용,78087504,375196,30668,1472,2280684,64504,44798644,264540,23291744,29120
2020,06,승합,3195816,-7760,60,0,1340,0,18880,52,2707716,-6884
2020,06,특수,399004,4628,0,0,0,0,272,8,388544,3456
2020,06,화물,14410008,15956,0,0,0,0,62980,1948,13422688,7260
2020,07,소계,96390304,297972,33192,2464,2341224,59200,45064316,183540,39857104,46412
2020,07,승용,78365984,278480,33128,2460,2339868,59184,44980128,181484,23328764,37020
2020,07,승합,3188656,-7160,64,4,1340,0,18944,64,2701292,-6424
2020,07,특수,403676,4672,0,0,0,0,280,8,391800,3256
2020,07,화물,14431988,21980,0,0,16,16,64964,1984,13435248,12560
2020,08,소계,96521640,131336,35644,2452,2381648,40424,45129532,65216,39883080,25976
2020,08,승용,78503252,137268,35580,2452,2380296,40428,45044772,64644,23366068,37304
2020,08,승합,3178132,-10524,64,0,1336,-4,18976,32,2692948,-8344
2020,08,특수,407300,3624,0,0,0,0,280,0,394388,2588
2020,08,화물,14432956,968,0,0,16,0,65504,540,13429676,-5572
2020,09,소계,96805568,283928,37976,2332,2450308,68660,45261116,131584,39949300,66220
2020,09,승용,78775188,271936,37896,2316,2448952,68656,45175876,131104,23433008,66940
2020,09,승합,3167120,-11012,80,16,1336,0,18940,-36,2683648,-9300
2020,09,특수,411780,4480,0,0,0,0,284,4,397408,3020
2020,09,화물,14451480,18524,0,0,20,4,66016,512,13435236,5560
2020,10,소계,97003784,198216,40164,2188,2512656,62348,45370872,109756,39967168,17868
2020,10,승용,78975432,200244,40056,2160,2511296,62344,45283928,108052,23469116,36108
2020,10,승합,3155596,-11524,108,28,1332,-4,19036,96,2672760,-10888
2020,10,특수,415452,3672,0,0,0,0,300,16,399896,2488
2020,10,화물,14457304,5824,0,0,28,8,67608,1592,13425396,-9840
2020,11,소계,97260300,256516,41908,1744,2606252,93596,45511772,140900,39982740,15572
2020,11,승용,79231700,256268,41728,1672,2604872,93576,45421724,137796,23498480,29364
2020,11,승합,3144960,-10636,180,72,1332,0,19160,124,2663036,-9724
2020,11,특수,419720,4268,0,0,0,0,304,4,402804,2908
2020,11,화물,14463920,6616,0,0,48,20,70584,2976,13418420,-6976
2020,12,소계,97463916,203616,43624,1716,2697844,91592,45641936,130164,39968496,-14244
2020,12,승용,79443820,212120,43324,1596,2696460,91588,45548464,126740,23503684,5204
2020,12,승합,3135368,-9592,300,120,1332,0,19568,408,2652732,-10304
2020,12,특수,423748,4028,0,0,0,0,308,4,405560,2756
2020,12,화물,14460980,-2940,0,0,52,4,73596,3012,13406520,-11900
2021,01,소계,97745876,281960,44184,560,2770628,72784,45790168,148232,40040340,71844
2021,01,승용,79695668,251848,43784,460,2769232,72772,45693648,145184,23553004,49320
2021,01,승합,3128160,-7208,400,100,1332,0,19744,176,2645372,-7360
2021,01,특수,428508,4760,0,0,0,0,324,16,409152,3592
2021,01,화물,14493540,32560,0,0,64,12,76452,2856,13432812,26292
2021,02,소계,97930080,184204,46228,2044,2832860,62232,45888440,98272,40066212,25872
2021,02,승용,79867108,171440,45828,2044,2831464,62232,45790624,96976,23576132,23128
2021,02,승합,3120312,-7848,400,0,1332,0,19856,112,2637620,-7752
2021,02,특수,432416,3908,0,0,0,0,336,12,412048,2896
2021,02,화물,14510244,16704,0,0,64,0,77624,1172,13440412,7600
2021,03,소계,98135180,205100,49756,3528,2910524,77664,46022384,133944,40021020,-45192
2021,03,승용,80066844,199736,49352,3524,2909096,77632,45922868,132244,23556464,-19668
2021,03,승합,3104996,-15316,404,4,1332,0,20088,232,2622144,-15476
2021,03,특수,436732,4316,0,0,0,0,340,4,415108,3060
2021,03,화물,14526608,16364,0,0,96,32,79088,1464,13427304,-13108
2021,04,소계,98248828,113648,54588,4832,2989176,78652,46185232,162848,39871012,-150008
2021,04,승용,80237820,170976,54180,4828,2987736,78640,46084188,161320,23483464,-73000
2021,04,승합,3084060,-20936,408,4,1332,0,20348,260,2600988,-21156
2021,04,특수,440824,4092,0,0,0,0,348,8,417660,2552
2021,04,화물,14486124,-40484,0,0,108,12,80348,1260,13368900,-58404
2021,05,소계,98349372,100544,58128,3540,3058332,69156,46313632,128400,39745752,-125260
2021,05,승용,80386772,148952,57704,3524,3056888,69152,46211712,127524,23419256,-64208
2021,05,승합,3069400,-14660,424,16,1332,0,20632,284,2586600,-14388
2021,05,특수,444492,3668,0,0,0,0,356,8,419736,2076
2021,05,화물,14448708,-37416,0,0,112,4,80932,584,13320160,-48740
2021,06,소계,98569004,219632,60900,2772,3140572,82240,46455108,141476,39688772,-56980
2021,06,승용,80607996,221224,60476,2772,3139108,82220,46352224,140512,23380700,-38556
2021,06,승합,3057776,-11624,424,0,1332,0,20664,32,2575808,-10792
2021,06,특수,449176,4684,0,0,4,4,368,12,422540,2804
2021,06,화물,14454056,5348,0,0,128,16,81852,920,13309724,-10436
2021,07,소계,98814088,245084,63060,2160,3227232,86660,46593600,138492,39681752,-7020
2021,07,승용,80828556,220560,62636,2160,3225732,86624,46488380,136156,23368480,-12220
2021,07,승합,3049100,-8676,424,0,1332,0,21016,352,2567992,-7816
2021,07,특수,454148,4972,0,0,4,0,372,4,425432,2892
2021,07,화물,14482284,28228,0,0,164,36,83832,1980,13319848,10124
2021,08,소계,98964532,150444,64824,1764,3300436,73204,46666452,72852,39657772,-23980
2021,08,승용,80972968,144412,64392,1756,3298916,73184,46558148,69768,23353652,-14828
2021,08,승합,3038264,-10836,432,8,1332,0,21084,68,2558680,-9312
2021,08,특수,458368,4220,0,0,4,0,380,8,428168,2736
2021,08,화물,14494932,12648,0,0,184,20,86840,3008,13317272,-2576
2021,09,소계,99112016,147484,68304,3480,3378252,77816,46734080,67628,39619656,-38116
2021,09,승용,81115948,142980,67852,3460,3376728,77812,46622452,64304,23327380,-26272
2021,09,승합,3028144,-10120,452,20,1324,-8,21108,24,2549792,-8888
2021,09,특수,462172,3804,0,0,4,0,396,16,430476,2308
2021,09,화물,14505752,10820,0,0,196,12,90124,3284,13312008,-5264
2021,10,소계,99242548,130532,72272,3968,3462124,83872,46812948,78868,39550352,-69304
2021,10,승용,81257960,142012,71812,3960,3460592,83864,46699776,77324,23285800,-41580
2021,10,승합,3017272,-10872,460,8,1324,0,21320,212,2540524,-9268
2021,10,특수,465984,3812,0,0,4,0,408,12,432684,2208
2021,10,화물,14501332,-4420,0,0,204,8,91444,1320,13291344,-20664
2021,11,소계,99445908,203360,76016,3744,3546844,84720,46929140,116192,39510008,-40344
2021,11,승용,81452008,194048,75504,3692,3545304,84712,46815316,115540,23256708,-29092
2021,11,승합,3008248,-9024,512,52,1320,-4,21340,20,2531700,-8824
2021,11,특수,469864,3880,0,0,4,0,408,0,434900,2216
2021,11,화물,14515788,14456,0,0,216,12,92076,632,13286700,-4644
2021,12,소계,99644404,198496,77616,1600,3632960,86116,47038260,109120,39487804,-22204
2021,12,승용,81642592,190584,77080,1576,3631412,86108,46923284,107968,23243004,-13704
2021,12,승합,2999872,-8376,516,4,1308,-12,21292,-48,2522668,-9032
2021,12,특수,474040,4176,0,0,4,0,420,12,437500,2600
2021,12,화물,14527900,12112,20,20,236,20,93264,1188,13284632,-2068
2022,01,소계,99882648,238244,78452,836,3701292,68332,47175868,137608,39520212,32408
2022,01,승용,81848048,205456,77904,824,3699724,68312,47059240,135956,23252028,9024
2022,01,승합,2991908,-7964,528,12,1308,0,21292,0,2514452,-8216
2022,01,특수,478392,4352,0,0,4,0,436,16,440704,3204
2022,01,화물,14564300,36400,20,0,256,20,94900,1636,13313028,28396
2022,02,소계,100061164,178516,81180,2728,3777548,76256,47252372,76504,39525016,4804
2022,02,승용,81995944,147896,80632,2728,3775960,76236,47133652,74412,23245556,-6472
2022,02,승합,2984032,-7876,528,0,1308,0,21384,92,2507296,-7156
2022,02,특수,482060,3668,0,0,4,0,440,4,443296,2592
2022,02,화물,14599128,34828,20,0,276,20,96896,1996,13328868,15840
2022,03,소계,100280720,219556,82732,1552,3875820,98272,47363388,111016,39479936,-45080
2022,03,승용,82201164,205220,82112,1480,3874220,98260,47243120,109468,23208572,-36984
2022,03,승합,2971408,-12624,600,72,1308,0,21584,200,2495476,-11820
2022,03,특수,486512,4452,0,0,4,0,456,16,446536,3240
2022,03,화물,14621636,22508,20,0,288,12,98228,1332,13329352,484
2022,04,소계,100483864,203144,87568,4836,3975200,99380,47491532,128144,39405680,-74256
2022,04,승용,82405964,204800,86920,4808,3973644,99424,47370444,127324,23158228,-50344
2022,04,승합,2957696,-13712,628,28,1252,-56,21788,204,2482000,-13476
2022,04,특수,490416,3904,0,0,4,0,480,24,449124,2588
2022,04,화물,14629788,8152,20,0,300,12,98820,592,13316328,-13024
2022,05,소계,100669636,185772,92516,4948,4075480,100280,47602160,110628,39330772,-74908
2022,05,승용,82593916,187952,91832,4912,4073916,100272,47479616,109172,23107656,-50572
2022,05,승합,2945896,-11800,664,36,1252,0,22068,280,2469792,-12208
2022,05,특수,494408,3992,0,0,4,0,532,52,451628,2504
2022,05,화물,14635416,5628,20,0,308,8,99944,1124,13301696,-14632
2022,06,소계,100862768,193132,96476,3960,4166948,91468,47709864,107704,39280196,-50576
2022,06,승용,82780272,186356,95732,3900,4165372,91456,47586160,106544,23067856,-39800
2022,06,승합,2938948,-6948,724,60,1248,-4,22276,208,2462004,-7788
2022,06,특수,498340,3932,0,0,4,0,540,8,454328,2700
2022,06,화물,14645208,9792,20,0,324,16,100888,944,13296008,-5688
2022,07,소계,101119160,256392,98748,2272,4263364,96416,47834576,124712,39258256,-21940
2022,07,승용,83002368,222096,97968,2236,4261780,96408,47709464,123304,23034128,-33728
2022,07,승합,2932336,-6612,760,36,1244,-4,22552,276,2454724,-7280
2022,07,특수,502904,4564,0,0,4,0,568,28,457504,3176
2022,07,화물,14681552,36344,20,0,336,12,101992,1104,13311900,15892
2022,08,소계,101259728,140568,102280,3532,4338788,75424,47898672,64096,39209032,-49224
2022,08,승용,83122008,119640,101500,3532,4337196,75416,47772212,62748,22984032,-50096
2022,08,승합,2925200,-7136,760,0,1244,0,22908,356,2446972,-7752
2022,08,특수,506692,3788,0,0,4,0,576,8,460192,2688
2022,08,화물,14705828,24276,20,0,344,8,102976,984,13317836,5936
2022,09,소계,101423752,164024,106876,4596,4414568,75780,47967820,69148,39155328,-53704
2022,09,승용,83263704,141696,106032,4532,4412980,75784,47840156,67944,22930676,-53356
2022,09,승합,2916156,-9044,824,64,1240,-4,23208,300,2438648,-8324
2022,09,특수,510520,3828,0,0,4,0,580,4,462836,2644
2022,09,화물,14733372,27544,20,0,344,0,103876,900,13323168,5332
2022,10,소계,101610536,186784,111480,4604,4486316,71748,48053900,86080,39118200,-37128
2022,10,승용,83428288,164584,110496,4464,4484724,71744,47925156,85000,22891788,-38888
2022,10,승합,2908448,-7708,964,140,1236,-4,23488,280,2431308,-7340
2022,10,특수,513648,3128,0,0,4,0,588,8,465068,2232
2022,10,화물,14760152,26780,20,0,352,8,104668,792,13330036,6868
2022,11,소계,101845444,234908,116128,4648,4583020,96704,48174120,120220,39079168,-39032
2022,11,승용,83647544,219256,115068,4572,4581440,96716,48043948,118792,22851408,-40380
2022,11,승합,2902364,-6084,1040,76,1224,-12,24048,560,2424504,-6804
2022,11,특수,517036,3388,0,0,4,0,608,20,467504,2436
2022,11,화물,14778500,18348,20,0,352,0,105516,848,13335752,5716
2022,12,소계,102012312,166868,118492,2364,4682028,99008,48276172,102052,39032692,-46476
2022,12,승용,83811036,163492,117348,2280,4680448,99008,48144616,100668,22805460,-45948
2022,12,승합,2895844,-6520,1124,84,1224,0,24504,456,2417168,-7336
2022,12,특수,520164,3128,0,0,4,0,628,20,469780,2276
2022,12,화물,14785268,6768,20,0,352,0,106424,908,13340284,4532
2023,01,소계,102224264,211952,118756,264,4774540,92512,48415240,139068,39030832,-1860
2023,01,승용,83997520,186484,117584,236,4772960,92512,48282852,138236,22777768,-27692
2023,01,승합,2889576,-6268,1152,28,1224,0,24720,216,2411240,-5928
2023,01,특수,522764,2600,0,0,4,0,652,24,471876,2096
2023,01,화물,14814404,29136,20,0,352,0,107016,592,13369948,29664
2023,02,소계,102386144,161880,122192,3436,4869100,94560,48506096,90856,38987344,-43488
2023,02,승용,84127876,130356,120972,3388,4867528,94568,48373008,90156,22725344,-52424
2023,02,승합,2883684,-5892,1200,48,1216,-8,24804,84,2405024,-6216
2023,02,특수,525056,2292,0,0,4,0,656,4,473768,1892
2023,02,화물,14849528,35124,20,0,352,0,107628,612,13383208,13260
2023,03,소계,102586456,200312,125904,3712,5001212,132112,48626532,120436,38875264,-112080
2023,03,승용,84306496,178620,124612,3640,4999640,132112,48491916,118908,22627864,-97480
2023,03,승합,2870700,-12984,1268,68,1216,0,25324,520,2390992,-14032
2023,03,특수,527912,2856,0,0,4,0,660,4,475992,2224
2023,03,화물,14881348,31820,24,4,352,0,108632,1004,13380416,-2792
2023,04,소계,102718728,132272,127220,1316,5112528,111316,48744752,118220,38738032,-137232
2023,04,승용,84459804,153308,125908,1296,5110952,111312,48608536,116620,22530556,-97308
2023,04,승합,2856224,-14476,1284,16,1216,0,26060,736,2375712,-15280
2023,04,특수,530368,2456,0,0,4,0,692,32,477724,1732
2023,04,화물,14872332,-9016,28,4,356,4,109464,832,13354040,-26376
2023,05,소계,102834648,115920,128672,1452,5241296,128768,48824916,80164,38616188,-121844
2023,05,승용,84589428,129624,127332,1424,5239720,128768,48687368,78832,22440968,-89588
2023,05,승합,2843496,-12728,1312,28,1216,0,26528,468,2362048,-13664
2023,05,특수,532968,2600,0,0,4,0,716,24,479708,1984
2023,05,화물,14868756,-3576,28,0,356,0,110304,840,13333464,-20576
2023,06,소계,103028804,194156,129936,1264,5387284,145988,48929336,104420,38525008,-91180
2023,06,승용,84786124,196696,128540,1208,5385708,145988,48790808,103440,22367808,-73160
2023,06,승합,2833936,-9560,1368,56,1212,-4,26800,272,2351240,-10808
2023,06,특수,536228,3260,0,0,4,0,744,28,482256,2548
2023,06,화물,14872516,3760,28,0,360,4,110984,680,13323704,-9760
2023,07,소계,103181344,152540,131584,1648,5508092,120808,48998760,69424,38455056,-69952
2023,07,승용,84925292,139168,130096,1556,5506532,120824,48859128,68320,22308608,-59200
2023,07,승합,2825388,-8548,1460,92,1192,-20,27208,408,2342160,-9080
2023,07,특수,539144,2916,0,0,4,0,760,16,484532,2276
2023,07,화물,14891520,19004,28,0,364,4,111664,680,13319756,-3948
2023,08,소계,103231484,50140,132852,1268,5617012,108920,49034036,35276,38353120,-101936
2023,08,승용,84990736,65444,131160,1064,5615464,108932,48893420,34292,22233528,-75080
2023,08,승합,2813868,-11520,1664,204,1176,-16,27640,432,2330264,-11896
2023,08,특수,541956,2812,0,0,4,0,780,20,486732,2200
2023,08,화물,14884924,-6596,28,0,368,4,112196,532,13302596,-17160
2023,09,소계,103382592,151108,134004,1152,5738476,121464,49118076,84040,38265480,-87640
2023,09,승용,85149340,158604,132084,924,5736932,121468,48976480,83060,22165084,-68444
2023,09,승합,2803828,-10040,1884,220,1168,-8,27976,336,2318696,-11568
2023,09,특수,544408,2452,0,0,4,0,796,16,488632,1900
2023,09,화물,14885016,92,36,8,372,4,112824,628,13293068,-9528
2023,10,소계,103480608,98016,135184,1180,5861516,123040,49162788,44712,38163052,-102428
2023,10,승용,85251176,101836,132980,896,5859972,123040,49020096,43616,22081492,-83592
2023,10,승합,2793312,-10516,2164,280,1168,0,28328,352,2307240,-11456
2023,10,특수,546712,2304,0,0,4,0,804,8,490436,1804
2023,10,화물,14889408,4392,40,4,372,0,113560,736,13283884,-9184
2023,11,소계,103671904,191296,136184,1000,6025344,163828,49229400,66612,38081404,-81648
2023,11,승용,85435484,184308,133800,820,6023800,163828,49084984,64888,22006780,-74712
2023,11,승합,2783592,-9720,2328,164,1168,0,28744,416,2295956,-11284
2023,11,특수,549164,2452,0,0,4,0,816,12,492368,1932
2023,11,화물,14903664,14256,56,16,372,0,114856,1296,13286300,2416
2023,12,소계,103796804,124900,137032,848,6168528,143184,49256744,27344,38000656,-80748
2023,12,승용,85560808,125324,134364,564,6166988,143188,49111808,26824,21941892,-64888
2023,12,승합,2778296,-5296,2604,276,1164,-4,28816,72,2288804,-7152
2023,12,특수,552100,2936,0,0,4,0,840,24,494580,2212
2023,12,화물,14905600,1936,64,8,372,0,115280,424,13275380,-10920
2024,01,소계,103970960,174156,137072,40,6344580,176052,49319084,62340,37921400,-79256
2024,01,승용,85718164,157356,134348,-16,6343048,176060,49173468,61660,21880460,-61432
2024,01,승합,2771652,-6644,2660,56,1152,-12,28760,-56,2282372,-6432
2024,01,특수,554848,2748,0,0,4,0,856,16,496824,2244
2024,01,화물,14926296,20696,64,0,376,4,116000,720,13261744,-13636
2024,02,소계,104078188,107228,138140,1068,6479704,135124,49355960,36876,37841312,-80088
2024,02,승용,85817352,99188,135320,972,6478176,135128,49209404,35936,21824496,-55964
2024,02,승합,2765724,-5928,2756,96,1144,-8,28800,40,2276344,-6028
2024,02,특수,557008,2160,0,0,4,0,868,12,498580,1756
2024,02,화물,14938104,11808,64,0,380,4,116888,888,13241892,-19852
2024,03,소계,104217464,139276,139488,1348,6636672,156968,49402408,46448,37684144,-157168
2024,03,승용,85969548,152196,136548,1228,6634600,156424,49255024,45620,21733120,-91376
2024,03,승합,2751720,-14004,2864,108,1124,-20,28732,-68,2262452,-13892
2024,03,특수,559028,2020,4,4,4,0,880,12,500068,1488
2024,03,화물,14937168,-936,72,8,944,564,117772,884,13188504,-53388
2024,04,소계,104281432,63968,140648,1160,6792812,156140,49461096,58688,37475460,-208684
2024,04,승용,86076368,106820,137532,984,6788008,153408,49313300,58276,21614596,-118524
2024,04,승합,2735580,-16140,3028,164,2060,936,28720,-12,2245024,-17428
2024,04,특수,560696,1668,8,4,24,20,888,8,501048,980
2024,04,화물,14908788,-28380,80,8,2720,1776,118188,416,13114792,-73712
2024,05,소계,104385640,104208,142168,1520,6941640,148828,49511484,50388,37312528,-162932
2024,05,승용,86202652,126284,138692,1160,6935024,147016,49363096,49796,21518516,-96080
2024,05,승합,2722776,-12804,3388,360,3044,984,28704,-16,2231940,-13084
2024,05,특수,562584,1888,8,0,52,28,904,16,502220,1172
2024,05,화물,14897628,-11160,80,0,3520,800,118780,592,13059852,-54940
2024,06,소계,104537900,152260,143948,1780,7083772,142132,49561700,50216,37198092,-114436
2024,06,승용,86359088,156436,139892,1200,7074716,139692,49412688,49592,21450040,-68476
2024,06,승합,2715096,-7680,3960,572,4008,964,28692,-12,2222880,-9060
2024,06,특수,564564,1980,8,0,72,20,924,20,503532,1312
2024,06,화물,14899152,1524,88,8,4976,1456,119396,616,13021640,-38212
2024,07,소계,104652648,114748,145576,1628,7228796,145024,49602384,40684,37061724,-136368
2024,07,승용,86481676,122588,141176,1284,7217008,142292,49452572,39884,21365320,-84720
2024,07,승합,2705392,-9704,4304,344,5092,1084,28628,-64,2211940,-10940
2024,07,특수,567068,2504,8,0,156,84,952,28,505008,1476
2024,07,화물,14898512,-640,88,0,6540,1564,120232,836,12979456,-42184
2024,08,소계,104688256,35608,147148,1572,7346524,117728,49595208,-7176,36927492,-134232
2024,08,승용,86533324,51648,142296,1120,7333488,116480,49444520,-8052,21279632,-85688
2024,08,승합,2696028,-9364,4740,436,5664,572,28600,-28,2201176,-10764
2024,08,특수,568804,1736,8,0,200,44,964,12,505928,920
2024,08,화물,14890100,-8412,104,16,7172,632,121124,892,12940756,-38700
2024,09,소계,104810164,121908,147916,768,7514460,167936,49626868,31660,36804276,-123216
2024,09,승용,86667368,134044,142864,568,7499240,165752,49475480,30960,21199736,-79896
2024,09,승합,2687896,-8132,4936,196,6432,768,28572,-28,2191716,-9460
2024,09,특수,570488,1684,8,0,232,32,988,24,506888,960
2024,09,화물,14884412,-5688,108,4,8556,1384,121828,704,12905936,-34820
2024,10,소계,104930276,120112,149580,1664,7700004,185544,49649296,22428,36655944,-148332
2024,10,승용,86800532,133164,143992,1128,7682828,183588,49497392,21912,21106556,-93180
2024,10,승합,2678848,-9048,5448,512,7312,880,28508,-64,2180196,-11520
2024,10,특수,572104,1616,12,4,248,16,1000,12,507580,692
2024,10,화물,14878792,-5620,128,20,9616,1060,122396,568,12861612,-44324
2024,11,소계,105094424,164148,149928,348,7891392,191388,49684552,35256,36534208,-121736
2024,11,승용,86977416,176884,144128,136,7872188,189360,49532312,34920,21030156,-76400
2024,11,승합,2671908,-6940,5648,200,8140,828,28452,-56,2170868,-9328
2024,11,특수,573872,1768,12,0,372,124,1020,20,508296,716
2024,11,화물,14871228,-7564,140,12,10692,1076,122768,372,12824888,-36724
2024,12,소계,105191676,97252,150228,300,8097924,206532,49678640,-5912,36403360,-130848
2024,12,승용,87084480,107064,144132,4,8077036,204848,49526080,-6232,20944548,-85608
2024,12,승합,2664664,-7244,5932,284,8724,584,28408,-44,2160380,-10488
2024,12,특수,575560,1688,12,0,400,28,1040,20,509100,804
2024,12,화물,14866972,-4256,152,12,11764,1072,123112,344,12789332,-35556
