연도,월,지역,차량유형,기준보조금,월별평균,조정보조금
2020,1,강원,승용,1446.111111,0.387096774,559.7849462
2020,2,강원,승용,1446.111111,1,1446.111111
2020,3,강원,승용,1446.111111,1,1446.111111
2020,4,강원,승용,1446.111111,1,1446.111111
2020,5,강원,승용,1446.111111,1,1446.111111
2020,6,강원,승용,1446.111111,1,1446.111111
2020,7,강원,승용,1446.111111,1,1446.111111
2020,8,강원,승용,1446.111111,1,1446.111111
2020,9,강원,승용,1446.111111,1,1446.111111
2020,10,강원,승용,1446.111111,1,1446.111111
2020,11,강원,승용,1446.111111,1,1446.111111
2020,12,강원,승용,1446.111111,1,1446.111111
2020,1,강원,화물,2178.45098,0.387096774,843.2713472
2020,2,강원,화물,2178.45098,1,2178.45098
2020,3,강원,화물,2178.45098,1,2178.45098
2020,4,강원,화물,2178.45098,1,2178.45098
2020,5,강원,화물,2178.45098,1,2178.45098
2020,6,강원,화물,2178.45098,1,2178.45098
2020,7,강원,화물,2178.45098,1,2178.45098
2020,8,강원,화물,2178.45098,1,2178.45098
2020,9,강원,화물,2178.45098,1,2178.45098
2020,10,강원,화물,2178.45098,1,2178.45098
2020,11,강원,화물,2178.45098,1,2178.45098
2020,12,강원,화물,2178.45098,1,2178.45098
2020,1,경기,승용,1323.225806,0.387096774,512.2164412
2020,2,경기,승용,1323.225806,1,1323.225806
2020,3,경기,승용,1323.225806,1,1323.225806
2020,4,경기,승용,1323.225806,1,1323.225806
2020,5,경기,승용,1323.225806,1,1323.225806
2020,6,경기,승용,1323.225806,1,1323.225806
2020,7,경기,승용,1323.225806,1,1323.225806
2020,8,경기,승용,1323.225806,1,1323.225806
2020,9,경기,승용,1323.225806,1,1323.225806
2020,10,경기,승용,1323.225806,1,1323.225806
2020,11,경기,승용,1323.225806,1,1323.225806
2020,12,경기,승용,1323.225806,1,1323.225806
2020,1,경기,화물,1731.333333,0.387096774,670.1935484
2020,2,경기,화물,1731.333333,1,1731.333333
2020,3,경기,화물,1731.333333,1,1731.333333
2020,4,경기,화물,1731.333333,1,1731.333333
2020,5,경기,화물,1731.333333,1,1731.333333
2020,6,경기,화물,1731.333333,1,1731.333333
2020,7,경기,화물,1731.333333,1,1731.333333
2020,8,경기,화물,1731.333333,1,1731.333333
2020,9,경기,화물,1731.333333,1,1731.333333
2020,10,경기,화물,1731.333333,1,1731.333333
2020,11,경기,화물,1731.333333,1,1731.333333
2020,12,경기,화물,1731.333333,1,1731.333333
2020,1,경남,승용,1470,0.387096774,569.0322581
2020,2,경남,승용,1470,1,1470
2020,3,경남,승용,1470,1,1470
2020,4,경남,승용,1470,1,1470
2020,5,경남,승용,1470,1,1470
2020,6,경남,승용,1470,1,1470
2020,7,경남,승용,1470,1,1470
2020,8,경남,승용,1470,1,1470
2020,9,경남,승용,1470,1,1470
2020,10,경남,승용,1470,1,1470
2020,11,경남,승용,1470,1,1470
2020,12,경남,승용,1470,1,1470
2020,1,경남,화물,2075.148148,0.387096774,803.2831541
2020,2,경남,화물,2075.148148,1,2075.148148
2020,3,경남,화물,2075.148148,1,2075.148148
2020,4,경남,화물,2075.148148,1,2075.148148
2020,5,경남,화물,2075.148148,1,2075.148148
2020,6,경남,화물,2075.148148,1,2075.148148
2020,7,경남,화물,2075.148148,1,2075.148148
2020,8,경남,화물,2075.148148,1,2075.148148
2020,9,경남,화물,2075.148148,1,2075.148148
2020,10,경남,화물,2075.148148,1,2075.148148
2020,11,경남,화물,2075.148148,1,2075.148148
2020,12,경남,화물,2075.148148,1,2075.148148
2020,1,경북,승용,1442.727273,0.387096774,558.4750733
2020,2,경북,승용,1442.727273,1,1442.727273
2020,3,경북,승용,1442.727273,1,1442.727273
2020,4,경북,승용,1442.727273,1,1442.727273
2020,5,경북,승용,1442.727273,1,1442.727273
2020,6,경북,승용,1442.727273,1,1442.727273
2020,7,경북,승용,1442.727273,1,1442.727273
2020,8,경북,승용,1442.727273,1,1442.727273
2020,9,경북,승용,1442.727273,1,1442.727273
2020,10,경북,승용,1442.727273,1,1442.727273
2020,11,경북,승용,1442.727273,1,1442.727273
2020,12,경북,승용,1442.727273,1,1442.727273
2020,1,경북,화물,1815.212121,0.387096774,702.6627566
2020,2,경북,화물,1815.212121,1,1815.212121
2020,3,경북,화물,1815.212121,1,1815.212121
2020,4,경북,화물,1815.212121,1,1815.212121
2020,5,경북,화물,1815.212121,1,1815.212121
2020,6,경북,화물,1815.212121,1,1815.212121
2020,7,경북,화물,1815.212121,1,1815.212121
2020,8,경북,화물,1815.212121,1,1815.212121
2020,9,경북,화물,1815.212121,1,1815.212121
2020,10,경북,화물,1815.212121,1,1815.212121
2020,11,경북,화물,1815.212121,1,1815.212121
2020,12,경북,화물,1815.212121,1,1815.212121
2020,1,광주,승용,1400,0.387096774,541.9354839
2020,2,광주,승용,1400,1,1400
2020,3,광주,승용,1400,1,1400
2020,4,광주,승용,1400,1,1400
2020,5,광주,승용,1400,1,1400
2020,6,광주,승용,1400,1,1400
2020,7,광주,승용,1400,1,1400
2020,8,광주,승용,1400,1,1400
2020,9,광주,승용,1400,1,1400
2020,10,광주,승용,1400,1,1400
2020,11,광주,승용,1400,1,1400
2020,12,광주,승용,1400,1,1400
2020,1,광주,화물,1504,0.387096774,582.1935484
2020,2,광주,화물,1504,1,1504
2020,3,광주,화물,1504,1,1504
2020,4,광주,화물,1504,1,1504
2020,5,광주,화물,1504,1,1504
2020,6,광주,화물,1504,1,1504
2020,7,광주,화물,1504,1,1504
2020,8,광주,화물,1504,1,1504
2020,9,광주,화물,1504,1,1504
2020,10,광주,화물,1504,1,1504
2020,11,광주,화물,1504,1,1504
2020,12,광주,화물,1504,1,1504
2020,1,대구,승용,1320,0.387096774,510.9677419
2020,2,대구,승용,1320,1,1320
2020,3,대구,승용,1320,1,1320
2020,4,대구,승용,1320,1,1320
2020,5,대구,승용,1320,1,1320
2020,6,대구,승용,1320,1,1320
2020,7,대구,승용,1320,1,1320
2020,8,대구,승용,1320,1,1320
2020,9,대구,승용,1320,1,1320
2020,10,대구,승용,1320,1,1320
2020,11,대구,승용,1320,1,1320
2020,12,대구,승용,1320,1,1320
2020,1,대구,화물,2700,0.387096774,1045.16129
2020,2,대구,화물,2700,1,2700
2020,3,대구,화물,2700,1,2700
2020,4,대구,화물,2700,1,2700
2020,5,대구,화물,2700,1,2700
2020,6,대구,화물,2700,1,2700
2020,7,대구,화물,2700,1,2700
2020,8,대구,화물,2700,1,2700
2020,9,대구,화물,2700,1,2700
2020,10,대구,화물,2700,1,2700
2020,11,대구,화물,2700,1,2700
2020,12,대구,화물,2700,1,2700
2020,1,대전,승용,1520,0.387096774,588.3870968
2020,2,대전,승용,1520,1,1520
2020,3,대전,승용,1520,1,1520
2020,4,대전,승용,1520,1,1520
2020,5,대전,승용,1520,1,1520
2020,6,대전,승용,1520,1,1520
2020,7,대전,승용,1520,1,1520
2020,8,대전,승용,1520,1,1520
2020,9,대전,승용,1520,1,1520
2020,10,대전,승용,1520,1,1520
2020,11,대전,승용,1520,1,1520
2020,12,대전,승용,1520,1,1520
2020,1,대전,화물,2600,0.387096774,1006.451613
2020,2,대전,화물,2600,1,2600
2020,3,대전,화물,2600,1,2600
2020,4,대전,화물,2600,1,2600
2020,5,대전,화물,2600,1,2600
2020,6,대전,화물,2600,1,2600
2020,7,대전,화물,2600,1,2600
2020,8,대전,화물,2600,1,2600
2020,9,대전,화물,2600,1,2600
2020,10,대전,화물,2600,1,2600
2020,11,대전,화물,2600,1,2600
2020,12,대전,화물,2600,1,2600
2020,1,부산,승용,1320,0.387096774,510.9677419
2020,2,부산,승용,1320,1,1320
2020,3,부산,승용,1320,1,1320
2020,4,부산,승용,1320,1,1320
2020,5,부산,승용,1320,1,1320
2020,6,부산,승용,1320,1,1320
2020,7,부산,승용,1320,1,1320
2020,8,부산,승용,1320,1,1320
2020,9,부산,승용,1320,1,1320
2020,10,부산,승용,1320,1,1320
2020,11,부산,승용,1320,1,1320
2020,12,부산,승용,1320,1,1320
2020,1,부산,화물,1554,0.387096774,601.5483871
2020,2,부산,화물,1554,1,1554
2020,3,부산,화물,1554,1,1554
2020,4,부산,화물,1554,1,1554
2020,5,부산,화물,1554,1,1554
2020,6,부산,화물,1554,1,1554
2020,7,부산,화물,1554,1,1554
2020,8,부산,화물,1554,1,1554
2020,9,부산,화물,1554,1,1554
2020,10,부산,화물,1554,1,1554
2020,11,부산,화물,1554,1,1554
2020,12,부산,화물,1554,1,1554
2020,1,서울,승용,1270,0.387096774,491.6129032
2020,2,서울,승용,1270,1,1270
2020,3,서울,승용,1270,1,1270
2020,4,서울,승용,1270,1,1270
2020,5,서울,승용,1270,1,1270
2020,6,서울,승용,1270,1,1270
2020,7,서울,승용,1270,1,1270
2020,8,서울,승용,1270,1,1270
2020,9,서울,승용,1270,1,1270
2020,10,서울,승용,1270,1,1270
2020,11,서울,승용,1270,1,1270
2020,12,서울,승용,1270,1,1270
2020,1,서울,화물,1706,0.387096774,660.3870968
2020,2,서울,화물,1706,1,1706
2020,3,서울,화물,1706,1,1706
2020,4,서울,화물,1706,1,1706
2020,5,서울,화물,1706,1,1706
2020,6,서울,화물,1706,1,1706
2020,7,서울,화물,1706,1,1706
2020,8,서울,화물,1706,1,1706
2020,9,서울,화물,1706,1,1706
2020,10,서울,화물,1706,1,1706
2020,11,서울,화물,1706,1,1706
2020,12,서울,화물,1706,1,1706
2020,1,세종,승용,1220,0.387096774,472.2580645
2020,2,세종,승용,1220,1,1220
2020,3,세종,승용,1220,1,1220
2020,4,세종,승용,1220,1,1220
2020,5,세종,승용,1220,1,1220
2020,6,세종,승용,1220,1,1220
2020,7,세종,승용,1220,1,1220
2020,8,세종,승용,1220,1,1220
2020,9,세종,승용,1220,1,1220
2020,10,세종,승용,1220,1,1220
2020,11,세종,승용,1220,1,1220
2020,12,세종,승용,1220,1,1220
2020,1,세종,화물,0,0.387096774,0
2020,2,세종,화물,0,1,0
2020,3,세종,화물,0,1,0
2020,4,세종,화물,0,1,0
2020,5,세종,화물,0,1,0
2020,6,세종,화물,0,1,0
2020,7,세종,화물,0,1,0
2020,8,세종,화물,0,1,0
2020,9,세종,화물,0,1,0
2020,10,세종,화물,0,1,0
2020,11,세종,화물,0,1,0
2020,12,세종,화물,0,1,0
2020,1,울산,승용,1420,0.387096774,549.6774194
2020,2,울산,승용,1420,1,1420
2020,3,울산,승용,1420,1,1420
2020,4,울산,승용,1420,1,1420
2020,5,울산,승용,1420,1,1420
2020,6,울산,승용,1420,1,1420
2020,7,울산,승용,1420,1,1420
2020,8,울산,승용,1420,1,1420
2020,9,울산,승용,1420,1,1420
2020,10,울산,승용,1420,1,1420
2020,11,울산,승용,1420,1,1420
2020,12,울산,승용,1420,1,1420
2020,1,울산,화물,2400,0.387096774,929.0322581
2020,2,울산,화물,2400,1,2400
2020,3,울산,화물,2400,1,2400
2020,4,울산,화물,2400,1,2400
2020,5,울산,화물,2400,1,2400
2020,6,울산,화물,2400,1,2400
2020,7,울산,화물,2400,1,2400
2020,8,울산,화물,2400,1,2400
2020,9,울산,화물,2400,1,2400
2020,10,울산,화물,2400,1,2400
2020,11,울산,화물,2400,1,2400
2020,12,울산,화물,2400,1,2400
2020,1,인천,승용,1400,0.387096774,541.9354839
2020,2,인천,승용,1400,1,1400
2020,3,인천,승용,1400,1,1400
2020,4,인천,승용,1400,1,1400
2020,5,인천,승용,1400,1,1400
2020,6,인천,승용,1400,1,1400
2020,7,인천,승용,1400,1,1400
2020,8,인천,승용,1400,1,1400
2020,9,인천,승용,1400,1,1400
2020,10,인천,승용,1400,1,1400
2020,11,인천,승용,1400,1,1400
2020,12,인천,승용,1400,1,1400
2020,1,인천,화물,1604,0.387096774,620.9032258
2020,2,인천,화물,1604,1,1604
2020,3,인천,화물,1604,1,1604
2020,4,인천,화물,1604,1,1604
2020,5,인천,화물,1604,1,1604
2020,6,인천,화물,1604,1,1604
2020,7,인천,화물,1604,1,1604
2020,8,인천,화물,1604,1,1604
2020,9,인천,화물,1604,1,1604
2020,10,인천,화물,1604,1,1604
2020,11,인천,화물,1604,1,1604
2020,12,인천,화물,1604,1,1604
2020,1,전남,승용,1616.5,0.387096774,625.7419355
2020,2,전남,승용,1616.5,1,1616.5
2020,3,전남,승용,1616.5,1,1616.5
2020,4,전남,승용,1616.5,1,1616.5
2020,5,전남,승용,1616.5,1,1616.5
2020,6,전남,승용,1616.5,1,1616.5
2020,7,전남,승용,1616.5,1,1616.5
2020,8,전남,승용,1616.5,1,1616.5
2020,9,전남,승용,1616.5,1,1616.5
2020,10,전남,승용,1616.5,1,1616.5
2020,11,전남,승용,1616.5,1,1616.5
2020,12,전남,승용,1616.5,1,1616.5
2020,1,전남,화물,2222.148148,0.387096774,860.1863799
2020,2,전남,화물,2222.148148,1,2222.148148
2020,3,전남,화물,2222.148148,1,2222.148148
2020,4,전남,화물,2222.148148,1,2222.148148
2020,5,전남,화물,2222.148148,1,2222.148148
2020,6,전남,화물,2222.148148,1,2222.148148
2020,7,전남,화물,2222.148148,1,2222.148148
2020,8,전남,화물,2222.148148,1,2222.148148
2020,9,전남,화물,2222.148148,1,2222.148148
2020,10,전남,화물,2222.148148,1,2222.148148
2020,11,전남,화물,2222.148148,1,2222.148148
2020,12,전남,화물,2222.148148,1,2222.148148
2020,1,전북,승용,1720,0.387096774,665.8064516
2020,2,전북,승용,1720,1,1720
2020,3,전북,승용,1720,1,1720
2020,4,전북,승용,1720,1,1720
2020,5,전북,승용,1720,1,1720
2020,6,전북,승용,1720,1,1720
2020,7,전북,승용,1720,1,1720
2020,8,전북,승용,1720,1,1720
2020,9,전북,승용,1720,1,1720
2020,10,전북,승용,1720,1,1720
2020,11,전북,승용,1720,1,1720
2020,12,전북,승용,1720,1,1720
2020,1,전북,화물,1795.380952,0.387096774,694.9861751
2020,2,전북,화물,1795.380952,1,1795.380952
2020,3,전북,화물,1795.380952,1,1795.380952
2020,4,전북,화물,1795.380952,1,1795.380952
2020,5,전북,화물,1795.380952,1,1795.380952
2020,6,전북,화물,1795.380952,1,1795.380952
2020,7,전북,화물,1795.380952,1,1795.380952
2020,8,전북,화물,1795.380952,1,1795.380952
2020,9,전북,화물,1795.380952,1,1795.380952
2020,10,전북,화물,1795.380952,1,1795.380952
2020,11,전북,화물,1795.380952,1,1795.380952
2020,12,전북,화물,1795.380952,1,1795.380952
2020,1,제주,승용,1320,0.387096774,510.9677419
2020,2,제주,승용,1320,1,1320
2020,3,제주,승용,1320,1,1320
2020,4,제주,승용,1320,1,1320
2020,5,제주,승용,1320,1,1320
2020,6,제주,승용,1320,1,1320
2020,7,제주,승용,1320,1,1320
2020,8,제주,승용,1320,1,1320
2020,9,제주,승용,1320,1,1320
2020,10,제주,승용,1320,1,1320
2020,11,제주,승용,1320,1,1320
2020,12,제주,승용,1320,1,1320
2020,1,제주,화물,1670.666667,0.387096774,646.7096774
2020,2,제주,화물,1670.666667,1,1670.666667
2020,3,제주,화물,1670.666667,1,1670.666667
2020,4,제주,화물,1670.666667,1,1670.666667
2020,5,제주,화물,1670.666667,1,1670.666667
2020,6,제주,화물,1670.666667,1,1670.666667
2020,7,제주,화물,1670.666667,1,1670.666667
2020,8,제주,화물,1670.666667,1,1670.666667
2020,9,제주,화물,1670.666667,1,1670.666667
2020,10,제주,화물,1670.666667,1,1670.666667
2020,11,제주,화물,1670.666667,1,1670.666667
2020,12,제주,화물,1670.666667,1,1670.666667
2020,1,충남,승용,1566.153846,0.387096774,606.2531017
2020,2,충남,승용,1566.153846,1,1566.153846
2020,3,충남,승용,1566.153846,1,1566.153846
2020,4,충남,승용,1566.153846,1,1566.153846
2020,5,충남,승용,1566.153846,1,1566.153846
2020,6,충남,승용,1566.153846,1,1566.153846
2020,7,충남,승용,1566.153846,1,1566.153846
2020,8,충남,승용,1566.153846,1,1566.153846
2020,9,충남,승용,1566.153846,1,1566.153846
2020,10,충남,승용,1566.153846,1,1566.153846
2020,11,충남,승용,1566.153846,1,1566.153846
2020,12,충남,승용,1566.153846,1,1566.153846
2020,1,충남,화물,2031.948718,0.387096774,786.560794
2020,2,충남,화물,2031.948718,1,2031.948718
2020,3,충남,화물,2031.948718,1,2031.948718
2020,4,충남,화물,2031.948718,1,2031.948718
2020,5,충남,화물,2031.948718,1,2031.948718
2020,6,충남,화물,2031.948718,1,2031.948718
2020,7,충남,화물,2031.948718,1,2031.948718
2020,8,충남,화물,2031.948718,1,2031.948718
2020,9,충남,화물,2031.948718,1,2031.948718
2020,10,충남,화물,2031.948718,1,2031.948718
2020,11,충남,화물,2031.948718,1,2031.948718
2020,12,충남,화물,2031.948718,1,2031.948718
2020,1,충북,승용,1620,0.387096774,627.0967742
2020,2,충북,승용,1620,1,1620
2020,3,충북,승용,1620,1,1620
2020,4,충북,승용,1620,1,1620
2020,5,충북,승용,1620,1,1620
2020,6,충북,승용,1620,1,1620
2020,7,충북,승용,1620,1,1620
2020,8,충북,승용,1620,1,1620
2020,9,충북,승용,1620,1,1620
2020,10,충북,승용,1620,1,1620
2020,11,충북,승용,1620,1,1620
2020,12,충북,승용,1620,1,1620
2020,1,충북,화물,2464.727273,0.387096774,954.0879765
2020,2,충북,화물,2464.727273,1,2464.727273
2020,3,충북,화물,2464.727273,1,2464.727273
2020,4,충북,화물,2464.727273,1,2464.727273
2020,5,충북,화물,2464.727273,1,2464.727273
2020,6,충북,화물,2464.727273,1,2464.727273
2020,7,충북,화물,2464.727273,1,2464.727273
2020,8,충북,화물,2464.727273,1,2464.727273
2020,9,충북,화물,2464.727273,1,2464.727273
2020,10,충북,화물,2464.727273,1,2464.727273
2020,11,충북,화물,2464.727273,1,2464.727273
2020,12,충북,화물,2464.727273,1,2464.727273
2021,1,강원,승용,1320,0,0
2021,2,강원,승용,1320,0.428571429,565.7142857
2021,3,강원,승용,1320,1,1320
2021,4,강원,승용,1320,1,1320
2021,5,강원,승용,1320,1,1320
2021,6,강원,승용,1320,1,1320
2021,7,강원,승용,1320,1,1320
2021,8,강원,승용,1320,1,1320
2021,9,강원,승용,1320,1,1320
2021,10,강원,승용,1320,1,1320
2021,11,강원,승용,1320,1,1320
2021,12,강원,승용,1320,1,1320
2021,1,강원,화물,2198.611111,0,0
2021,2,강원,화물,2198.611111,0.428571429,942.2619048
2021,3,강원,화물,2198.611111,1,2198.611111
2021,4,강원,화물,2198.611111,1,2198.611111
2021,5,강원,화물,2198.611111,1,2198.611111
2021,6,강원,화물,2198.611111,1,2198.611111
2021,7,강원,화물,2198.611111,1,2198.611111
2021,8,강원,화물,2198.611111,1,2198.611111
2021,9,강원,화물,2198.611111,1,2198.611111
2021,10,강원,화물,2198.611111,1,2198.611111
2021,11,강원,화물,2198.611111,1,2198.611111
2021,12,강원,화물,2198.611111,1,2198.611111
2021,1,경기,승용,1248.387097,0,0
2021,2,경기,승용,1248.387097,0.428571429,535.0230415
2021,3,경기,승용,1248.387097,1,1248.387097
2021,4,경기,승용,1248.387097,1,1248.387097
2021,5,경기,승용,1248.387097,1,1248.387097
2021,6,경기,승용,1248.387097,1,1248.387097
2021,7,경기,승용,1248.387097,1,1248.387097
2021,8,경기,승용,1248.387097,1,1248.387097
2021,9,경기,승용,1248.387097,1,1248.387097
2021,10,경기,승용,1248.387097,1,1248.387097
2021,11,경기,승용,1248.387097,1,1248.387097
2021,12,경기,승용,1248.387097,1,1248.387097
2021,1,경기,화물,1808.860215,0,0
2021,2,경기,화물,1808.860215,0.428571429,775.2258065
2021,3,경기,화물,1808.860215,1,1808.860215
2021,4,경기,화물,1808.860215,1,1808.860215
2021,5,경기,화물,1808.860215,1,1808.860215
2021,6,경기,화물,1808.860215,1,1808.860215
2021,7,경기,화물,1808.860215,1,1808.860215
2021,8,경기,화물,1808.860215,1,1808.860215
2021,9,경기,화물,1808.860215,1,1808.860215
2021,10,경기,화물,1808.860215,1,1808.860215
2021,11,경기,화물,1808.860215,1,1808.860215
2021,12,경기,화물,1808.860215,1,1808.860215
2021,1,경남,승용,1447.222222,0,0
2021,2,경남,승용,1447.222222,0.428571429,620.2380952
2021,3,경남,승용,1447.222222,1,1447.222222
2021,4,경남,승용,1447.222222,1,1447.222222
2021,5,경남,승용,1447.222222,1,1447.222222
2021,6,경남,승용,1447.222222,1,1447.222222
2021,7,경남,승용,1447.222222,1,1447.222222
2021,8,경남,승용,1447.222222,1,1447.222222
2021,9,경남,승용,1447.222222,1,1447.222222
2021,10,경남,승용,1447.222222,1,1447.222222
2021,11,경남,승용,1447.222222,1,1447.222222
2021,12,경남,승용,1447.222222,1,1447.222222
2021,1,경남,화물,1882.740741,0,0
2021,2,경남,화물,1882.740741,0.428571429,806.8888889
2021,3,경남,화물,1882.740741,1,1882.740741
2021,4,경남,화물,1882.740741,1,1882.740741
2021,5,경남,화물,1882.740741,1,1882.740741
2021,6,경남,화물,1882.740741,1,1882.740741
2021,7,경남,화물,1882.740741,1,1882.740741
2021,8,경남,화물,1882.740741,1,1882.740741
2021,9,경남,화물,1882.740741,1,1882.740741
2021,10,경남,화물,1882.740741,1,1882.740741
2021,11,경남,화물,1882.740741,1,1882.740741
2021,12,경남,화물,1882.740741,1,1882.740741
2021,1,경북,승용,1421.73913,0,0
2021,2,경북,승용,1421.73913,0.428571429,609.3167702
2021,3,경북,승용,1421.73913,1,1421.73913
2021,4,경북,승용,1421.73913,1,1421.73913
2021,5,경북,승용,1421.73913,1,1421.73913
2021,6,경북,승용,1421.73913,1,1421.73913
2021,7,경북,승용,1421.73913,1,1421.73913
2021,8,경북,승용,1421.73913,1,1421.73913
2021,9,경북,승용,1421.73913,1,1421.73913
2021,10,경북,승용,1421.73913,1,1421.73913
2021,11,경북,승용,1421.73913,1,1421.73913
2021,12,경북,승용,1421.73913,1,1421.73913
2021,1,경북,화물,1792.028986,0,0
2021,2,경북,화물,1792.028986,0.428571429,768.0124224
2021,3,경북,화물,1792.028986,1,1792.028986
2021,4,경북,화물,1792.028986,1,1792.028986
2021,5,경북,화물,1792.028986,1,1792.028986
2021,6,경북,화물,1792.028986,1,1792.028986
2021,7,경북,화물,1792.028986,1,1792.028986
2021,8,경북,화물,1792.028986,1,1792.028986
2021,9,경북,화물,1792.028986,1,1792.028986
2021,10,경북,화물,1792.028986,1,1792.028986
2021,11,경북,화물,1792.028986,1,1792.028986
2021,12,경북,화물,1792.028986,1,1792.028986
2021,1,광주,승용,1300,0,0
2021,2,광주,승용,1300,0.428571429,557.1428571
2021,3,광주,승용,1300,1,1300
2021,4,광주,승용,1300,1,1300
2021,5,광주,승용,1300,1,1300
2021,6,광주,승용,1300,1,1300
2021,7,광주,승용,1300,1,1300
2021,8,광주,승용,1300,1,1300
2021,9,광주,승용,1300,1,1300
2021,10,광주,승용,1300,1,1300
2021,11,광주,승용,1300,1,1300
2021,12,광주,승용,1300,1,1300
2021,1,광주,화물,1666.666667,0,0
2021,2,광주,화물,1666.666667,0.428571429,714.2857143
2021,3,광주,화물,1666.666667,1,1666.666667
2021,4,광주,화물,1666.666667,1,1666.666667
2021,5,광주,화물,1666.666667,1,1666.666667
2021,6,광주,화물,1666.666667,1,1666.666667
2021,7,광주,화물,1666.666667,1,1666.666667
2021,8,광주,화물,1666.666667,1,1666.666667
2021,9,광주,화물,1666.666667,1,1666.666667
2021,10,광주,화물,1666.666667,1,1666.666667
2021,11,광주,화물,1666.666667,1,1666.666667
2021,12,광주,화물,1666.666667,1,1666.666667
2021,1,대구,승용,1250,0,0
2021,2,대구,승용,1250,0.428571429,535.7142857
2021,3,대구,승용,1250,1,1250
2021,4,대구,승용,1250,1,1250
2021,5,대구,승용,1250,1,1250
2021,6,대구,승용,1250,1,1250
2021,7,대구,승용,1250,1,1250
2021,8,대구,승용,1250,1,1250
2021,9,대구,승용,1250,1,1250
2021,10,대구,승용,1250,1,1250
2021,11,대구,승용,1250,1,1250
2021,12,대구,승용,1250,1,1250
2021,1,대구,화물,1650,0,0
2021,2,대구,화물,1650,0.428571429,707.1428571
2021,3,대구,화물,1650,1,1650
2021,4,대구,화물,1650,1,1650
2021,5,대구,화물,1650,1,1650
2021,6,대구,화물,1650,1,1650
2021,7,대구,화물,1650,1,1650
2021,8,대구,화물,1650,1,1650
2021,9,대구,화물,1650,1,1650
2021,10,대구,화물,1650,1,1650
2021,11,대구,화물,1650,1,1650
2021,12,대구,화물,1650,1,1650
2021,1,대전,승용,1500,0,0
2021,2,대전,승용,1500,0.428571429,642.8571429
2021,3,대전,승용,1500,1,1500
2021,4,대전,승용,1500,1,1500
2021,5,대전,승용,1500,1,1500
2021,6,대전,승용,1500,1,1500
2021,7,대전,승용,1500,1,1500
2021,8,대전,승용,1500,1,1500
2021,9,대전,승용,1500,1,1500
2021,10,대전,승용,1500,1,1500
2021,11,대전,승용,1500,1,1500
2021,12,대전,승용,1500,1,1500
2021,1,대전,화물,1900,0,0
2021,2,대전,화물,1900,0.428571429,814.2857143
2021,3,대전,화물,1900,1,1900
2021,4,대전,화물,1900,1,1900
2021,5,대전,화물,1900,1,1900
2021,6,대전,화물,1900,1,1900
2021,7,대전,화물,1900,1,1900
2021,8,대전,화물,1900,1,1900
2021,9,대전,화물,1900,1,1900
2021,10,대전,화물,1900,1,1900
2021,11,대전,화물,1900,1,1900
2021,12,대전,화물,1900,1,1900
2021,1,부산,승용,1250,0,0
2021,2,부산,승용,1250,0.428571429,535.7142857
2021,3,부산,승용,1250,1,1250
2021,4,부산,승용,1250,1,1250
2021,5,부산,승용,1250,1,1250
2021,6,부산,승용,1250,1,1250
2021,7,부산,승용,1250,1,1250
2021,8,부산,승용,1250,1,1250
2021,9,부산,승용,1250,1,1250
2021,10,부산,승용,1250,1,1250
2021,11,부산,승용,1250,1,1250
2021,12,부산,승용,1250,1,1250
2021,1,부산,화물,1683.333333,0,0
2021,2,부산,화물,1683.333333,0.428571429,721.4285714
2021,3,부산,화물,1683.333333,1,1683.333333
2021,4,부산,화물,1683.333333,1,1683.333333
2021,5,부산,화물,1683.333333,1,1683.333333
2021,6,부산,화물,1683.333333,1,1683.333333
2021,7,부산,화물,1683.333333,1,1683.333333
2021,8,부산,화물,1683.333333,1,1683.333333
2021,9,부산,화물,1683.333333,1,1683.333333
2021,10,부산,화물,1683.333333,1,1683.333333
2021,11,부산,화물,1683.333333,1,1683.333333
2021,12,부산,화물,1683.333333,1,1683.333333
2021,1,서울,승용,1000,0,0
2021,2,서울,승용,1000,0.428571429,428.5714286
2021,3,서울,승용,1000,1,1000
2021,4,서울,승용,1000,1,1000
2021,5,서울,승용,1000,1,1000
2021,6,서울,승용,1000,1,1000
2021,7,서울,승용,1000,1,1000
2021,8,서울,승용,1000,1,1000
2021,9,서울,승용,1000,1,1000
2021,10,서울,승용,1000,1,1000
2021,11,서울,승용,1000,1,1000
2021,12,서울,승용,1000,1,1000
2021,1,서울,화물,1900,0,0
2021,2,서울,화물,1900,0.428571429,814.2857143
2021,3,서울,화물,1900,1,1900
2021,4,서울,화물,1900,1,1900
2021,5,서울,화물,1900,1,1900
2021,6,서울,화물,1900,1,1900
2021,7,서울,화물,1900,1,1900
2021,8,서울,화물,1900,1,1900
2021,9,서울,화물,1900,1,1900
2021,10,서울,화물,1900,1,1900
2021,11,서울,화물,1900,1,1900
2021,12,서울,화물,1900,1,1900
2021,1,세종,승용,820,0,0
2021,2,세종,승용,820,0.428571429,351.4285714
2021,3,세종,승용,820,1,820
2021,4,세종,승용,820,1,820
2021,5,세종,승용,820,1,820
2021,6,세종,승용,820,1,820
2021,7,세종,승용,820,1,820
2021,8,세종,승용,820,1,820
2021,9,세종,승용,820,1,820
2021,10,세종,승용,820,1,820
2021,11,세종,승용,820,1,820
2021,12,세종,승용,820,1,820
2021,1,세종,화물,1566.666667,0,0
2021,2,세종,화물,1566.666667,0.428571429,671.4285714
2021,3,세종,화물,1566.666667,1,1566.666667
2021,4,세종,화물,1566.666667,1,1566.666667
2021,5,세종,화물,1566.666667,1,1566.666667
2021,6,세종,화물,1566.666667,1,1566.666667
2021,7,세종,화물,1566.666667,1,1566.666667
2021,8,세종,화물,1566.666667,1,1566.666667
2021,9,세종,화물,1566.666667,1,1566.666667
2021,10,세종,화물,1566.666667,1,1566.666667
2021,11,세종,화물,1566.666667,1,1566.666667
2021,12,세종,화물,1566.666667,1,1566.666667
2021,1,울산,승용,1350,0,0
2021,2,울산,승용,1350,0.428571429,578.5714286
2021,3,울산,승용,1350,1,1350
2021,4,울산,승용,1350,1,1350
2021,5,울산,승용,1350,1,1350
2021,6,울산,승용,1350,1,1350
2021,7,울산,승용,1350,1,1350
2021,8,울산,승용,1350,1,1350
2021,9,울산,승용,1350,1,1350
2021,10,울산,승용,1350,1,1350
2021,11,울산,승용,1350,1,1350
2021,12,울산,승용,1350,1,1350
2021,1,울산,화물,1733.333333,0,0
2021,2,울산,화물,1733.333333,0.428571429,742.8571429
2021,3,울산,화물,1733.333333,1,1733.333333
2021,4,울산,화물,1733.333333,1,1733.333333
2021,5,울산,화물,1733.333333,1,1733.333333
2021,6,울산,화물,1733.333333,1,1733.333333
2021,7,울산,화물,1733.333333,1,1733.333333
2021,8,울산,화물,1733.333333,1,1733.333333
2021,9,울산,화물,1733.333333,1,1733.333333
2021,10,울산,화물,1733.333333,1,1733.333333
2021,11,울산,화물,1733.333333,1,1733.333333
2021,12,울산,화물,1733.333333,1,1733.333333
2021,1,인천,승용,1280,0,0
2021,2,인천,승용,1280,0.428571429,548.5714286
2021,3,인천,승용,1280,1,1280
2021,4,인천,승용,1280,1,1280
2021,5,인천,승용,1280,1,1280
2021,6,인천,승용,1280,1,1280
2021,7,인천,승용,1280,1,1280
2021,8,인천,승용,1280,1,1280
2021,9,인천,승용,1280,1,1280
2021,10,인천,승용,1280,1,1280
2021,11,인천,승용,1280,1,1280
2021,12,인천,승용,1280,1,1280
2021,1,인천,화물,1793.333333,0,0
2021,2,인천,화물,1793.333333,0.428571429,768.5714286
2021,3,인천,화물,1793.333333,1,1793.333333
2021,4,인천,화물,1793.333333,1,1793.333333
2021,5,인천,화물,1793.333333,1,1793.333333
2021,6,인천,화물,1793.333333,1,1793.333333
2021,7,인천,화물,1793.333333,1,1793.333333
2021,8,인천,화물,1793.333333,1,1793.333333
2021,9,인천,화물,1793.333333,1,1793.333333
2021,10,인천,화물,1793.333333,1,1793.333333
2021,11,인천,화물,1793.333333,1,1793.333333
2021,12,인천,화물,1793.333333,1,1793.333333
2021,1,전남,승용,1559.545455,0,0
2021,2,전남,승용,1559.545455,0.428571429,668.3766234
2021,3,전남,승용,1559.545455,1,1559.545455
2021,4,전남,승용,1559.545455,1,1559.545455
2021,5,전남,승용,1559.545455,1,1559.545455
2021,6,전남,승용,1559.545455,1,1559.545455
2021,7,전남,승용,1559.545455,1,1559.545455
2021,8,전남,승용,1559.545455,1,1559.545455
2021,9,전남,승용,1559.545455,1,1559.545455
2021,10,전남,승용,1559.545455,1,1559.545455
2021,11,전남,승용,1559.545455,1,1559.545455
2021,12,전남,승용,1559.545455,1,1559.545455
2021,1,전남,화물,1859.444444,0,0
2021,2,전남,화물,1859.444444,0.428571429,796.9047619
2021,3,전남,화물,1859.444444,1,1859.444444
2021,4,전남,화물,1859.444444,1,1859.444444
2021,5,전남,화물,1859.444444,1,1859.444444
2021,6,전남,화물,1859.444444,1,1859.444444
2021,7,전남,화물,1859.444444,1,1859.444444
2021,8,전남,화물,1859.444444,1,1859.444444
2021,9,전남,화물,1859.444444,1,1859.444444
2021,10,전남,화물,1859.444444,1,1859.444444
2021,11,전남,화물,1859.444444,1,1859.444444
2021,12,전남,화물,1859.444444,1,1859.444444
2021,1,전북,승용,1700,0,0
2021,2,전북,승용,1700,0.428571429,728.5714286
2021,3,전북,승용,1700,1,1700
2021,4,전북,승용,1700,1,1700
2021,5,전북,승용,1700,1,1700
2021,6,전북,승용,1700,1,1700
2021,7,전북,승용,1700,1,1700
2021,8,전북,승용,1700,1,1700
2021,9,전북,승용,1700,1,1700
2021,10,전북,승용,1700,1,1700
2021,11,전북,승용,1700,1,1700
2021,12,전북,승용,1700,1,1700
2021,1,전북,화물,1884.047619,0,0
2021,2,전북,화물,1884.047619,0.428571429,807.4489796
2021,3,전북,화물,1884.047619,1,1884.047619
2021,4,전북,화물,1884.047619,1,1884.047619
2021,5,전북,화물,1884.047619,1,1884.047619
2021,6,전북,화물,1884.047619,1,1884.047619
2021,7,전북,화물,1884.047619,1,1884.047619
2021,8,전북,화물,1884.047619,1,1884.047619
2021,9,전북,화물,1884.047619,1,1884.047619
2021,10,전북,화물,1884.047619,1,1884.047619
2021,11,전북,화물,1884.047619,1,1884.047619
2021,12,전북,화물,1884.047619,1,1884.047619
2021,1,제주,승용,1250,0,0
2021,2,제주,승용,1250,0.428571429,535.7142857
2021,3,제주,승용,1250,1,1250
2021,4,제주,승용,1250,1,1250
2021,5,제주,승용,1250,1,1250
2021,6,제주,승용,1250,1,1250
2021,7,제주,승용,1250,1,1250
2021,8,제주,승용,1250,1,1250
2021,9,제주,승용,1250,1,1250
2021,10,제주,승용,1250,1,1250
2021,11,제주,승용,1250,1,1250
2021,12,제주,승용,1250,1,1250
2021,1,제주,화물,1766.666667,0,0
2021,2,제주,화물,1766.666667,0.428571429,757.1428571
2021,3,제주,화물,1766.666667,1,1766.666667
2021,4,제주,화물,1766.666667,1,1766.666667
2021,5,제주,화물,1766.666667,1,1766.666667
2021,6,제주,화물,1766.666667,1,1766.666667
2021,7,제주,화물,1766.666667,1,1766.666667
2021,8,제주,화물,1766.666667,1,1766.666667
2021,9,제주,화물,1766.666667,1,1766.666667
2021,10,제주,화물,1766.666667,1,1766.666667
2021,11,제주,화물,1766.666667,1,1766.666667
2021,12,제주,화물,1766.666667,1,1766.666667
2021,1,충남,승용,1553.333333,0,0
2021,2,충남,승용,1553.333333,0.428571429,665.7142857
2021,3,충남,승용,1553.333333,1,1553.333333
2021,4,충남,승용,1553.333333,1,1553.333333
2021,5,충남,승용,1553.333333,1,1553.333333
2021,6,충남,승용,1553.333333,1,1553.333333
2021,7,충남,승용,1553.333333,1,1553.333333
2021,8,충남,승용,1553.333333,1,1553.333333
2021,9,충남,승용,1553.333333,1,1553.333333
2021,10,충남,승용,1553.333333,1,1553.333333
2021,11,충남,승용,1553.333333,1,1553.333333
2021,12,충남,승용,1553.333333,1,1553.333333
2021,1,충남,화물,2103.511111,0,0
2021,2,충남,화물,2103.511111,0.428571429,901.5047619
2021,3,충남,화물,2103.511111,1,2103.511111
2021,4,충남,화물,2103.511111,1,2103.511111
2021,5,충남,화물,2103.511111,1,2103.511111
2021,6,충남,화물,2103.511111,1,2103.511111
2021,7,충남,화물,2103.511111,1,2103.511111
2021,8,충남,화물,2103.511111,1,2103.511111
2021,9,충남,화물,2103.511111,1,2103.511111
2021,10,충남,화물,2103.511111,1,2103.511111
2021,11,충남,화물,2103.511111,1,2103.511111
2021,12,충남,화물,2103.511111,1,2103.511111
2021,1,충북,승용,1600,0,0
2021,2,충북,승용,1600,0.428571429,685.7142857
2021,3,충북,승용,1600,1,1600
2021,4,충북,승용,1600,1,1600
2021,5,충북,승용,1600,1,1600
2021,6,충북,승용,1600,1,1600
2021,7,충북,승용,1600,1,1600
2021,8,충북,승용,1600,1,1600
2021,9,충북,승용,1600,1,1600
2021,10,충북,승용,1600,1,1600
2021,11,충북,승용,1600,1,1600
2021,12,충북,승용,1600,1,1600
2021,1,충북,화물,1969.69697,0,0
2021,2,충북,화물,1969.69697,0.428571429,844.1558442
2021,3,충북,화물,1969.69697,1,1969.69697
2021,4,충북,화물,1969.69697,1,1969.69697
2021,5,충북,화물,1969.69697,1,1969.69697
2021,6,충북,화물,1969.69697,1,1969.69697
2021,7,충북,화물,1969.69697,1,1969.69697
2021,8,충북,화물,1969.69697,1,1969.69697
2021,9,충북,화물,1969.69697,1,1969.69697
2021,10,충북,화물,1969.69697,1,1969.69697
2021,11,충북,화물,1969.69697,1,1969.69697
2021,12,충북,화물,1969.69697,1,1969.69697
2022,1,강원,승용,1140,0.419354839,478.0645161
2022,2,강원,승용,1140,1,1140
2022,3,강원,승용,1140,1,1140
2022,4,강원,승용,1140,1,1140
2022,5,강원,승용,1140,1,1140
2022,6,강원,승용,1140,1,1140
2022,7,강원,승용,1140,1,1140
2022,8,강원,승용,1140,1,1140
2022,9,강원,승용,1140,1,1140
2022,10,강원,승용,1140,1,1140
2022,11,강원,승용,1140,1,1140
2022,12,강원,승용,1140,1,1140
2022,1,강원,화물,1964.898148,0.419354839,823.989546
2022,2,강원,화물,1964.898148,1,1964.898148
2022,3,강원,화물,1964.898148,1,1964.898148
2022,4,강원,화물,1964.898148,1,1964.898148
2022,5,강원,화물,1964.898148,1,1964.898148
2022,6,강원,화물,1964.898148,1,1964.898148
2022,7,강원,화물,1964.898148,1,1964.898148
2022,8,강원,화물,1964.898148,1,1964.898148
2022,9,강원,화물,1964.898148,1,1964.898148
2022,10,강원,화물,1964.898148,1,1964.898148
2022,11,강원,화물,1964.898148,1,1964.898148
2022,12,강원,화물,1964.898148,1,1964.898148
2022,1,경기,승용,1087.096774,0.419354839,455.8792924
2022,2,경기,승용,1087.096774,1,1087.096774
2022,3,경기,승용,1087.096774,1,1087.096774
2022,4,경기,승용,1087.096774,1,1087.096774
2022,5,경기,승용,1087.096774,1,1087.096774
2022,6,경기,승용,1087.096774,1,1087.096774
2022,7,경기,승용,1087.096774,1,1087.096774
2022,8,경기,승용,1087.096774,1,1087.096774
2022,9,경기,승용,1087.096774,1,1087.096774
2022,10,경기,승용,1087.096774,1,1087.096774
2022,11,경기,승용,1087.096774,1,1087.096774
2022,12,경기,승용,1087.096774,1,1087.096774
2022,1,경기,화물,1703.822222,0.419354839,714.5060932
2022,2,경기,화물,1703.822222,1,1703.822222
2022,3,경기,화물,1703.822222,1,1703.822222
2022,4,경기,화물,1703.822222,1,1703.822222
2022,5,경기,화물,1703.822222,1,1703.822222
2022,6,경기,화물,1703.822222,1,1703.822222
2022,7,경기,화물,1703.822222,1,1703.822222
2022,8,경기,화물,1703.822222,1,1703.822222
2022,9,경기,화물,1703.822222,1,1703.822222
2022,10,경기,화물,1703.822222,1,1703.822222
2022,11,경기,화물,1703.822222,1,1703.822222
2022,12,경기,화물,1703.822222,1,1703.822222
2022,1,경남,승용,1349.722222,0.419354839,566.0125448
2022,2,경남,승용,1349.722222,1,1349.722222
2022,3,경남,승용,1349.722222,1,1349.722222
2022,4,경남,승용,1349.722222,1,1349.722222
2022,5,경남,승용,1349.722222,1,1349.722222
2022,6,경남,승용,1349.722222,1,1349.722222
2022,7,경남,승용,1349.722222,1,1349.722222
2022,8,경남,승용,1349.722222,1,1349.722222
2022,9,경남,승용,1349.722222,1,1349.722222
2022,10,경남,승용,1349.722222,1,1349.722222
2022,11,경남,승용,1349.722222,1,1349.722222
2022,12,경남,승용,1349.722222,1,1349.722222
2022,1,경남,화물,1670.574074,0.419354839,700.5633214
2022,2,경남,화물,1670.574074,1,1670.574074
2022,3,경남,화물,1670.574074,1,1670.574074
2022,4,경남,화물,1670.574074,1,1670.574074
2022,5,경남,화물,1670.574074,1,1670.574074
2022,6,경남,화물,1670.574074,1,1670.574074
2022,7,경남,화물,1670.574074,1,1670.574074
2022,8,경남,화물,1670.574074,1,1670.574074
2022,9,경남,화물,1670.574074,1,1670.574074
2022,10,경남,화물,1670.574074,1,1670.574074
2022,11,경남,화물,1670.574074,1,1670.574074
2022,12,경남,화물,1670.574074,1,1670.574074
2022,1,경북,승용,1321.73913,0.419354839,554.2776999
2022,2,경북,승용,1321.73913,1,1321.73913
2022,3,경북,승용,1321.73913,1,1321.73913
2022,4,경북,승용,1321.73913,1,1321.73913
2022,5,경북,승용,1321.73913,1,1321.73913
2022,6,경북,승용,1321.73913,1,1321.73913
2022,7,경북,승용,1321.73913,1,1321.73913
2022,8,경북,승용,1321.73913,1,1321.73913
2022,9,경북,승용,1321.73913,1,1321.73913
2022,10,경북,승용,1321.73913,1,1321.73913
2022,11,경북,승용,1321.73913,1,1321.73913
2022,12,경북,승용,1321.73913,1,1321.73913
2022,1,경북,화물,1665.742424,0.419354839,698.5371457
2022,2,경북,화물,1665.742424,1,1665.742424
2022,3,경북,화물,1665.742424,1,1665.742424
2022,4,경북,화물,1665.742424,1,1665.742424
2022,5,경북,화물,1665.742424,1,1665.742424
2022,6,경북,화물,1665.742424,1,1665.742424
2022,7,경북,화물,1665.742424,1,1665.742424
2022,8,경북,화물,1665.742424,1,1665.742424
2022,9,경북,화물,1665.742424,1,1665.742424
2022,10,경북,화물,1665.742424,1,1665.742424
2022,11,경북,화물,1665.742424,1,1665.742424
2022,12,경북,화물,1665.742424,1,1665.742424
2022,1,광주,승용,1100,0.419354839,461.2903226
2022,2,광주,승용,1100,1,1100
2022,3,광주,승용,1100,1,1100
2022,4,광주,승용,1100,1,1100
2022,5,광주,승용,1100,1,1100
2022,6,광주,승용,1100,1,1100
2022,7,광주,승용,1100,1,1100
2022,8,광주,승용,1100,1,1100
2022,9,광주,승용,1100,1,1100
2022,10,광주,승용,1100,1,1100
2022,11,광주,승용,1100,1,1100
2022,12,광주,승용,1100,1,1100
2022,1,광주,화물,1466.666667,0.419354839,615.0537634
2022,2,광주,화물,1466.666667,1,1466.666667
2022,3,광주,화물,1466.666667,1,1466.666667
2022,4,광주,화물,1466.666667,1,1466.666667
2022,5,광주,화물,1466.666667,1,1466.666667
2022,6,광주,화물,1466.666667,1,1466.666667
2022,7,광주,화물,1466.666667,1,1466.666667
2022,8,광주,화물,1466.666667,1,1466.666667
2022,9,광주,화물,1466.666667,1,1466.666667
2022,10,광주,화물,1466.666667,1,1466.666667
2022,11,광주,화물,1466.666667,1,1466.666667
2022,12,광주,화물,1466.666667,1,1466.666667
2022,1,대구,승용,1100,0.419354839,461.2903226
2022,2,대구,승용,1100,1,1100
2022,3,대구,승용,1100,1,1100
2022,4,대구,승용,1100,1,1100
2022,5,대구,승용,1100,1,1100
2022,6,대구,승용,1100,1,1100
2022,7,대구,승용,1100,1,1100
2022,8,대구,승용,1100,1,1100
2022,9,대구,승용,1100,1,1100
2022,10,대구,승용,1100,1,1100
2022,11,대구,승용,1100,1,1100
2022,12,대구,승용,1100,1,1100
2022,1,대구,화물,1480,0.419354839,620.6451613
2022,2,대구,화물,1480,1,1480
2022,3,대구,화물,1480,1,1480
2022,4,대구,화물,1480,1,1480
2022,5,대구,화물,1480,1,1480
2022,6,대구,화물,1480,1,1480
2022,7,대구,화물,1480,1,1480
2022,8,대구,화물,1480,1,1480
2022,9,대구,화물,1480,1,1480
2022,10,대구,화물,1480,1,1480
2022,11,대구,화물,1480,1,1480
2022,12,대구,화물,1480,1,1480
2022,1,대전,승용,1200,0.419354839,503.2258065
2022,2,대전,승용,1200,1,1200
2022,3,대전,승용,1200,1,1200
2022,4,대전,승용,1200,1,1200
2022,5,대전,승용,1200,1,1200
2022,6,대전,승용,1200,1,1200
2022,7,대전,승용,1200,1,1200
2022,8,대전,승용,1200,1,1200
2022,9,대전,승용,1200,1,1200
2022,10,대전,승용,1200,1,1200
2022,11,대전,승용,1200,1,1200
2022,12,대전,승용,1200,1,1200
2022,1,대전,화물,2085.333333,0.419354839,874.4946237
2022,2,대전,화물,2085.333333,1,2085.333333
2022,3,대전,화물,2085.333333,1,2085.333333
2022,4,대전,화물,2085.333333,1,2085.333333
2022,5,대전,화물,2085.333333,1,2085.333333
2022,6,대전,화물,2085.333333,1,2085.333333
2022,7,대전,화물,2085.333333,1,2085.333333
2022,8,대전,화물,2085.333333,1,2085.333333
2022,9,대전,화물,2085.333333,1,2085.333333
2022,10,대전,화물,2085.333333,1,2085.333333
2022,11,대전,화물,2085.333333,1,2085.333333
2022,12,대전,화물,2085.333333,1,2085.333333
2022,1,부산,승용,1050,0.419354839,440.3225806
2022,2,부산,승용,1050,1,1050
2022,3,부산,승용,1050,1,1050
2022,4,부산,승용,1050,1,1050
2022,5,부산,승용,1050,1,1050
2022,6,부산,승용,1050,1,1050
2022,7,부산,승용,1050,1,1050
2022,8,부산,승용,1050,1,1050
2022,9,부산,승용,1050,1,1050
2022,10,부산,승용,1050,1,1050
2022,11,부산,승용,1050,1,1050
2022,12,부산,승용,1050,1,1050
2022,1,부산,화물,1516.666667,0.419354839,636.0215054
2022,2,부산,화물,1516.666667,1,1516.666667
2022,3,부산,화물,1516.666667,1,1516.666667
2022,4,부산,화물,1516.666667,1,1516.666667
2022,5,부산,화물,1516.666667,1,1516.666667
2022,6,부산,화물,1516.666667,1,1516.666667
2022,7,부산,화물,1516.666667,1,1516.666667
2022,8,부산,화물,1516.666667,1,1516.666667
2022,9,부산,화물,1516.666667,1,1516.666667
2022,10,부산,화물,1516.666667,1,1516.666667
2022,11,부산,화물,1516.666667,1,1516.666667
2022,12,부산,화물,1516.666667,1,1516.666667
2022,1,서울,승용,900,0.419354839,377.4193548
2022,2,서울,승용,900,1,900
2022,3,서울,승용,900,1,900
2022,4,서울,승용,900,1,900
2022,5,서울,승용,900,1,900
2022,6,서울,승용,900,1,900
2022,7,서울,승용,900,1,900
2022,8,서울,승용,900,1,900
2022,9,서울,승용,900,1,900
2022,10,서울,승용,900,1,900
2022,11,서울,승용,900,1,900
2022,12,서울,승용,900,1,900
2022,1,서울,화물,1676,0.419354839,702.8387097
2022,2,서울,화물,1676,1,1676
2022,3,서울,화물,1676,1,1676
2022,4,서울,화물,1676,1,1676
2022,5,서울,화물,1676,1,1676
2022,6,서울,화물,1676,1,1676
2022,7,서울,화물,1676,1,1676
2022,8,서울,화물,1676,1,1676
2022,9,서울,화물,1676,1,1676
2022,10,서울,화물,1676,1,1676
2022,11,서울,화물,1676,1,1676
2022,12,서울,화물,1676,1,1676
2022,1,세종,승용,900,0.419354839,377.4193548
2022,2,세종,승용,900,1,900
2022,3,세종,승용,900,1,900
2022,4,세종,승용,900,1,900
2022,5,세종,승용,900,1,900
2022,6,세종,승용,900,1,900
2022,7,세종,승용,900,1,900
2022,8,세종,승용,900,1,900
2022,9,세종,승용,900,1,900
2022,10,세종,승용,900,1,900
2022,11,세종,승용,900,1,900
2022,12,세종,승용,900,1,900
2022,1,세종,화물,1480,0.419354839,620.6451613
2022,2,세종,화물,1480,1,1480
2022,3,세종,화물,1480,1,1480
2022,4,세종,화물,1480,1,1480
2022,5,세종,화물,1480,1,1480
2022,6,세종,화물,1480,1,1480
2022,7,세종,화물,1480,1,1480
2022,8,세종,화물,1480,1,1480
2022,9,세종,화물,1480,1,1480
2022,10,세종,화물,1480,1,1480
2022,11,세종,화물,1480,1,1480
2022,12,세종,화물,1480,1,1480
2022,1,울산,승용,1050,0.419354839,440.3225806
2022,2,울산,승용,1050,1,1050
2022,3,울산,승용,1050,1,1050
2022,4,울산,승용,1050,1,1050
2022,5,울산,승용,1050,1,1050
2022,6,울산,승용,1050,1,1050
2022,7,울산,승용,1050,1,1050
2022,8,울산,승용,1050,1,1050
2022,9,울산,승용,1050,1,1050
2022,10,울산,승용,1050,1,1050
2022,11,울산,승용,1050,1,1050
2022,12,울산,승용,1050,1,1050
2022,1,울산,화물,1446.666667,0.419354839,606.6666667
2022,2,울산,화물,1446.666667,1,1446.666667
2022,3,울산,화물,1446.666667,1,1446.666667
2022,4,울산,화물,1446.666667,1,1446.666667
2022,5,울산,화물,1446.666667,1,1446.666667
2022,6,울산,화물,1446.666667,1,1446.666667
2022,7,울산,화물,1446.666667,1,1446.666667
2022,8,울산,화물,1446.666667,1,1446.666667
2022,9,울산,화물,1446.666667,1,1446.666667
2022,10,울산,화물,1446.666667,1,1446.666667
2022,11,울산,화물,1446.666667,1,1446.666667
2022,12,울산,화물,1446.666667,1,1446.666667
2022,1,인천,승용,1060,0.419354839,444.516129
2022,2,인천,승용,1060,1,1060
2022,3,인천,승용,1060,1,1060
2022,4,인천,승용,1060,1,1060
2022,5,인천,승용,1060,1,1060
2022,6,인천,승용,1060,1,1060
2022,7,인천,승용,1060,1,1060
2022,8,인천,승용,1060,1,1060
2022,9,인천,승용,1060,1,1060
2022,10,인천,승용,1060,1,1060
2022,11,인천,승용,1060,1,1060
2022,12,인천,승용,1060,1,1060
2022,1,인천,화물,1637.666667,0.419354839,686.7634409
2022,2,인천,화물,1637.666667,1,1637.666667
2022,3,인천,화물,1637.666667,1,1637.666667
2022,4,인천,화물,1637.666667,1,1637.666667
2022,5,인천,화물,1637.666667,1,1637.666667
2022,6,인천,화물,1637.666667,1,1637.666667
2022,7,인천,화물,1637.666667,1,1637.666667
2022,8,인천,화물,1637.666667,1,1637.666667
2022,9,인천,화물,1637.666667,1,1637.666667
2022,10,인천,화물,1637.666667,1,1637.666667
2022,11,인천,화물,1637.666667,1,1637.666667
2022,12,인천,화물,1637.666667,1,1637.666667
2022,1,전남,승용,1498.636364,0.419354839,628.4604106
2022,2,전남,승용,1498.636364,1,1498.636364
2022,3,전남,승용,1498.636364,1,1498.636364
2022,4,전남,승용,1498.636364,1,1498.636364
2022,5,전남,승용,1498.636364,1,1498.636364
2022,6,전남,승용,1498.636364,1,1498.636364
2022,7,전남,승용,1498.636364,1,1498.636364
2022,8,전남,승용,1498.636364,1,1498.636364
2022,9,전남,승용,1498.636364,1,1498.636364
2022,10,전남,승용,1498.636364,1,1498.636364
2022,11,전남,승용,1498.636364,1,1498.636364
2022,12,전남,승용,1498.636364,1,1498.636364
2022,1,전남,화물,1785.159091,0.419354839,748.6151026
2022,2,전남,화물,1785.159091,1,1785.159091
2022,3,전남,화물,1785.159091,1,1785.159091
2022,4,전남,화물,1785.159091,1,1785.159091
2022,5,전남,화물,1785.159091,1,1785.159091
2022,6,전남,화물,1785.159091,1,1785.159091
2022,7,전남,화물,1785.159091,1,1785.159091
2022,8,전남,화물,1785.159091,1,1785.159091
2022,9,전남,화물,1785.159091,1,1785.159091
2022,10,전남,화물,1785.159091,1,1785.159091
2022,11,전남,화물,1785.159091,1,1785.159091
2022,12,전남,화물,1785.159091,1,1785.159091
2022,1,전북,승용,1500,0.419354839,629.0322581
2022,2,전북,승용,1500,1,1500
2022,3,전북,승용,1500,1,1500
2022,4,전북,승용,1500,1,1500
2022,5,전북,승용,1500,1,1500
2022,6,전북,승용,1500,1,1500
2022,7,전북,승용,1500,1,1500
2022,8,전북,승용,1500,1,1500
2022,9,전북,승용,1500,1,1500
2022,10,전북,승용,1500,1,1500
2022,11,전북,승용,1500,1,1500
2022,12,전북,승용,1500,1,1500
2022,1,전북,화물,1796.928571,0.419354839,753.5506912
2022,2,전북,화물,1796.928571,1,1796.928571
2022,3,전북,화물,1796.928571,1,1796.928571
2022,4,전북,화물,1796.928571,1,1796.928571
2022,5,전북,화물,1796.928571,1,1796.928571
2022,6,전북,화물,1796.928571,1,1796.928571
2022,7,전북,화물,1796.928571,1,1796.928571
2022,8,전북,화물,1796.928571,1,1796.928571
2022,9,전북,화물,1796.928571,1,1796.928571
2022,10,전북,화물,1796.928571,1,1796.928571
2022,11,전북,화물,1796.928571,1,1796.928571
2022,12,전북,화물,1796.928571,1,1796.928571
2022,1,제주,승용,1100,0.419354839,461.2903226
2022,2,제주,승용,1100,1,1100
2022,3,제주,승용,1100,1,1100
2022,4,제주,승용,1100,1,1100
2022,5,제주,승용,1100,1,1100
2022,6,제주,승용,1100,1,1100
2022,7,제주,승용,1100,1,1100
2022,8,제주,승용,1100,1,1100
2022,9,제주,승용,1100,1,1100
2022,10,제주,승용,1100,1,1100
2022,11,제주,승용,1100,1,1100
2022,12,제주,승용,1100,1,1100
2022,1,제주,화물,1613.333333,0.419354839,676.5591398
2022,2,제주,화물,1613.333333,1,1613.333333
2022,3,제주,화물,1613.333333,1,1613.333333
2022,4,제주,화물,1613.333333,1,1613.333333
2022,5,제주,화물,1613.333333,1,1613.333333
2022,6,제주,화물,1613.333333,1,1613.333333
2022,7,제주,화물,1613.333333,1,1613.333333
2022,8,제주,화물,1613.333333,1,1613.333333
2022,9,제주,화물,1613.333333,1,1613.333333
2022,10,제주,화물,1613.333333,1,1613.333333
2022,11,제주,화물,1613.333333,1,1613.333333
2022,12,제주,화물,1613.333333,1,1613.333333
2022,1,충남,승용,1413.333333,0.419354839,592.688172
2022,2,충남,승용,1413.333333,1,1413.333333
2022,3,충남,승용,1413.333333,1,1413.333333
2022,4,충남,승용,1413.333333,1,1413.333333
2022,5,충남,승용,1413.333333,1,1413.333333
2022,6,충남,승용,1413.333333,1,1413.333333
2022,7,충남,승용,1413.333333,1,1413.333333
2022,8,충남,승용,1413.333333,1,1413.333333
2022,9,충남,승용,1413.333333,1,1413.333333
2022,10,충남,승용,1413.333333,1,1413.333333
2022,11,충남,승용,1413.333333,1,1413.333333
2022,12,충남,승용,1413.333333,1,1413.333333
2022,1,충남,화물,1857.066667,0.419354839,778.7698925
2022,2,충남,화물,1857.066667,1,1857.066667
2022,3,충남,화물,1857.066667,1,1857.066667
2022,4,충남,화물,1857.066667,1,1857.066667
2022,5,충남,화물,1857.066667,1,1857.066667
2022,6,충남,화물,1857.066667,1,1857.066667
2022,7,충남,화물,1857.066667,1,1857.066667
2022,8,충남,화물,1857.066667,1,1857.066667
2022,9,충남,화물,1857.066667,1,1857.066667
2022,10,충남,화물,1857.066667,1,1857.066667
2022,11,충남,화물,1857.066667,1,1857.066667
2022,12,충남,화물,1857.066667,1,1857.066667
2022,1,충북,승용,1400,0.419354839,587.0967742
2022,2,충북,승용,1400,1,1400
2022,3,충북,승용,1400,1,1400
2022,4,충북,승용,1400,1,1400
2022,5,충북,승용,1400,1,1400
2022,6,충북,승용,1400,1,1400
2022,7,충북,승용,1400,1,1400
2022,8,충북,승용,1400,1,1400
2022,9,충북,승용,1400,1,1400
2022,10,충북,승용,1400,1,1400
2022,11,충북,승용,1400,1,1400
2022,12,충북,승용,1400,1,1400
2022,1,충북,화물,1680,0.419354839,704.516129
2022,2,충북,화물,1680,1,1680
2022,3,충북,화물,1680,1,1680
2022,4,충북,화물,1680,1,1680
2022,5,충북,화물,1680,1,1680
2022,6,충북,화물,1680,1,1680
2022,7,충북,화물,1680,1,1680
2022,8,충북,화물,1680,1,1680
2022,9,충북,화물,1680,1,1680
2022,10,충북,화물,1680,1,1680
2022,11,충북,화물,1680,1,1680
2022,12,충북,화물,1680,1,1680
2023,1,강원,승용,1040,0,0
2023,2,강원,승용,1040,0.928571429,965.7142857
2023,3,강원,승용,1040,1,1040
2023,4,강원,승용,1040,1,1040
2023,5,강원,승용,1040,1,1040
2023,6,강원,승용,1040,1,1040
2023,7,강원,승용,1040,1,1040
2023,8,강원,승용,1040,1,1040
2023,9,강원,승용,1040,1,1040
2023,10,강원,승용,1040,1,1040
2023,11,강원,승용,1040,1,1040
2023,12,강원,승용,1040,1,1040
2023,1,강원,화물,1671.388889,0,0
2023,2,강원,화물,1671.388889,0.928571429,1552.003968
2023,3,강원,화물,1671.388889,1,1671.388889
2023,4,강원,화물,1671.388889,1,1671.388889
2023,5,강원,화물,1671.388889,1,1671.388889
2023,6,강원,화물,1671.388889,1,1671.388889
2023,7,강원,화물,1671.388889,1,1671.388889
2023,8,강원,화물,1671.388889,1,1671.388889
2023,9,강원,화물,1671.388889,1,1671.388889
2023,10,강원,화물,1671.388889,1,1671.388889
2023,11,강원,화물,1671.388889,1,1671.388889
2023,12,강원,화물,1671.388889,1,1671.388889
2023,1,경기,승용,1047.741935,0,0
2023,2,경기,승용,1047.741935,0.928571429,972.9032258
2023,3,경기,승용,1047.741935,1,1047.741935
2023,4,경기,승용,1047.741935,1,1047.741935
2023,5,경기,승용,1047.741935,1,1047.741935
2023,6,경기,승용,1047.741935,1,1047.741935
2023,7,경기,승용,1047.741935,1,1047.741935
2023,8,경기,승용,1047.741935,1,1047.741935
2023,9,경기,승용,1047.741935,1,1047.741935
2023,10,경기,승용,1047.741935,1,1047.741935
2023,11,경기,승용,1047.741935,1,1047.741935
2023,12,경기,승용,1047.741935,1,1047.741935
2023,1,경기,화물,1487.83871,0,0
2023,2,경기,화물,1487.83871,0.928571429,1381.564516
2023,3,경기,화물,1487.83871,1,1487.83871
2023,4,경기,화물,1487.83871,1,1487.83871
2023,5,경기,화물,1487.83871,1,1487.83871
2023,6,경기,화물,1487.83871,1,1487.83871
2023,7,경기,화물,1487.83871,1,1487.83871
2023,8,경기,화물,1487.83871,1,1487.83871
2023,9,경기,화물,1487.83871,1,1487.83871
2023,10,경기,화물,1487.83871,1,1487.83871
2023,11,경기,화물,1487.83871,1,1487.83871
2023,12,경기,화물,1487.83871,1,1487.83871
2023,1,경남,승용,1325.277778,0,0
2023,2,경남,승용,1325.277778,0.928571429,1230.615079
2023,3,경남,승용,1325.277778,1,1325.277778
2023,4,경남,승용,1325.277778,1,1325.277778
2023,5,경남,승용,1325.277778,1,1325.277778
2023,6,경남,승용,1325.277778,1,1325.277778
2023,7,경남,승용,1325.277778,1,1325.277778
2023,8,경남,승용,1325.277778,1,1325.277778
2023,9,경남,승용,1325.277778,1,1325.277778
2023,10,경남,승용,1325.277778,1,1325.277778
2023,11,경남,승용,1325.277778,1,1325.277778
2023,12,경남,승용,1325.277778,1,1325.277778
2023,1,경남,화물,1527.277778,0,0
2023,2,경남,화물,1527.277778,0.928571429,1418.186508
2023,3,경남,화물,1527.277778,1,1527.277778
2023,4,경남,화물,1527.277778,1,1527.277778
2023,5,경남,화물,1527.277778,1,1527.277778
2023,6,경남,화물,1527.277778,1,1527.277778
2023,7,경남,화물,1527.277778,1,1527.277778
2023,8,경남,화물,1527.277778,1,1527.277778
2023,9,경남,화물,1527.277778,1,1527.277778
2023,10,경남,화물,1527.277778,1,1527.277778
2023,11,경남,화물,1527.277778,1,1527.277778
2023,12,경남,화물,1527.277778,1,1527.277778
2023,1,경북,승용,1301.73913,0,0
2023,2,경북,승용,1301.73913,0.928571429,1208.757764
2023,3,경북,승용,1301.73913,1,1301.73913
2023,4,경북,승용,1301.73913,1,1301.73913
2023,5,경북,승용,1301.73913,1,1301.73913
2023,6,경북,승용,1301.73913,1,1301.73913
2023,7,경북,승용,1301.73913,1,1301.73913
2023,8,경북,승용,1301.73913,1,1301.73913
2023,9,경북,승용,1301.73913,1,1301.73913
2023,10,경북,승용,1301.73913,1,1301.73913
2023,11,경북,승용,1301.73913,1,1301.73913
2023,12,경북,승용,1301.73913,1,1301.73913
2023,1,경북,화물,1467.666667,0,0
2023,2,경북,화물,1467.666667,0.928571429,1362.833333
2023,3,경북,화물,1467.666667,1,1467.666667
2023,4,경북,화물,1467.666667,1,1467.666667
2023,5,경북,화물,1467.666667,1,1467.666667
2023,6,경북,화물,1467.666667,1,1467.666667
2023,7,경북,화물,1467.666667,1,1467.666667
2023,8,경북,화물,1467.666667,1,1467.666667
2023,9,경북,화물,1467.666667,1,1467.666667
2023,10,경북,화물,1467.666667,1,1467.666667
2023,11,경북,화물,1467.666667,1,1467.666667
2023,12,경북,화물,1467.666667,1,1467.666667
2023,1,광주,승용,1070,0,0
2023,2,광주,승용,1070,0.928571429,993.5714286
2023,3,광주,승용,1070,1,1070
2023,4,광주,승용,1070,1,1070
2023,5,광주,승용,1070,1,1070
2023,6,광주,승용,1070,1,1070
2023,7,광주,승용,1070,1,1070
2023,8,광주,승용,1070,1,1070
2023,9,광주,승용,1070,1,1070
2023,10,광주,승용,1070,1,1070
2023,11,광주,승용,1070,1,1070
2023,12,광주,승용,1070,1,1070
2023,1,광주,화물,1281,0,0
2023,2,광주,화물,1281,0.928571429,1189.5
2023,3,광주,화물,1281,1,1281
2023,4,광주,화물,1281,1,1281
2023,5,광주,화물,1281,1,1281
2023,6,광주,화물,1281,1,1281
2023,7,광주,화물,1281,1,1281
2023,8,광주,화물,1281,1,1281
2023,9,광주,화물,1281,1,1281
2023,10,광주,화물,1281,1,1281
2023,11,광주,화물,1281,1,1281
2023,12,광주,화물,1281,1,1281
2023,1,대구,승용,1030,0,0
2023,2,대구,승용,1030,0.928571429,956.4285714
2023,3,대구,승용,1030,1,1030
2023,4,대구,승용,1030,1,1030
2023,5,대구,승용,1030,1,1030
2023,6,대구,승용,1030,1,1030
2023,7,대구,승용,1030,1,1030
2023,8,대구,승용,1030,1,1030
2023,9,대구,승용,1030,1,1030
2023,10,대구,승용,1030,1,1030
2023,11,대구,승용,1030,1,1030
2023,12,대구,승용,1030,1,1030
2023,1,대구,화물,1332,0,0
2023,2,대구,화물,1332,0.928571429,1236.857143
2023,3,대구,화물,1332,1,1332
2023,4,대구,화물,1332,1,1332
2023,5,대구,화물,1332,1,1332
2023,6,대구,화물,1332,1,1332
2023,7,대구,화물,1332,1,1332
2023,8,대구,화물,1332,1,1332
2023,9,대구,화물,1332,1,1332
2023,10,대구,화물,1332,1,1332
2023,11,대구,화물,1332,1,1332
2023,12,대구,화물,1332,1,1332
2023,1,대전,승용,1030,0,0
2023,2,대전,승용,1030,0.928571429,956.4285714
2023,3,대전,승용,1030,1,1030
2023,4,대전,승용,1030,1,1030
2023,5,대전,승용,1030,1,1030
2023,6,대전,승용,1030,1,1030
2023,7,대전,승용,1030,1,1030
2023,8,대전,승용,1030,1,1030
2023,9,대전,승용,1030,1,1030
2023,10,대전,승용,1030,1,1030
2023,11,대전,승용,1030,1,1030
2023,12,대전,승용,1030,1,1030
2023,1,대전,화물,1333.333333,0,0
2023,2,대전,화물,1333.333333,0.928571429,1238.095238
2023,3,대전,화물,1333.333333,1,1333.333333
2023,4,대전,화물,1333.333333,1,1333.333333
2023,5,대전,화물,1333.333333,1,1333.333333
2023,6,대전,화물,1333.333333,1,1333.333333
2023,7,대전,화물,1333.333333,1,1333.333333
2023,8,대전,화물,1333.333333,1,1333.333333
2023,9,대전,화물,1333.333333,1,1333.333333
2023,10,대전,화물,1333.333333,1,1333.333333
2023,11,대전,화물,1333.333333,1,1333.333333
2023,12,대전,화물,1333.333333,1,1333.333333
2023,1,부산,승용,980,0,0
2023,2,부산,승용,980,0.928571429,910
2023,3,부산,승용,980,1,980
2023,4,부산,승용,980,1,980
2023,5,부산,승용,980,1,980
2023,6,부산,승용,980,1,980
2023,7,부산,승용,980,1,980
2023,8,부산,승용,980,1,980
2023,9,부산,승용,980,1,980
2023,10,부산,승용,980,1,980
2023,11,부산,승용,980,1,980
2023,12,부산,승용,980,1,980
2023,1,부산,화물,1270,0,0
2023,2,부산,화물,1270,0.928571429,1179.285714
2023,3,부산,화물,1270,1,1270
2023,4,부산,화물,1270,1,1270
2023,5,부산,화물,1270,1,1270
2023,6,부산,화물,1270,1,1270
2023,7,부산,화물,1270,1,1270
2023,8,부산,화물,1270,1,1270
2023,9,부산,화물,1270,1,1270
2023,10,부산,화물,1270,1,1270
2023,11,부산,화물,1270,1,1270
2023,12,부산,화물,1270,1,1270
2023,1,서울,승용,860,0,0
2023,2,서울,승용,860,0.928571429,798.5714286
2023,3,서울,승용,860,1,860
2023,4,서울,승용,860,1,860
2023,5,서울,승용,860,1,860
2023,6,서울,승용,860,1,860
2023,7,서울,승용,860,1,860
2023,8,서울,승용,860,1,860
2023,9,서울,승용,860,1,860
2023,10,서울,승용,860,1,860
2023,11,서울,승용,860,1,860
2023,12,서울,승용,860,1,860
2023,1,서울,화물,1343.666667,0,0
2023,2,서울,화물,1343.666667,0.928571429,1247.690476
2023,3,서울,화물,1343.666667,1,1343.666667
2023,4,서울,화물,1343.666667,1,1343.666667
2023,5,서울,화물,1343.666667,1,1343.666667
2023,6,서울,화물,1343.666667,1,1343.666667
2023,7,서울,화물,1343.666667,1,1343.666667
2023,8,서울,화물,1343.666667,1,1343.666667
2023,9,서울,화물,1343.666667,1,1343.666667
2023,10,서울,화물,1343.666667,1,1343.666667
2023,11,서울,화물,1343.666667,1,1343.666667
2023,12,서울,화물,1343.666667,1,1343.666667
2023,1,세종,승용,1080,0,0
2023,2,세종,승용,1080,0.928571429,1002.857143
2023,3,세종,승용,1080,1,1080
2023,4,세종,승용,1080,1,1080
2023,5,세종,승용,1080,1,1080
2023,6,세종,승용,1080,1,1080
2023,7,세종,승용,1080,1,1080
2023,8,세종,승용,1080,1,1080
2023,9,세종,승용,1080,1,1080
2023,10,세종,승용,1080,1,1080
2023,11,세종,승용,1080,1,1080
2023,12,세종,승용,1080,1,1080
2023,1,세종,화물,1270,0,0
2023,2,세종,화물,1270,0.928571429,1179.285714
2023,3,세종,화물,1270,1,1270
2023,4,세종,화물,1270,1,1270
2023,5,세종,화물,1270,1,1270
2023,6,세종,화물,1270,1,1270
2023,7,세종,화물,1270,1,1270
2023,8,세종,화물,1270,1,1270
2023,9,세종,화물,1270,1,1270
2023,10,세종,화물,1270,1,1270
2023,11,세종,화물,1270,1,1270
2023,12,세종,화물,1270,1,1270
2023,1,울산,승용,1020,0,0
2023,2,울산,승용,1020,0.928571429,947.1428571
2023,3,울산,승용,1020,1,1020
2023,4,울산,승용,1020,1,1020
2023,5,울산,승용,1020,1,1020
2023,6,울산,승용,1020,1,1020
2023,7,울산,승용,1020,1,1020
2023,8,울산,승용,1020,1,1020
2023,9,울산,승용,1020,1,1020
2023,10,울산,승용,1020,1,1020
2023,11,울산,승용,1020,1,1020
2023,12,울산,승용,1020,1,1020
2023,1,울산,화물,1261,0,0
2023,2,울산,화물,1261,0.928571429,1170.928571
2023,3,울산,화물,1261,1,1261
2023,4,울산,화물,1261,1,1261
2023,5,울산,화물,1261,1,1261
2023,6,울산,화물,1261,1,1261
2023,7,울산,화물,1261,1,1261
2023,8,울산,화물,1261,1,1261
2023,9,울산,화물,1261,1,1261
2023,10,울산,화물,1261,1,1261
2023,11,울산,화물,1261,1,1261
2023,12,울산,화물,1261,1,1261
2023,1,인천,승용,1030,0,0
2023,2,인천,승용,1030,0.928571429,956.4285714
2023,3,인천,승용,1030,1,1030
2023,4,인천,승용,1030,1,1030
2023,5,인천,승용,1030,1,1030
2023,6,인천,승용,1030,1,1030
2023,7,인천,승용,1030,1,1030
2023,8,인천,승용,1030,1,1030
2023,9,인천,승용,1030,1,1030
2023,10,인천,승용,1030,1,1030
2023,11,인천,승용,1030,1,1030
2023,12,인천,승용,1030,1,1030
2023,1,인천,화물,1455,0,0
2023,2,인천,화물,1455,0.928571429,1351.071429
2023,3,인천,화물,1455,1,1455
2023,4,인천,화물,1455,1,1455
2023,5,인천,화물,1455,1,1455
2023,6,인천,화물,1455,1,1455
2023,7,인천,화물,1455,1,1455
2023,8,인천,화물,1455,1,1455
2023,9,인천,화물,1455,1,1455
2023,10,인천,화물,1455,1,1455
2023,11,인천,화물,1455,1,1455
2023,12,인천,화물,1455,1,1455
2023,1,전남,승용,1455,0,0
2023,2,전남,승용,1455,0.928571429,1351.071429
2023,3,전남,승용,1455,1,1455
2023,4,전남,승용,1455,1,1455
2023,5,전남,승용,1455,1,1455
2023,6,전남,승용,1455,1,1455
2023,7,전남,승용,1455,1,1455
2023,8,전남,승용,1455,1,1455
2023,9,전남,승용,1455,1,1455
2023,10,전남,승용,1455,1,1455
2023,11,전남,승용,1455,1,1455
2023,12,전남,승용,1455,1,1455
2023,1,전남,화물,1570.636364,0,0
2023,2,전남,화물,1570.636364,0.928571429,1458.448052
2023,3,전남,화물,1570.636364,1,1570.636364
2023,4,전남,화물,1570.636364,1,1570.636364
2023,5,전남,화물,1570.636364,1,1570.636364
2023,6,전남,화물,1570.636364,1,1570.636364
2023,7,전남,화물,1570.636364,1,1570.636364
2023,8,전남,화물,1570.636364,1,1570.636364
2023,9,전남,화물,1570.636364,1,1570.636364
2023,10,전남,화물,1570.636364,1,1570.636364
2023,11,전남,화물,1570.636364,1,1570.636364
2023,12,전남,화물,1570.636364,1,1570.636364
2023,1,전북,승용,1380,0,0
2023,2,전북,승용,1380,0.928571429,1281.428571
2023,3,전북,승용,1380,1,1380
2023,4,전북,승용,1380,1,1380
2023,5,전북,승용,1380,1,1380
2023,6,전북,승용,1380,1,1380
2023,7,전북,승용,1380,1,1380
2023,8,전북,승용,1380,1,1380
2023,9,전북,승용,1380,1,1380
2023,10,전북,승용,1380,1,1380
2023,11,전북,승용,1380,1,1380
2023,12,전북,승용,1380,1,1380
2023,1,전북,화물,1494.214286,0,0
2023,2,전북,화물,1494.214286,0.928571429,1387.484694
2023,3,전북,화물,1494.214286,1,1494.214286
2023,4,전북,화물,1494.214286,1,1494.214286
2023,5,전북,화물,1494.214286,1,1494.214286
2023,6,전북,화물,1494.214286,1,1494.214286
2023,7,전북,화물,1494.214286,1,1494.214286
2023,8,전북,화물,1494.214286,1,1494.214286
2023,9,전북,화물,1494.214286,1,1494.214286
2023,10,전북,화물,1494.214286,1,1494.214286
2023,11,전북,화물,1494.214286,1,1494.214286
2023,12,전북,화물,1494.214286,1,1494.214286
2023,1,제주,승용,1080,0,0
2023,2,제주,승용,1080,0.928571429,1002.857143
2023,3,제주,승용,1080,1,1080
2023,4,제주,승용,1080,1,1080
2023,5,제주,승용,1080,1,1080
2023,6,제주,승용,1080,1,1080
2023,7,제주,승용,1080,1,1080
2023,8,제주,승용,1080,1,1080
2023,9,제주,승용,1080,1,1080
2023,10,제주,승용,1080,1,1080
2023,11,제주,승용,1080,1,1080
2023,12,제주,승용,1080,1,1080
2023,1,제주,화물,1472.666667,0,0
2023,2,제주,화물,1472.666667,0.928571429,1367.47619
2023,3,제주,화물,1472.666667,1,1472.666667
2023,4,제주,화물,1472.666667,1,1472.666667
2023,5,제주,화물,1472.666667,1,1472.666667
2023,6,제주,화물,1472.666667,1,1472.666667
2023,7,제주,화물,1472.666667,1,1472.666667
2023,8,제주,화물,1472.666667,1,1472.666667
2023,9,제주,화물,1472.666667,1,1472.666667
2023,10,제주,화물,1472.666667,1,1472.666667
2023,11,제주,화물,1472.666667,1,1472.666667
2023,12,제주,화물,1472.666667,1,1472.666667
2023,1,충남,승용,1380,0,0
2023,2,충남,승용,1380,0.928571429,1281.428571
2023,3,충남,승용,1380,1,1380
2023,4,충남,승용,1380,1,1380
2023,5,충남,승용,1380,1,1380
2023,6,충남,승용,1380,1,1380
2023,7,충남,승용,1380,1,1380
2023,8,충남,승용,1380,1,1380
2023,9,충남,승용,1380,1,1380
2023,10,충남,승용,1380,1,1380
2023,11,충남,승용,1380,1,1380
2023,12,충남,승용,1380,1,1380
2023,1,충남,화물,1667.688889,0,0
2023,2,충남,화물,1667.688889,0.928571429,1548.568254
2023,3,충남,화물,1667.688889,1,1667.688889
2023,4,충남,화물,1667.688889,1,1667.688889
2023,5,충남,화물,1667.688889,1,1667.688889
2023,6,충남,화물,1667.688889,1,1667.688889
2023,7,충남,화물,1667.688889,1,1667.688889
2023,8,충남,화물,1667.688889,1,1667.688889
2023,9,충남,화물,1667.688889,1,1667.688889
2023,10,충남,화물,1667.688889,1,1667.688889
2023,11,충남,화물,1667.688889,1,1667.688889
2023,12,충남,화물,1667.688889,1,1667.688889
2023,1,충북,승용,1360,0,0
2023,2,충북,승용,1360,0.928571429,1262.857143
2023,3,충북,승용,1360,1,1360
2023,4,충북,승용,1360,1,1360
2023,5,충북,승용,1360,1,1360
2023,6,충북,승용,1360,1,1360
2023,7,충북,승용,1360,1,1360
2023,8,충북,승용,1360,1,1360
2023,9,충북,승용,1360,1,1360
2023,10,충북,승용,1360,1,1360
2023,11,충북,승용,1360,1,1360
2023,12,충북,승용,1360,1,1360
2023,1,충북,화물,1491.060606,0,0
2023,2,충북,화물,1491.060606,0.928571429,1384.556277
2023,3,충북,화물,1491.060606,1,1491.060606
2023,4,충북,화물,1491.060606,1,1491.060606
2023,5,충북,화물,1491.060606,1,1491.060606
2023,6,충북,화물,1491.060606,1,1491.060606
2023,7,충북,화물,1491.060606,1,1491.060606
2023,8,충북,화물,1491.060606,1,1491.060606
2023,9,충북,화물,1491.060606,1,1491.060606
2023,10,충북,화물,1491.060606,1,1491.060606
2023,11,충북,화물,1491.060606,1,1491.060606
2023,12,충북,화물,1491.060606,1,1491.060606
2024,1,강원,승용,938,0,0
2024,2,강원,승용,938,0.827586207,776.2758621
2024,3,강원,승용,938,1,938
2024,4,강원,승용,938,1,938
2024,5,강원,승용,938,1,938
2024,6,강원,승용,938,1,938
2024,7,강원,승용,938,1,938
2024,8,강원,승용,938,1,938
2024,9,강원,승용,938,1,938
2024,10,강원,승용,938,1,938
2024,11,강원,승용,938,1,938
2024,12,강원,승용,938,1,938
2024,1,강원,화물,1504.407407,0,0
2024,2,강원,화물,1504.407407,0.827586207,1245.02682
2024,3,강원,화물,1504.407407,1,1504.407407
2024,4,강원,화물,1504.407407,1,1504.407407
2024,5,강원,화물,1504.407407,1,1504.407407
2024,6,강원,화물,1504.407407,1,1504.407407
2024,7,강원,화물,1504.407407,1,1504.407407
2024,8,강원,화물,1504.407407,1,1504.407407
2024,9,강원,화물,1504.407407,1,1504.407407
2024,10,강원,화물,1504.407407,1,1504.407407
2024,11,강원,화물,1504.407407,1,1504.407407
2024,12,강원,화물,1504.407407,1,1504.407407
2024,1,경기,승용,967.9032258,0,0
2024,2,경기,승용,967.9032258,0.827586207,801.0233593
2024,3,경기,승용,967.9032258,1,967.9032258
2024,4,경기,승용,967.9032258,1,967.9032258
2024,5,경기,승용,967.9032258,1,967.9032258
2024,6,경기,승용,967.9032258,1,967.9032258
2024,7,경기,승용,967.9032258,1,967.9032258
2024,8,경기,승용,967.9032258,1,967.9032258
2024,9,경기,승용,967.9032258,1,967.9032258
2024,10,경기,승용,967.9032258,1,967.9032258
2024,11,경기,승용,967.9032258,1,967.9032258
2024,12,경기,승용,967.9032258,1,967.9032258
2024,1,경기,화물,1357.247312,0,0
2024,2,경기,화물,1357.247312,0.827586207,1123.239155
2024,3,경기,화물,1357.247312,1,1357.247312
2024,4,경기,화물,1357.247312,1,1357.247312
2024,5,경기,화물,1357.247312,1,1357.247312
2024,6,경기,화물,1357.247312,1,1357.247312
2024,7,경기,화물,1357.247312,1,1357.247312
2024,8,경기,화물,1357.247312,1,1357.247312
2024,9,경기,화물,1357.247312,1,1357.247312
2024,10,경기,화물,1357.247312,1,1357.247312
2024,11,경기,화물,1357.247312,1,1357.247312
2024,12,경기,화물,1357.247312,1,1357.247312
2024,1,경남,승용,1298.888889,0,0
2024,2,경남,승용,1298.888889,0.827586207,1074.942529
2024,3,경남,승용,1298.888889,1,1298.888889
2024,4,경남,승용,1298.888889,1,1298.888889
2024,5,경남,승용,1298.888889,1,1298.888889
2024,6,경남,승용,1298.888889,1,1298.888889
2024,7,경남,승용,1298.888889,1,1298.888889
2024,8,경남,승용,1298.888889,1,1298.888889
2024,9,경남,승용,1298.888889,1,1298.888889
2024,10,경남,승용,1298.888889,1,1298.888889
2024,11,경남,승용,1298.888889,1,1298.888889
2024,12,경남,승용,1298.888889,1,1298.888889
2024,1,경남,화물,1300.851852,0,0
2024,2,경남,화물,1300.851852,0.827586207,1076.56705
2024,3,경남,화물,1300.851852,1,1300.851852
2024,4,경남,화물,1300.851852,1,1300.851852
2024,5,경남,화물,1300.851852,1,1300.851852
2024,6,경남,화물,1300.851852,1,1300.851852
2024,7,경남,화물,1300.851852,1,1300.851852
2024,8,경남,화물,1300.851852,1,1300.851852
2024,9,경남,화물,1300.851852,1,1300.851852
2024,10,경남,화물,1300.851852,1,1300.851852
2024,11,경남,화물,1300.851852,1,1300.851852
2024,12,경남,화물,1300.851852,1,1300.851852
2024,1,경북,승용,1273.090909,0,0
2024,2,경북,승용,1273.090909,0.827586207,1053.592476
2024,3,경북,승용,1273.090909,1,1273.090909
2024,4,경북,승용,1273.090909,1,1273.090909
2024,5,경북,승용,1273.090909,1,1273.090909
2024,6,경북,승용,1273.090909,1,1273.090909
2024,7,경북,승용,1273.090909,1,1273.090909
2024,8,경북,승용,1273.090909,1,1273.090909
2024,9,경북,승용,1273.090909,1,1273.090909
2024,10,경북,승용,1273.090909,1,1273.090909
2024,11,경북,승용,1273.090909,1,1273.090909
2024,12,경북,승용,1273.090909,1,1273.090909
2024,1,경북,화물,1434.833333,0,0
2024,2,경북,화물,1434.833333,0.827586207,1187.448276
2024,3,경북,화물,1434.833333,1,1434.833333
2024,4,경북,화물,1434.833333,1,1434.833333
2024,5,경북,화물,1434.833333,1,1434.833333
2024,6,경북,화물,1434.833333,1,1434.833333
2024,7,경북,화물,1434.833333,1,1434.833333
2024,8,경북,화물,1434.833333,1,1434.833333
2024,9,경북,화물,1434.833333,1,1434.833333
2024,10,경북,화물,1434.833333,1,1434.833333
2024,11,경북,화물,1434.833333,1,1434.833333
2024,12,경북,화물,1434.833333,1,1434.833333
2024,1,광주,승용,1020,0,0
2024,2,광주,승용,1020,0.827586207,844.137931
2024,3,광주,승용,1020,1,1020
2024,4,광주,승용,1020,1,1020
2024,5,광주,승용,1020,1,1020
2024,6,광주,승용,1020,1,1020
2024,7,광주,승용,1020,1,1020
2024,8,광주,승용,1020,1,1020
2024,9,광주,승용,1020,1,1020
2024,10,광주,승용,1020,1,1020
2024,11,광주,승용,1020,1,1020
2024,12,광주,승용,1020,1,1020
2024,1,광주,화물,1157,0,0
2024,2,광주,화물,1157,0.827586207,957.5172414
2024,3,광주,화물,1157,1,1157
2024,4,광주,화물,1157,1,1157
2024,5,광주,화물,1157,1,1157
2024,6,광주,화물,1157,1,1157
2024,7,광주,화물,1157,1,1157
2024,8,광주,화물,1157,1,1157
2024,9,광주,화물,1157,1,1157
2024,10,광주,화물,1157,1,1157
2024,11,광주,화물,1157,1,1157
2024,12,광주,화물,1157,1,1157
2024,1,대구,승용,950,0,0
2024,2,대구,승용,950,0.827586207,786.2068966
2024,3,대구,승용,950,1,950
2024,4,대구,승용,950,1,950
2024,5,대구,승용,950,1,950
2024,6,대구,승용,950,1,950
2024,7,대구,승용,950,1,950
2024,8,대구,승용,950,1,950
2024,9,대구,승용,950,1,950
2024,10,대구,승용,950,1,950
2024,11,대구,승용,950,1,950
2024,12,대구,승용,950,1,950
2024,1,대구,화물,1218,0,0
2024,2,대구,화물,1218,0.827586207,1008
2024,3,대구,화물,1218,1,1218
2024,4,대구,화물,1218,1,1218
2024,5,대구,화물,1218,1,1218
2024,6,대구,화물,1218,1,1218
2024,7,대구,화물,1218,1,1218
2024,8,대구,화물,1218,1,1218
2024,9,대구,화물,1218,1,1218
2024,10,대구,화물,1218,1,1218
2024,11,대구,화물,1218,1,1218
2024,12,대구,화물,1218,1,1218
2024,1,대전,승용,950,0,0
2024,2,대전,승용,950,0.827586207,786.2068966
2024,3,대전,승용,950,1,950
2024,4,대전,승용,950,1,950
2024,5,대전,승용,950,1,950
2024,6,대전,승용,950,1,950
2024,7,대전,승용,950,1,950
2024,8,대전,승용,950,1,950
2024,9,대전,승용,950,1,950
2024,10,대전,승용,950,1,950
2024,11,대전,승용,950,1,950
2024,12,대전,승용,950,1,950
2024,1,대전,화물,1204,0,0
2024,2,대전,화물,1204,0.827586207,996.4137931
2024,3,대전,화물,1204,1,1204
2024,4,대전,화물,1204,1,1204
2024,5,대전,화물,1204,1,1204
2024,6,대전,화물,1204,1,1204
2024,7,대전,화물,1204,1,1204
2024,8,대전,화물,1204,1,1204
2024,9,대전,화물,1204,1,1204
2024,10,대전,화물,1204,1,1204
2024,11,대전,화물,1204,1,1204
2024,12,대전,화물,1204,1,1204
2024,1,부산,승용,950,0,0
2024,2,부산,승용,950,0.827586207,786.2068966
2024,3,부산,승용,950,1,950
2024,4,부산,승용,950,1,950
2024,5,부산,승용,950,1,950
2024,6,부산,승용,950,1,950
2024,7,부산,승용,950,1,950
2024,8,부산,승용,950,1,950
2024,9,부산,승용,950,1,950
2024,10,부산,승용,950,1,950
2024,11,부산,승용,950,1,950
2024,12,부산,승용,950,1,950
2024,1,부산,화물,1144.666667,0,0
2024,2,부산,화물,1144.666667,0.827586207,947.3103448
2024,3,부산,화물,1144.666667,1,1144.666667
2024,4,부산,화물,1144.666667,1,1144.666667
2024,5,부산,화물,1144.666667,1,1144.666667
2024,6,부산,화물,1144.666667,1,1144.666667
2024,7,부산,화물,1144.666667,1,1144.666667
2024,8,부산,화물,1144.666667,1,1144.666667
2024,9,부산,화물,1144.666667,1,1144.666667
2024,10,부산,화물,1144.666667,1,1144.666667
2024,11,부산,화물,1144.666667,1,1144.666667
2024,12,부산,화물,1144.666667,1,1144.666667
2024,1,서울,승용,800,0,0
2024,2,서울,승용,800,0.827586207,662.0689655
2024,3,서울,승용,800,1,800
2024,4,서울,승용,800,1,800
2024,5,서울,승용,800,1,800
2024,6,서울,승용,800,1,800
2024,7,서울,승용,800,1,800
2024,8,서울,승용,800,1,800
2024,9,서울,승용,800,1,800
2024,10,서울,승용,800,1,800
2024,11,서울,승용,800,1,800
2024,12,서울,승용,800,1,800
2024,1,서울,화물,1275,0,0
2024,2,서울,화물,1275,0.827586207,1055.172414
2024,3,서울,화물,1275,1,1275
2024,4,서울,화물,1275,1,1275
2024,5,서울,화물,1275,1,1275
2024,6,서울,화물,1275,1,1275
2024,7,서울,화물,1275,1,1275
2024,8,서울,화물,1275,1,1275
2024,9,서울,화물,1275,1,1275
2024,10,서울,화물,1275,1,1275
2024,11,서울,화물,1275,1,1275
2024,12,서울,화물,1275,1,1275
2024,1,세종,승용,900,0,0
2024,2,세종,승용,900,0.827586207,744.8275862
2024,3,세종,승용,900,1,900
2024,4,세종,승용,900,1,900
2024,5,세종,승용,900,1,900
2024,6,세종,승용,900,1,900
2024,7,세종,승용,900,1,900
2024,8,세종,승용,900,1,900
2024,9,세종,승용,900,1,900
2024,10,세종,승용,900,1,900
2024,11,세종,승용,900,1,900
2024,12,세종,승용,900,1,900
2024,1,세종,화물,1136.333333,0,0
2024,2,세종,화물,1136.333333,0.827586207,940.4137931
2024,3,세종,화물,1136.333333,1,1136.333333
2024,4,세종,화물,1136.333333,1,1136.333333
2024,5,세종,화물,1136.333333,1,1136.333333
2024,6,세종,화물,1136.333333,1,1136.333333
2024,7,세종,화물,1136.333333,1,1136.333333
2024,8,세종,화물,1136.333333,1,1136.333333
2024,9,세종,화물,1136.333333,1,1136.333333
2024,10,세종,화물,1136.333333,1,1136.333333
2024,11,세종,화물,1136.333333,1,1136.333333
2024,12,세종,화물,1136.333333,1,1136.333333
2024,1,울산,승용,975,0,0
2024,2,울산,승용,975,0.827586207,806.8965517
2024,3,울산,승용,975,1,975
2024,4,울산,승용,975,1,975
2024,5,울산,승용,975,1,975
2024,6,울산,승용,975,1,975
2024,7,울산,승용,975,1,975
2024,8,울산,승용,975,1,975
2024,9,울산,승용,975,1,975
2024,10,울산,승용,975,1,975
2024,11,울산,승용,975,1,975
2024,12,울산,승용,975,1,975
2024,1,울산,화물,1143,0,0
2024,2,울산,화물,1143,0.827586207,945.9310345
2024,3,울산,화물,1143,1,1143
2024,4,울산,화물,1143,1,1143
2024,5,울산,화물,1143,1,1143
2024,6,울산,화물,1143,1,1143
2024,7,울산,화물,1143,1,1143
2024,8,울산,화물,1143,1,1143
2024,9,울산,화물,1143,1,1143
2024,10,울산,화물,1143,1,1143
2024,11,울산,화물,1143,1,1143
2024,12,울산,화물,1143,1,1143
2024,1,인천,승용,950,0,0
2024,2,인천,승용,950,0.827586207,786.2068966
2024,3,인천,승용,950,1,950
2024,4,인천,승용,950,1,950
2024,5,인천,승용,950,1,950
2024,6,인천,승용,950,1,950
2024,7,인천,승용,950,1,950
2024,8,인천,승용,950,1,950
2024,9,인천,승용,950,1,950
2024,10,인천,승용,950,1,950
2024,11,인천,승용,950,1,950
2024,12,인천,승용,950,1,950
2024,1,인천,화물,1290,0,0
2024,2,인천,화물,1290,0.827586207,1067.586207
2024,3,인천,화물,1290,1,1290
2024,4,인천,화물,1290,1,1290
2024,5,인천,화물,1290,1,1290
2024,6,인천,화물,1290,1,1290
2024,7,인천,화물,1290,1,1290
2024,8,인천,화물,1290,1,1290
2024,9,인천,화물,1290,1,1290
2024,10,인천,화물,1290,1,1290
2024,11,인천,화물,1290,1,1290
2024,12,인천,화물,1290,1,1290
2024,1,전남,승용,1378.181818,0,0
2024,2,전남,승용,1378.181818,0.827586207,1140.564263
2024,3,전남,승용,1378.181818,1,1378.181818
2024,4,전남,승용,1378.181818,1,1378.181818
2024,5,전남,승용,1378.181818,1,1378.181818
2024,6,전남,승용,1378.181818,1,1378.181818
2024,7,전남,승용,1378.181818,1,1378.181818
2024,8,전남,승용,1378.181818,1,1378.181818
2024,9,전남,승용,1378.181818,1,1378.181818
2024,10,전남,승용,1378.181818,1,1378.181818
2024,11,전남,승용,1378.181818,1,1378.181818
2024,12,전남,승용,1378.181818,1,1378.181818
2024,1,전남,화물,1429.909091,0,0
2024,2,전남,화물,1429.909091,0.827586207,1183.373041
2024,3,전남,화물,1429.909091,1,1429.909091
2024,4,전남,화물,1429.909091,1,1429.909091
2024,5,전남,화물,1429.909091,1,1429.909091
2024,6,전남,화물,1429.909091,1,1429.909091
2024,7,전남,화물,1429.909091,1,1429.909091
2024,8,전남,화물,1429.909091,1,1429.909091
2024,9,전남,화물,1429.909091,1,1429.909091
2024,10,전남,화물,1429.909091,1,1429.909091
2024,11,전남,화물,1429.909091,1,1429.909091
2024,12,전남,화물,1429.909091,1,1429.909091
2024,1,전북,승용,1350,0,0
2024,2,전북,승용,1350,0.827586207,1117.241379
2024,3,전북,승용,1350,1,1350
2024,4,전북,승용,1350,1,1350
2024,5,전북,승용,1350,1,1350
2024,6,전북,승용,1350,1,1350
2024,7,전북,승용,1350,1,1350
2024,8,전북,승용,1350,1,1350
2024,9,전북,승용,1350,1,1350
2024,10,전북,승용,1350,1,1350
2024,11,전북,승용,1350,1,1350
2024,12,전북,승용,1350,1,1350
2024,1,전북,화물,1434,0,0
2024,2,전북,화물,1434,0.827586207,1186.758621
2024,3,전북,화물,1434,1,1434
2024,4,전북,화물,1434,1,1434
2024,5,전북,화물,1434,1,1434
2024,6,전북,화물,1434,1,1434
2024,7,전북,화물,1434,1,1434
2024,8,전북,화물,1434,1,1434
2024,9,전북,화물,1434,1,1434
2024,10,전북,화물,1434,1,1434
2024,11,전북,화물,1434,1,1434
2024,12,전북,화물,1434,1,1434
2024,1,제주,승용,1050,0,0
2024,2,제주,승용,1050,0.827586207,868.9655172
2024,3,제주,승용,1050,1,1050
2024,4,제주,승용,1050,1,1050
2024,5,제주,승용,1050,1,1050
2024,6,제주,승용,1050,1,1050
2024,7,제주,승용,1050,1,1050
2024,8,제주,승용,1050,1,1050
2024,9,제주,승용,1050,1,1050
2024,10,제주,승용,1050,1,1050
2024,11,제주,승용,1050,1,1050
2024,12,제주,승용,1050,1,1050
2024,1,제주,화물,1396.333333,0,0
2024,2,제주,화물,1396.333333,0.827586207,1155.586207
2024,3,제주,화물,1396.333333,1,1396.333333
2024,4,제주,화물,1396.333333,1,1396.333333
2024,5,제주,화물,1396.333333,1,1396.333333
2024,6,제주,화물,1396.333333,1,1396.333333
2024,7,제주,화물,1396.333333,1,1396.333333
2024,8,제주,화물,1396.333333,1,1396.333333
2024,9,제주,화물,1396.333333,1,1396.333333
2024,10,제주,화물,1396.333333,1,1396.333333
2024,11,제주,화물,1396.333333,1,1396.333333
2024,12,제주,화물,1396.333333,1,1396.333333
2024,1,충남,승용,1350,0,0
2024,2,충남,승용,1350,0.827586207,1117.241379
2024,3,충남,승용,1350,1,1350
2024,4,충남,승용,1350,1,1350
2024,5,충남,승용,1350,1,1350
2024,6,충남,승용,1350,1,1350
2024,7,충남,승용,1350,1,1350
2024,8,충남,승용,1350,1,1350
2024,9,충남,승용,1350,1,1350
2024,10,충남,승용,1350,1,1350
2024,11,충남,승용,1350,1,1350
2024,12,충남,승용,1350,1,1350
2024,1,충남,화물,1449.666667,0,0
2024,2,충남,화물,1449.666667,0.827586207,1199.724138
2024,3,충남,화물,1449.666667,1,1449.666667
2024,4,충남,화물,1449.666667,1,1449.666667
2024,5,충남,화물,1449.666667,1,1449.666667
2024,6,충남,화물,1449.666667,1,1449.666667
2024,7,충남,화물,1449.666667,1,1449.666667
2024,8,충남,화물,1449.666667,1,1449.666667
2024,9,충남,화물,1449.666667,1,1449.666667
2024,10,충남,화물,1449.666667,1,1449.666667
2024,11,충남,화물,1449.666667,1,1449.666667
2024,12,충남,화물,1449.666667,1,1449.666667
2024,1,충북,승용,1307.090909,0,0
2024,2,충북,승용,1307.090909,0.827586207,1081.730408
2024,3,충북,승용,1307.090909,1,1307.090909
2024,4,충북,승용,1307.090909,1,1307.090909
2024,5,충북,승용,1307.090909,1,1307.090909
2024,6,충북,승용,1307.090909,1,1307.090909
2024,7,충북,승용,1307.090909,1,1307.090909
2024,8,충북,승용,1307.090909,1,1307.090909
2024,9,충북,승용,1307.090909,1,1307.090909
2024,10,충북,승용,1307.090909,1,1307.090909
2024,11,충북,승용,1307.090909,1,1307.090909
2024,12,충북,승용,1307.090909,1,1307.090909
2024,1,충북,화물,1448.606061,0,0
2024,2,충북,화물,1448.606061,0.827586207,1198.846395
2024,3,충북,화물,1448.606061,1,1448.606061
2024,4,충북,화물,1448.606061,1,1448.606061
2024,5,충북,화물,1448.606061,1,1448.606061
2024,6,충북,화물,1448.606061,1,1448.606061
2024,7,충북,화물,1448.606061,1,1448.606061
2024,8,충북,화물,1448.606061,1,1448.606061
2024,9,충북,화물,1448.606061,1,1448.606061
2024,10,충북,화물,1448.606061,1,1448.606061
2024,11,충북,화물,1448.606061,1,1448.606061
2024,12,충북,화물,1448.606061,1,1448.606061
